"1","HEHE","7","SGDW 2",
"2","ACPL","1","SGDW 2","yes"
"3","Unknown 1","1","SGDW 2","yes"
"4","CEOR7","45","SGDW 1",
"5","TORA2","7","SGDW 1",
"6","HEHE","15","SGDW 1",
"7","LOJA","7","SGDW 1",
"8","ROMU","1","SGDW 1","yes"
"9","LOJA","24","SGDW 5",
"10","ROMU","21","SGDW 5",
"11","HEHE","7","SGDW 5",
"12","CEOR7","2","SGDW 5",
"13","OXST","1","SGDW 5",
"14","SAMA2","1","SGDW 5","yes"
"15","SOCA6","4","SGDW 5",
"16","FRPE","14","SGDW 7",
"17","LITU","2","SGDW 7",
"18","HEHE","3","SGDW 7",
"19","LOJA","10","SGDW 7",
"20","TORA2","1","SGDW 7",
"21","VIAC","5","SGDW 6",
"22","CEOR7","1","SGDW 6",
"23","FRPE","12","SGDW 6",
"24","VIDE","8","SGDW 6",
"25","FRAM2","22","SGDW 6",
"26","EUAM9","1","SGDW 6","yes"
"27","AMCA4","1","SGDW 6",
"28","ACRU","1","SGDW 6","yes"
"48","HEHE","20","SGDW 4",
"49","QUVE","2","SGDW 4",
"50","PAQU2","4","SGDW 4",
"51","LOJA","4","SGDW 4",
"52","PRSE2","1","SGDW 4","yes"
"53","FRPE","8","SGDW 4",
"54","Unknown 1","1","SGDW 4",
"55","CEOR7","1","SGDW 4","yes"
"56","Unknown 3","1","SGDW 4","yes"
"57","COFL2","20","SGDW 3",
"58","VIAC","13","SGDW 3",
"59","QUAL","1","SGDW 3","yes"
"60","LOJA","1","SGDW 3",
"61","FRPE","5","SGDW 3",
"62","VIAC","1","SGDW 3","yes"
"63","PRSE2","1","SGDW 8",
"64","HEHE","1","SGDW 8","yes"
"65","ACRU","1","SGDW 8","yes"
"66","LITU","1","SGDW 8","yes"
"67","TORA2","12","SGDW 12",
"68","HEHE","6","SGDW 12",
"70","HEHE","21","SGDW 9",
"71","FRAM2","2","SGDW 9",
"72","NYSY","6","SGDW 9",
"73","PAQU2","1","SGDW 9",
"74","CEOR7","28","SGDW 10",
"75","HEHE","7","SGDW 10",
"76","LOJA","4","SGDW 10",
"77","SOCA6","17","SGDW 10",
"78","DUIN2","3","SGDW 10",
"79","VIDE","2","SGDW 10",
"80","IPPU2","7","SGDW 10",
"81","ACNE2","2","SGDW 10",
"82","HEHE","21","SGDW 11",
"83","CEOR7","2","SGDW 11",
"84","VIDE","1","SGDW 11",
"85","LIBE3","3","SGDW 11",
"86","QUVE","1","SGDW 11",
"87","ARTR","2","SGDW 11",
"69","ROMU","2","SGDW 12",
"88","CLTE4","9","JH 4",
"89","DUIN2","2","JH 4",
"90","ALPE4","5","JH 4",
"91","ULRU","9","JH 4",
"92","MIVI","9","JH 4",
"93","VIMI2","2","JH 4",
"94","VIRI","9","JH 4",
"95","ASCA","5","JH 4",
"96","CEOR7","5","JH 4",
"97","RUBUS","3","JH 4",
"98","RUPH","25","JH 4",
"99","IPCA","10","JH 4",
"100","AGALA","5","JH 4",
"101","PRSE2","3","JH 1",
"102","VIMI2","2","JH 1",
"103","LOMA6","15","JH 3",
"104","DUIN2","20","JH 3",
"105","ALPE4","2","JH 3",
"106","CEOR7","3","JH 3",
"107","HEHE","10","JH 3",
"108","Moss","10","JH 3",
"109","GECA7","10","JH 3",
"110","PRSE2","5","JH 5",
"111","VIMI2","15","JH 5",
"112","PAQU2","5","JH 5",
"113","VIRI","15","JH 5",
"114","TAOF","5","JH 5",
"115","CEOR7","5","JH 5",
"116","SOLID","10","JH 5",
"117","FESU3","30","JH 5",
"118","JUNCU","5","JH 5",
"119","LOMA6","14","JH 6",
"120","VIMI2","14","JH 6",
"121","LOJA","10","JH 6",
"122","DUIN2","5","JH 6",
"123","FRAXI","5","JH 6",
"124","PRSE2","5","JH 6",
"125","TAOF","1","JH 6","yes"
"126","VIRI","1","JH 6","yes"
"127","HEHE","5","JH 6",
"128","VIMI2","25","JH 7",
"129","DUIN2","35","JH 7",
"130","LOJA","5","JH 7",
"131","LIBE3","5","JH 7",
"132","VIMI2","85","JH 8",
"133","PAQU2","5","JH 8",
"134","TORA2","5","JH 8",
"135","LIBE3","5","JH 8",
"136","VIMI2","85","JH 9",
"137","DUIN2","3","JH 9",
"138","LOJA","2","JH 9",
"139","PAQU2","15","JH 10",
"140","VIMI2","15","JH 10",
"141","DUIN2","5","JH 10",
"142","ASCA","5","JH 10",
"143","LOJA","5","JH 10",
"144","LOMA6","10","JH 10",
"145","CLTE4","3","JH 10",
"146","RUPH","5","JH 10",
"147","GLHE2","7","JH 10",
"148","TORA2","1","JH 10","yes"
"149","CEOR7","1","JH 10","yes"
"150","VIRI","5","JH 10",
"151","ASCA","5","JH 11",
"152","HEHE","3","JH 11",
"153","PAQU2","5","JH 11",
"154","VIRI","4","JH 11",
"155","CEOR7","5","JH 11",
"156","LOJA","2","JH 11",
"157","MOAL","1","JH 11",
"158","CLTE4","5","JH 12",
"159","ROMU","20","JH 12",
"160","ASCA","10","JH 12",
"161","VIMI2","5","JH 12",
"162","DUIN2","4","JH 12",
"163","LOMA6","50","JH 12",
"164","TAOF","1","JH 12",
"165","VIRI","5","JH 12",
"166","HEHE","50","JH 13",
"167","LOMA6","3","JH 13",
"168","VIRI","3","JH 13",
"169","CEOR7","1","JH 13","yes"
"170","ROMU","1","JH 13","yes"
"171","VIMI2","1","JH 13","yes"
"172","PRSE2","1","JH 13","yes"
"173","VIMI2","40","JH 14",
"174","TORA2","5","JH 14",
"175","PAQU2","10","JH 14",
"176","ROMU","3","JH 14",
"177","LOJA","2","JH 14",
"178","DUIN2","3","JH 14",
"179","CEOR7","5","JH 14",
"180","LIBE3","12","JH 14",
"181","VIMI2","90","JH 15",
"182","TORA2","2","JH 15",
"183","LOMA6","6","JH 15",
"184","HEMER","2","JH 15",
"185","PAQU2","10","W 1",
"186","VIRI","10","W 1",
"187","TORA2","15","W 1",
"188","LOJA","5","W 1",
"189","HEHE","20","W 1",
"190","WISI","50","W 2",
"191","SMILA2","20","W 2",
"192","HEHE","5","W 2",
"193","HEHE","60","W 3",
"194","ROMU","10","W 3",
"195","LOJA","5","W 3",
"196","TORA2","40","W 4",
"197","HEHE","20","W 4",
"198","SMILA2","10","W 4",
"199","LOJA","5","W 4",
"200","LITU","30","HEPP 7",
"201","QUAL","5","HEPP 7",
"202","ACRU","1","HEPP 7",
"203","PRSE2","2","HEPP 7",
"204","SMILA2","1","HEPP 7","yes"
"205","RUPE3","2","HEPP 7",
"206","FAGR","2","HEPP 3",
"207","PRSE2","1","HEPP 3","yes"
"208","SMILA2","20","HEPP 4",
"209","ACRU","4","HEPP 4",
"210","PRSE2","1","HEPP 4","yes"
"211","CALU5","1","HEPP 4","yes"
"212","SMILA2","10","HEPP 5",
"213","VIDE","20","HEPP 5",
"214","PRSE2","1","HEPP 6",
"215","ACRU","1","HEPP 8","yes"
"216","SMILA2","50","HEPP 9",
"217","ACRU","10","HEPP 9",
"218","PRSE2","1","HEPP 9",
"219","Moss","12","HEPP 9",
"220","AMARA5","2","HEPP 9",
"221","RUPE3","35","HEPP 10",
"222","SMILA2","25","HEPP 10",
"223","PRSE2","2","HEPP 10",
"224","NYSY","3","HEPP 10",
"225","ANVI2","3","HEPP 11",
"226","CALU5","42","HEPP 11",
"227","LOJA","3","HEPP 11",
"228","PRSE2","1","HEPP 11",
"229","VIDE","1","HEPP 11","yes"
"230","AMARA5","1","HEPP 11","yes"
"231","RUPE3","5","HEPP 12",
"232","MIVI","5","HEPP 12",
"233","PRSE2","5","HEPP 12",
"234","ACRU","10","HEPP 12",
"235","SMILA2","1","HEPP 12","yes"
"236","Carex sp.","1","HEPP 12","yes"
"237","NYSY","1","HEPP 13",
"238","LOJA","10","G 1",
"239","HEHE","15","G 1",
"240","PAQU2","5","G 1",
"241","VIRI","15","G 1",
"242","ALPE4","24","G 1",
"243","ALLIU","1","G 1",
"244","ROMU","5","G 1",
"245","VIRI","40","G 2",
"246","HEHE","15","G 2",
"247","PRSE2","1","G 2",
"248","HISY","4","G 2",
"249","ERAN","35","G 3",
"250","RUPH","5","G 3",
"251","HEHE","5","G 3",
"252","OXALI","2","G 3",
"253","ANVI2","3","G 3",
"254","RUAL","1","JHU 23",
"255","ROMU","1","JHU 24",
"256","CEOR7","1","JHU 25",
"257","HEHE","1","JHU 3",
"258","POLYG2","1","JHU 30",
"259","LITU","1","JHU 39",
"260","CEOR7","1","JHU 49",
"261","CEOR7","1","JHU 55",
"262","TORA2","1","JHU 55",
"263","LONIC","1","JHU 56",
"264","VISO","2","JHU 12",
"265","VISO","2","JHU 21",
"266","CHAEN6","2","JHU 22",
"267","PAQU2","2","JHU 28",
"268","AGALA","2","JHU 29",
"269","HEHE","2","JHU 32",
"270","HEHE","2","JHU 38",
"271","SASSA","2","JHU 42",
"272","TORA2","2","JHU 48",
"273","GECA7","2","JHU 50",
"274","AMBR7","2","JHU 53",
"275","CEOR7","2","JHU 53",
"276","PAQU2","2","JHU 55",
"277","Unidentified","2","JHU 61",
"278","PLMA2","3","JHU 14",
"279","EUFOR2","3","JHU 16",
"280","FRAXI","3","JHU 19",
"281","CECA4","3","JHU 19",
"282","HEHE","3","JHU 20",
"283","HEHE","3","JHU 23",
"284","ROPS","3","JHU 24",
"285","VIAC","3","JHU 26",
"286","LONIC","3","JHU 28",
"287","CEOR7","3","JHU 28",
"288","AGALA","3","JHU 42",
"289","BAMBU","3","JHU 45",
"290","AMBR7","3","JHU 55",
"291","VITIS","3","JHU 56",
"292","CEOR7","3","JHU 57",
"293","CEOR7","4","JHU 27",
"294","POCU6","4","JHU 39",
"295","LONIC","4","JHU 48",
"296","PLMA2","5","JHU 12",
"297","TORA2","5","JHU 16",
"298","Moss","5","JHU 18",
"299","ALPE4","5","JHU 19",
"300","CLTE4","5","JHU 23",
"301","LONIC","5","JHU 24",
"302","FRPE","5","JHU 24",
"303","TORA2","5","JHU 29",
"304","CEOR7","5","JHU 29",
"305","CEOR7","5","JHU 35",
"306","HEHE","5","JHU 36",
"307","SOAL6","5","JHU 40",
"308","CEOR7","5","JHU 45",
"309","Moss","5","JHU 48",
"310","LONIC","5","JHU 49",
"311","CLTE4","5","JHU 50",
"312","PRSE2","5","JHU 53",
"313","POVI2","5","JHU 54",
"314","LOMA6","5","JHU 55",
"315","Unidentified Herb","5","JHU 60",
"316","HEHE","6","JHU 19",
"317","VIAC","6","JHU 27",
"318","BRPA4","6","JHU 64",
"319","EUFOR2","7","JHU 2",
"320","PAQU2","7","JHU 49",
"321","POCU6","8","JHU 19",
"322","VAAN","8","JHU 23",
"323","HEHE","8","JHU 26",
"324","CLTE4","10","JHU 18",
"325","AMBR7","10","JHU 2",
"326","POCU6","10","JHU 21",
"327","TORA2","10","JHU 28",
"328","HEHE","10","JHU 30",
"329","AMBR7","10","JHU 47",
"330","LONIC","10","JHU 47",
"331","POVI2","10","JHU 48",
"332","LONIC","10","JHU 50",
"333","RUALA","10","JHU 56",
"334","AMBR7","12","JHU 49",
"335","ROMU","15","JHU 54",
"336","FRPE","15","JHU 54",
"337","HEHE","15","JHU 9",
"338","FAGR","17","JHU 48",
"339","Unidentified Herb","18","JHU 12",
"340","CEOR7","18","JHU 36",
"341","ULRU","20","JHU 10",
"342","VAAN","20","JHU 27",
"343","AMBR7","20","JHU 38",
"344","CEOR7","20","JHU 38",
"345","SOAL6","20","JHU 39",
"346","AIAL","20","JHU 4",
"347","HEHE","20","JHU 41",
"348","VIAC","20","JHU 42",
"349","COFL2","20","JHU 47",
"350","WISTE","20","JHU 48",
"351","HEHE","20","JHU 49",
"352","FRPE","20","JHU 53",
"353","RUPH","20","JHU 54",
"354","LONIC","20","JHU 64",
"355","Grass","20","JHU 64",
"356","AMBR7","20","JHU 7",
"357","TORA2","25","JHU 23",
"358","AMBR7","25","JHU 50",
"359","HEHE","25","JHU 50",
"360","ROMU","25","JHU 8",
"361","IMCA","28","JHU 2",
"362","HEHE","30","JHU 16",
"363","AMBR7","30","JHU 21",
"364","HEHE","30","JHU 24",
"365","FAGR","30","JHU 30",
"366","VIBUR","30","JHU 36",
"367","DAUCU","31","JHU 7",
"368","ROMU","33","JHU 50",
"369","LONIC","35","JHU 16",
"370","LONIC","35","JHU 36",
"371","LONIC","35","JHU 39",
"372","HEHE","35","JHU 53",
"373","HEHE","40","JHU 22",
"374","Unidentified Herb","40","JHU 39",
"375","CEOR7","40","JHU 44",
"376","POCU6","40","JHU 7",
"377","ACNE2","40","JHU 8",
"378","HEHE","45","JHU 13",
"379","PHAM4","45","JHU 21",
"380","TORA2","45","JHU 54",
"381","VIAC","45","JHU 60",
"382","HEHE","45","JHU 62",
"383","POCU6","45","JHU 64",
"384","FAGR","45","JHU 9",
"385","HEHE","50","JHU 28",
"386","FAGR","50","JHU 29",
"387","HEHE","50","JHU 33",
"388","HEHE","50","JHU 35",
"389","LONIC","50","JHU 41",
"390","HEHE","53","JHU 44",
"391","HEHE","55","JHU 2",
"392","HEHE","60","JHU 45",
"393","POCU6","60","JHU 46",
"394","WISTE","60","JHU 47",
"395","HEHE","60","JHU 52",
"396","HEHE","70","JHU 56",
"397","GLHE2","75","JHU 12",
"398","HEHE","75","JHU 55",
"399","AMBR7","80","JHU 10",
"400","Unidentified Herb","80","JHU 14",
"401","AMBR7","80","JHU 18",
"402","AMBR7","80","JHU 4",
"403","VITIS","90","JHU 57",
"404","HEHE","93","JHU 6",
"405","PHILA","95","JHU 20",
"406","EUFOR2","95","JHU 3",
"407","POCU6","95","JHU 40",
"408","POCU6","98","JHU 11",
"409","AMBR7","100","JHU 1",
"410","**LARGE PILE OF PLANT DEBRIS**","100","JHU 31",
"411","AMBR7","100","JHU 5",
"412","LITU","1","JHU 17","yes"
"413","VIDI80","1","JHU 20","yes"
"414","TORA2","1","JHU 20","yes"
"415","TORA2","1","JHU 22","yes"
"416","LONIC","1","JHU 22","yes"
"417","CARPI","1","JHU 22","yes"
"418","PRSE2","1","JHU 23","yes"
"419","Unidentified Herb","1","JHU 25","yes"
"420","QUERC","1","JHU 26","yes"
"421","HEHE","1","JHU 27","yes"
"422","PRSE2","1","JHU 27","yes"
"423","PRSE2","1","JHU 32","yes"
"424","AMBR7","1","JHU 35","yes"
"425","PRAV","1","JHU 41","yes"
"426","COAR4","1","JHU 42","yes"
"427","ACRU","1","JHU 42","yes"
"428","PRSE2","1","JHU 42","yes"
"429","ACPL","1","JHU 44","yes"
"430","ALPE4","1","JHU 46","yes"
"431","PRSE2","1","JHU 51","yes"
"432","ULRU","1","JHU 53","yes"
"433","LITU","1","JHU 58","yes"
"434","AMBR7","1","JHU 63","yes"
"435","ROMU","1","AH 10",
"436","ARTR","1","AH 10",
"437","CILU","1","AH 11",
"438","SMILA2 ","1","AH 11",
"439","SMILA2","1","AH 12",
"440","HEHE","1","AH 12",
"441","PAQU2","1","AH 12",
"442","GECA7","1","AH 13",
"443","ALPE4","1","AH 15",
"444","ROMU","1","AH 15",
"445","HEHE","1","AH 15",
"446","SMILA2","1","AH 16",
"447","LOJA","1","AH 2",
"448","COFL2","1","AH 2",
"449","RUBUS","1","AH 3",
"450","HEHE","1","AH 3",
"451","RUBUS","1","AH 4",
"452","PRSE2","1","AH 4",
"453","HEHE","1","AH 5",
"454","SMILA2","1","AH 6",
"455","FRPE","1","AH 9",
"456","AMBR7","1","AH 9",
"457","VIPR","2","AH 1",
"458","PAQU2","2","AH 1",
"459","TORA2","2","AH 11",
"460","LOJA","2","AH 11",
"461","AIAL","2","AH 14",
"462","GECA7","2","AH 15",
"463","LOJA","2","AH 15",
"464","ARTR","2","AH 16",
"465","LIBE3","2","AH 3",
"466","TORA2","2","AH 3",
"467","LIBE3","2","AH 5",
"468","FRPE","2","AH 6",
"469","Grass","2","AH 7",
"470","FRPE","2","AH 7",
"471","ROMU","2","AH 9",
"472","LIBE3","2","AH 9",
"473","LOJA","3","AH 10",
"474","PAQU2","3","AH 10",
"475","HEHE","3","AH 10",
"476","RUBUS","3","AH 13",
"477","FRPE","3","AH 14",
"478","CEOR7","3","AH 15",
"479","AMBR7","3","AH 16",
"480","EUAM9","3","AH 4",
"481","LOJA","3","AH 5",
"482","ARTR","3","AH 6",
"483","LOJA","3","AH 7",
"484","GECA7","3","AH 7",
"485","PAQU2","3","AH 8",
"486","LOJA","4","AH 1",
"487","CEOR7","4","AH 1",
"488","HEHE","4","AH 1",
"489","FRPE","4","AH 10",
"490","GECA7","4","AH 11",
"491","FRPE","4","AH 2",
"492","FRPE","4","AH 3",
"493","PAQU2","4","AH 3",
"494","LOJA","4","AH 3",
"495","PAQU2","4","AH 6",
"496","ROMU","4","AH 8",
"497","LIOB","4","AH 9",
"498","CEOR7","5","AH 12",
"499","HEHE","5","AH 16",
"500","FRPE","5","AH 17",
"501","LOJA","5","AH 4",
"502","CEOR7","5","AH 4",
"503","LOJA","6","AH 16",
"504","FRPE","6","AH 8",
"505","ARTR","6","AH 9",
"506","RUBUS","7","AH 5",
"507","CEOR7","8","AH 2",
"508","CEOR7","8","AH 3",
"509","SMILA2","12","AH 3",
"510","CEOR7","15","AH 13",
"511","FRAGA","15","AH 14",
"512","LIBE3","15","AH 16",
"513","CEOR7","15","AH 5",
"514","POPE10","25","AH 14",
"515","FRPE","30","AH 4",
"516","AMBR7","45","AH 14",
"517","TORA2","1","AH 1","yes"
"518","CACA18","1","AH 10","yes"
"519","AMBR7","1","AH 10","yes"
"520","ROMU","1","AH 11","yes"
"521","FRAGA","1","AH 12","yes"
"522","AMBR7","1","AH 12","yes"
"523","PAQU2","1","AH 13","yes"
"524","VITIS","1","AH 13","yes"
"525","LIBE3","1","AH 13","yes"
"526","QURU","1","AH 16","yes"
"527","CAGL8","1","AH 16","yes"
"528","FAGR","1","AH 2","yes"
"529","EUAM9","1","AH 2","yes"
"530","ARTR","1","AH 4","yes"
"531","PAQU2","1","AH 4","yes"
"532","QUPA2","1","AH 5","yes"
"533","VIPR","1","AH 6","yes"
"534","TORA2","1","AH 6","yes"
"535","FRAGA","1","AH 7","yes"
"536","ACRU","1","AH 7","yes"
"537","QUPA2","1","AH 7","yes"
"538","TORA2","1","AH 7","yes"
"539","VITIS","1","AH 8","yes"
"540","TORA2","1","AH 8","yes"
"541","VIPR","1","AH 9","yes"
"542","QUPA2","1","AH 9","yes"
"543","LOJA","1","AH 9","yes"
"544","LONIC","1","FRIENDS 12",
"545","PRSE2","1","FRIENDS 12",
"546","PAQU2","1","FRIENDS 3",
"547","Unidentified","1","FRIENDS 7",
"548","ALPE4","1","FRIENDS 8",
"549","TORA2","1","FRIENDS 9",
"550","QUERC","2","FRIENDS 12",
"551","AMBR7","2","FRIENDS 5",
"552","HEHE","2","FRIENDS 8",
"553","Unidentified","3","FRIENDS 3",
"554","Unidentified Vine","3","FRIENDS 5",
"555","FRAGA","3","FRIENDS 7",
"556","HEHE","3","FRIENDS 7",
"557","LONIC","5","FRIENDS 3",
"558","AMBR7","5","FRIENDS 9",
"559","AMBR7","6","FRIENDS 3",
"560","LINDE2","6","FRIENDS 8",
"561","CRATA","7","FRIENDS 12",
"562","PAQU2","10","FRIENDS 17",
"563","RUTH","10","FRIENDS 2",
"564","LONIC","10","FRIENDS 2",
"565","HEHE","10","FRIENDS 5",
"566","HEHE","10","FRIENDS 9",
"567","HEHE","15","FRIENDS 15",
"568","TORA2","15","FRIENDS 17",
"569","PAQU2","15","FRIENDS 2",
"570","Unidentified Vine","15","FRIENDS 2",
"571","VIMI2","15","FRIENDS 5",
"572","Grass","20","FRIENDS 9",
"573","TORA2","25","FRIENDS 5",
"574","HEHE","30","FRIENDS 12",
"575","HEHE","30","FRIENDS 17",
"576","AMBR7","30","FRIENDS 4",
"577","HEHE","35","FRIENDS 13",
"578","HEHE","40","FRIENDS 1",
"579","TORA2","40","FRIENDS 12",
"580","LINDE2","40","FRIENDS 5",
"581","LONIC","42","FRIENDS 16",
"582","CORNU","45","FRIENDS 13",
"583","HEHE","55","FRIENDS 11",
"584","LOMA6","75","FRIENDS 15",
"585","TORA2","98","FRIENDS 14",
"586","AMBR7","1","FRIENDS 1","yes"
"587","RUBUS","1","FRIENDS 10","yes"
"588","HEHE","1","FRIENDS 16","yes"
"589","PRSE2","1","FRIENDS 16","yes"
"590","LONIC","1","FRIENDS 17","yes"
"591","HEHE","1","FRIENDS 3","yes"
"592","SOAL6","1","FRIENDS 3","yes"
"593","PLMA2","1","FRIENDS 4","yes"
"594","IMCA","1","FRIENDS 4","yes"
"595","IMCA","1","FRIENDS 6","yes"
"596","BOEHM","1","FRIENDS 6","yes"
"597","AMBR7","1","FRIENDS 6","yes"
"598","GLHE2","1","FRIENDS 7","yes"
"599","AMBR7","99","FRIENDS 10",
"1184","RUBUS","1","GILMAN 18",
"1185","ROMU","1","GILMAN 20",
"1186","MAAN3","1","GILMAN 3",
"1187","QUPR2","1","GILMAN 5",
"1188","RUBUS","2","GILMAN 13",
"1189","PAQU2","2","GILMAN 13",
"1190","POCU6","2","GILMAN 16",
"1191","FRAXI","2","GILMAN 3",
"1192","VAAN","2","GILMAN 5",
"1193","HEHE","3","GILMAN 10",
"1194","Unidentified","4","GILMAN 12",
"1195","QUPR2","4","GILMAN 4",
"1196","IMCA","5","GILMAN 1",
"1197","ALPE4","5","GILMAN 16",
"1198","SEVA4","5","GILMAN 19",
"1199","HEHE","5","GILMAN 2",
"1200","PAQU2","5","GILMAN 24",
"1201","HEHE","5","GILMAN 3",
"1202","TORA2 ","5","GILMAN 5",
"1203","CEOR7","8","GILMAN 3",
"1204","LONIC","10","GILMAN 1",
"1205","LONIC","10","GILMAN 2",
"1206","CEOR7","12","GILMAN 9",
"1207","ROMU","15","GILMAN 22",
"1208","CIAR4","15","GILMAN 23",
"1209","QUAL","15","GILMAN 5",
"1210","TORA2 ","15","GILMAN 6",
"1211","ROMU","20","GILMAN 21",
"1212","SOAL6","25","GILMAN 1",
"1213","AMBR7","25","GILMAN 22",
"1214","Moss","25","GILMAN 3",
"1215","PRSE2","25","GILMAN 5",
"1216","HEHE","25","GILMAN 7",
"1217","LOTA","25","GILMAN 9",
"1218","AMBR7","40","GILMAN 14",
"1219","CACA18","40","GILMAN 22",
"1220","HEHE","40","GILMAN 6",
"1221","SOAL6","45","GILMAN 12",
"1222","HEHE","55","GILMAN 9",
"1223","HEHE","65","GILMAN 15",
"1224","IMCA","65","GILMAN 8",
"1225","HEHE","70","GILMAN 21",
"1226","AMBR7","80","GILMAN 24",
"1227","AMBR7","85","GILMAN 23",
"1228","AMBR7","95","GILMAN 13",
"1229","AMBR7","95","GILMAN 19",
"1230","AMBR7","99","GILMAN 18",
"1231","AMBR7","100","GILMAN 17",
"1232","HEHE","1","GILMAN 1","yes"
"1233","SMILA2","1","GILMAN 1","yes"
"1234","ROMU","1","GILMAN 1","yes"
"1235","POLYG2","1","GILMAN 10","yes"
"1236","NYSY","1","GILMAN 10","yes"
"1237","LONIC","1","GILMAN 15","yes"
"1238","AMBR7","1","GILMAN 15","yes"
"1239","FRAGA","1","GILMAN 15","yes"
"1240","HEHE","1","GILMAN 5","yes"
"1785","CHAL7","1","GS 1",
"1786","TORA2","1","GS 12",
"1787","HEHE","1","GS 15",
"1788","TORA2","1","GS 4",
"1789","CLEMA","1","GS 8",
"1790","RUBUS","1","GS 9",
"1791","ARVU","2","GS 12",
"1792","LOJA","2","GS 16",
"1793","NYSY","2","GS 22",
"1794","ARVU","2","GS 25",
"1795","HEHE","2","GS 31",
"1796","ACRU","2","GS 4",
"1797","LOJA","2","GS 4",
"1798","PHPR3","3","GS 1",
"1799","RUBUS","3","GS 10",
"1800","LECU","3","GS 12",
"1801","PRSE2","3","GS 13",
"1802","Grass","3","GS 25",
"1803","HEHE","3","GS 26",
"1804","SMILA2","3","GS 27",
"1805","AMBR7","3","GS 4",
"1806","LOJA","3","GS 8",
"1807","AMBR7","3","GS 9",
"1808","PHAM4","4","GS 16",
"1809","LOJA","4","GS 9",
"1810","LOJA","5","GS 1",
"1811","SOLID","5","GS 12",
"1812","LOJA","5","GS 15",
"1813","PRSE2","5","GS 17",
"1814","HEHE","5","GS 17",
"1815","ROMU","5","GS 2",
"1816","APCA","5","GS 28",
"1817","AIAL","5","GS 28",
"1818","CEOR7","5","GS 28",
"1819","SOLID","5","GS 31",
"1820","HEHE","5","GS 5",
"1821","RUBUS","5","GS 5",
"1822","HEHE","5","GS 7",
"1823","LOJA ","5","GS 7",
"1824","LOJA","6","GS 23",
"1825","CLEMA","7","GS 12",
"1826","HEHE","7","GS 23",
"1827","TORA2","7","GS 23",
"1828","ULRU","7","GS 29",
"1829","TORA2","7","GS 30",
"1830","LOJA","10","GS 21",
"1831","TORA2","10","GS 29",
"1832","PAQU2","10","GS 30",
"1833","QURU","10","GS 7",
"1834","LOJA","12","GS 18",
"1835","TORA2 ","13","GS 31",
"1836","FRPE","15","GS 14",
"1837","ROMU","15","GS 21",
"1838","HEHE","15","GS 21",
"1839","TORA2 ","15","GS 22",
"1840","AMBR7","20","GS 14",
"1841","LOJA","20","GS 14",
"1842","LOJA","20","GS 17",
"1843","CARA2","20","GS 2",
"1844","LOJA","20","GS 20",
"1845","PAQU2","20","GS 21",
"1846","ROMU","23","GS 3",
"1847","HEHE","25","GS 12",
"1848","NYSY","25","GS 15",
"1849","RUPH","25","GS 17",
"1850","HEHE","25","GS 20",
"1851","LOJA","25","GS 3",
"1852","TORA2","25","GS 5",
"1853","HEHE","30","GS 13",
"1854","HEHE","30","GS 30",
"1855","TORA2","30","GS 7",
"1856","RUBUS","35","GS 21",
"1857","CAGL8","35","GS 7",
"1858","WIFL","40","GS 19",
"1859","FORSY","40","GS 3",
"1860","ROMU","40","GS 31",
"1861","LOJA","40","GS 31",
"1862","HEHE","45","GS 14",
"1863","CLEMA","45","GS 17",
"1864","SMILA2","45","GS 22",
"1865","HEHE","45","GS 8",
"1866","LOJA","55","GS 13",
"1867","LOJA","55","GS 5",
"1868","LOJA","57","GS 10",
"1869","LOJA","60","GS 2",
"1870","CESTM","75","GS 1",
"1871","TORA2","75","GS 6",
"1872","PHILA","80","GS 23",
"1873","HEHE","83","GS 29",
"1874","AMBR7","85","GS 28",
"1875","GLHE2","95","GS 25",
"1876","Grass","100","GS 24",
"1877","ACRU","1","GS 15","yes"
"1878","ULRU","1","GS 15","yes"
"1879","ILOP","1","GS 15","yes"
"1880","HEHE","1","GS 18","yes"
"1881","ACRU","1","GS 26","yes"
"1882","LACE","1","GS 26","yes"
"1883","AMBR7","1","GS 31","yes"
"2392","CILU","1","HR 13",
"2393","LINDE2","1","HR 14",
"2394","PRSE2","1","HR 14",
"2395","LONIC","1","HR 18",
"2396","CLTE4","1","HR 5",
"2397","SMILA2","1","HR 7",
"2398","POLYG2","1","HR 8",
"2399","LINDE2","2","HR 12",
"2400","LONIC","2","HR 1",
"2401","PAQU2","2","HR 11",
"2402","ROMU","2","HR 13",
"2403","HEHE","2","HR 13",
"2404","HEHE","2","HR 14",
"2405","HEHE","2","HR 17",
"2406","ROMU","2","HR 17",
"2407","TORA2","2","HR 5",
"2408","LONIC","2","HR 5",
"2409","SMILA2","2","HR 8",
"2410","PAQU2","2","HR 8",
"2411","TORA2","2","HR 8",
"2412","GECA7","3","HR 12",
"2413","FRAXI","3","HR 4",
"2414","FRAXI","4","HR 10",
"2415","TORA2","5","HR 10",
"2416","HEHE","5","HR 11",
"2417","TORA2","5","HR 14",
"2418","TORA2","5","HR 15",
"2419","HEHE","5","HR 16",
"2420","GECA7","5","HR 16",
"2421","PAQU2","5","HR 20",
"2422","GECA7","5","HR 20",
"2423","HEHE","5","HR 4",
"2424","NYSY","5","HR 7",
"2425","HEHE","5","HR 8",
"2426","HEHE","6","HR 10",
"2427","LONIC","6","HR 14",
"2428","TORA2","7","HR 12",
"2429","LINDE2","8","HR 10",
"2430","TORA2","10","HR 11",
"2431","AMBR7","10","HR 16",
"2432","FRAGA","10","HR 16",
"2433","LOMA6","10","HR 18",
"2434","CEOR7","10","HR 3",
"2435","LIOB","10","HR 8",
"2436","LINDE2","12","HR 2",
"2437","CILU","13","HR 11",
"2438","HEHE","13","HR 18",
"2439","CEOR7","15","HR 11",
"2440","CEOR7","15","HR 15",
"2441","PAQU2","15","HR 15",
"2442","HEHE","15","HR 15",
"2443","ALPE4","15","HR 17",
"2444","LONIC","15","HR 19",
"2445","SASSA","15","HR 19",
"2446","LONIC","15","HR 20",
"2447","PAQU2","15","HR 3",
"2448","HEHE","15","HR 3",
"2449","Unidentified Herb","15","HR 5",
"2450","LONIC","20","HR 15",
"2451","AMBR7","20","HR 20",
"2452","APOCY","20","HR 5",
"2453","HEHE","23","HR 7",
"2454","CEOR7","25","HR 14",
"2455","LIOB","25","HR 18",
"2456","CEOR7","25","HR 5",
"2457","LINDE2","30","HR 3",
"2458","CEOR7","35","HR 1",
"2459","TORA2","35","HR 13",
"2460","CEOR7","35","HR 13",
"2461","CILU","35","HR 16",
"2462","Unidentified Herb","50","HR 19",
"2463","RUPH","50","HR 20",
"2464","RUPH","88","HR 2",
"2465","Grass","93","HR 9",
"2466","Grass","95","HR 6",
"2467","HEHE","1","HR 12","yes"
"2468","HEHE","1","HR 1","yes"
"2469","SMILA2","1","HR 10","yes"
"2470","VIDI80","1","HR 10","yes"
"2471","CRMO2","1","HR 11","yes"
"2472","POLYG2","1","HR 16","yes"
"2473","AMBR7","1","HR 17","yes"
"2474","CEOR7","1","HR 18","yes"
"2475","CRMO2","1","HR 18","yes"
"2476","RUBUS","1","HR 19","yes"
"2477","ASARU","1","HR 20","yes"
"2478","LINDE2","1","HR 20","yes"
"2479","POLYG2","1","HR 4","yes"
"2480","VIAC","1","HR 4","yes"
"2481","ARISA","2","HR 12","yes"
"2482","RUPH","2","HR 1","yes"
"2483","AMBR7","2","HR 1","yes"
"2988","FRAGA","1","LOYOLA 12",
"2989","RUBUS","1","LOYOLA 18",
"2990","ACPA2","1","LOYOLA 18",
"2991","ALPE4","1","LOYOLA 18",
"2992","POVI2","1","LOYOLA 18",
"2993","ACPA2","1","LOYOLA 20",
"2994","LIBE3","1","LOYOLA 20",
"2995","ALPE4","1","LOYOLA 24",
"2996","CILU","1","LOYOLA 24",
"2997","AMBR7","1","LOYOLA 30",
"2998","AIAL","1","LOYOLA 30",
"2999","SMILA2","1","LOYOLA 30",
"3000","AMBR7","1","LOYOLA 4",
"3001","LONIC","1","LOYOLA 4",
"3002","MELIL","1","LOYOLA 42",
"3003","HEHE","1","LOYOLA 52 ",
"3004","POPE2","1","LOYOLA 54",
"3005","LONIC","1","LOYOLA 54",
"3006","FRAXI","1","LOYOLA 54",
"3007","IPCA","1","LOYOLA 54",
"3008","ULMUS","1","LOYOLA 6",
"3009","PAQU2","1","LOYOLA 6",
"3010","POPE2","1","LOYOLA 60",
"3011","IPCA","1","LOYOLA 8",
"3012","ARISA","2","LOYOLA 12",
"3013","LONIC","2","LOYOLA 12",
"3014","CAGL8","2","LOYOLA 18",
"3015","HEHE","2","LOYOLA 22",
"3016","LIBE3","2","LOYOLA 24",
"3017","HEHE","2","LOYOLA 24",
"3018","ALPE4","2","LOYOLA 36",
"3019","HEHE","2","LOYOLA 36",
"3020","CILU","2","LOYOLA 52 ",
"3021","FRPE","2","LOYOLA 52 ",
"3022","OXALI","2","LOYOLA 54",
"3023","ROSA5","2","LOYOLA 58",
"3024","HEHE","2","LOYOLA 6",
"3025","MIVI","2","LOYOLA 8",
"3026","ALPE4","2","LOYOLA 8",
"3027","AMBR7","2","LOYOLA 8",
"3028","HEHE","2","LOYOLA 8",
"3029","FRAXI","3","LOYOLA 2",
"3030","PAQU2","3","LOYOLA 2",
"3031","AMBR7","3","LOYOLA 2",
"3032","LONIC","3","LOYOLA 40",
"3033","OXALI","3","LOYOLA 60",
"3034","LONIC","3","LOYOLA 8",
"3035","FRAXI","3","LOYOLA 8",
"3036","AMBR7","4","LOYOLA 52 ",
"3037","LIBE3","4","LOYOLA 52 ",
"3038","LONIC","4","LOYOLA 6",
"3039","LONIC","4","LOYOLA 60",
"3040","CILU","4","LOYOLA 62",
"3041","LIBE3","5","LOYOLA 30",
"3042","CEOR7","5","LOYOLA 30",
"3043","AMBR7","5","LOYOLA 40",
"3044","RUPH","5","LOYOLA 52 ",
"3045","AMBR7","5","LOYOLA 6",
"3046","TORA2","6","LOYOLA 40",
"3047","CEOR7","8","LOYOLA 2",
"3048","AMBRO","8","LOYOLA 54",
"3049","URDI","9","LOYOLA 60",
"3050","CILU","10","LOYOLA 2",
"3051","LONIC","10","LOYOLA 30",
"3052","FRPE","10","LOYOLA 34",
"3053","HAVI2","10","LOYOLA 4",
"3054","GECA7","10","LOYOLA 54",
"3055","GECA7","10","LOYOLA 60",
"3056","RUPH","10","LOYOLA 8",
"3057","LIBE3","12","LOYOLA 22",
"3058","RUBUS","12","LOYOLA 8",
"3059","ALPE4","15","LOYOLA 26",
"3060","RUBUS","15","LOYOLA 30",
"3061","LIBE3","15","LOYOLA 4",
"3062","RUPH","15","LOYOLA 60",
"3063","BOEHM","18","LOYOLA 54",
"3064","LIBE3","20","LOYOLA 18",
"3065","LONIC","20","LOYOLA 58",
"3066","URDI","20","LOYOLA 62",
"3067","CEOR7","23","LOYOLA 58",
"3068","LONIC","25","LOYOLA 36",
"3069","IPCA","25","LOYOLA 56",
"3070","EUSE2","32","LOYOLA 54",
"3071","ARVU","35","LOYOLA 40",
"3072","EUSE2","35","LOYOLA 42",
"3073","Grass","63","LOYOLA 42",
"3074","CEOR7","70","LOYOLA 34",
"3075","AMBR7","75","LOYOLA 56",
"3076","Grass","95","LOYOLA 64",
"3077","ALPE4","1","LOYOLA 10","yes"
"3078","FRAXI","1","LOYOLA 10","yes"
"3079","PRSE2","1","LOYOLA 10","yes"
"3080","CILU","1","LOYOLA 10","yes"
"3081","ALPE4","1","LOYOLA 12","yes"
"3082","PRSE2","1","LOYOLA 12","yes"
"3083","LIBE3","1","LOYOLA 12","yes"
"3084","ALPE4","1","LOYOLA 14","yes"
"3085","HEHE","1","LOYOLA 14","yes"
"3086","FAGR","1","LOYOLA 14","yes"
"3087","ACER","1","LOYOLA 14","yes"
"3088","CILU","1","LOYOLA 18","yes"
"3089","ALPE4","1","LOYOLA 22","yes"
"3090","CILU","1","LOYOLA 22","yes"
"3091","PAQU2","1","LOYOLA 22","yes"
"3092","LONIC","1","LOYOLA 24","yes"
"3093","VITIS","1","LOYOLA 24","yes"
"3094","LONIC","1","LOYOLA 26","yes"
"3095","CEOR7","1","LOYOLA 26","yes"
"3096","PAQU2","1","LOYOLA 30","yes"
"3097","FRAXI","1","LOYOLA 4","yes"
"3098","PAQU2","1","LOYOLA 4","yes"
"3099","ALPE4","1","LOYOLA 4","yes"
"3100","AMBRO","1","LOYOLA 42","yes"
"3101","NYSY","1","LOYOLA 52 ","yes"
"3102","ACPL","1","LOYOLA 6","yes"
"3103","CHAL7","1","LOYOLA 6","yes"
"3104","CEOR7","1","LOYOLA 60","yes"
"3105","FAGR","1","LOYOLA 62","yes"
"3106","HEHE","1","LOYOLA 62","yes"
"3107","CEOR7","1","LOYOLA 62","yes"
"3108","FRAGA","1","LOYOLA 62","yes"
"3109","AMBR7","1","LOYOLA 64","yes"
"3110","KUST","1","LOYOLA 64","yes"
"3238","PRSE2","1","MDSB 13",
"3239","Unidentified","1","MDSB 14",
"3240","TORA2","1","MDSB 19",
"3241","PAQU2","1","MDSB 2",
"3242","VIDE","1","MDSB 20",
"3243","HEHE","1","MDSB 22",
"3244","PLMA2","1","MDSB 22",
"3245","ARTR","1","MDSB 23",
"3246","LIBE3","1","MDSB 23",
"3247","SMILA2","1","MDSB 25",
"3248","PAQU2","1","MDSB 28",
"3249","HEHE","1","MDSB 32",
"3250","PAQU2","1","MDSB 32",
"3251","PAQU2","1","MDSB 33",
"3252","VITIS","1","MDSB 36",
"3253","PAQU2","1","MDSB 36",
"3254","IMCA","1","MDSB 42",
"3255","HEHE","1","MDSB 43",
"3256","LIBE3","1","MDSB 5",
"3257","FRPE","1","MDSB 6",
"3258","LIBE3","1","MDSB 6",
"3259","TORA2","1","MDSB 6",
"3260","PAQU2","1","MDSB 8",
"3261","SMILA2","2","MDSB 16",
"3262","LOJA","2","MDSB 18",
"3263","PRSE2","2","MDSB 19",
"3264","PAQU2","2","MDSB 20",
"3265","TORA2","2","MDSB 20",
"3266","VIDE","2","MDSB 23",
"3267","VACO","2","MDSB 25",
"3268","VIDE","2","MDSB 25",
"3269","HEHE","2","MDSB 25",
"3270","LOJA","2","MDSB 33",
"3271","Moss","2","MDSB 33",
"3272","FRPE","2","MDSB 35",
"3273","LIBE3","2","MDSB 35",
"3274","PAQU2","2","MDSB 35",
"3275","LOJA","2","MDSB 37",
"3276","HEHE","2","MDSB 38",
"3277","LOJA","2","MDSB 39",
"3278","HEHE","2","MDSB 40",
"3279","LIBE3","2","MDSB 41",
"3280","ACRU","2","MDSB 6",
"3281","EUSE2","2","MDSB 8",
"3282","PRSE2","3","MDSB 26",
"3283","HEHE","3","MDSB 29",
"3284","PRSE2","3","MDSB 29",
"3285","HEHE","3","MDSB 3",
"3286","SMILA2","3","MDSB 39",
"3287","PAQU2","3","MDSB 44",
"3288","TORA2","3","MDSB 5",
"3289","RUBUS","4","MDSB 22",
"3290","HEHE","4","MDSB 39",
"3291","PAQU2","4","MDSB 40",
"3292","SMILA2","4","MDSB 48",
"3293","VAAN","4","MDSB 48",
"3294","LOJA","4","MDSB 5",
"3295","PAQU2","5","MDSB 10",
"3296","PAQU2","5","MDSB 11",
"3297","PRSE2","5","MDSB 12",
"3298","VIDE","5","MDSB 17",
"3299","VIDE","5","MDSB 19",
"3300","LOJA","5","MDSB 2",
"3301","VIDE","5","MDSB 21",
"3302","LOJA","5","MDSB 27",
"3303","EUAM9","5","MDSB 3",
"3304","LOJA","5","MDSB 36",
"3305","LOJA","5","MDSB 41",
"3306","PRSE2","5","MDSB 47",
"3307","SMILA2","5","MDSB 8",
"3308","HEHE","5","MDSB 8",
"3309","HEHE","6","MDSB 10",
"3310","SMILA2","6","MDSB 33",
"3311","ILOP","6","MDSB 39",
"3312","ALPE4","6","MDSB 44",
"3313","LIBE3","7","MDSB 11",
"3314","VAAN","7","MDSB 12",
"3315","HEHE","7","MDSB 27",
"3316","LOJA","7","MDSB 31",
"3317","LOJA","7","MDSB 32",
"3318","HEHE","7","MDSB 36",
"3319","ALPE4","7","MDSB 37",
"3320","RUPH","8","MDSB 18",
"3321","HEHE","8","MDSB 2",
"3322","HEHE","8","MDSB 4",
"3323","HEHE","8","MDSB 6",
"3324","MIVI","9","MDSB 45",
"3325","LOJA","10","MDSB 24",
"3326","FRPE","10","MDSB 28",
"3327","EUAM9","10","MDSB 31",
"3328","LIBE3","10","MDSB 4",
"3329","ROMU","10","MDSB 47",
"3330","VIAC","10","MDSB 49",
"3331","LIBE3","10","MDSB 9",
"3332","LOJA","11","MDSB 10",
"3333","LOJA","13","MDSB 20",
"3334","CEOR7","13","MDSB 4",
"3335","LOJA","13","MDSB 8",
"3336","PAQU2","15","MDSB 25",
"3337","PAQU2","15","MDSB 27",
"3338","LOJA","15","MDSB 34",
"3339","LOJA","15","MDSB 35",
"3340","LOJA","15","MDSB 44",
"3341","Moss","15","MDSB 6",
"3342","LIBE3","15","MDSB 8",
"3343","SMILA2","15","MDSB 9",
"3344","HEHE","17","MDSB 24",
"3345","LIBE3","20","MDSB 10",
"3346","SMILA2","20","MDSB 12",
"3347","SMILA2","25","MDSB 19",
"3348","HEHE","25","MDSB 33",
"3349","LIBE3","26","MDSB 7",
"3350","DEPU2","30","MDSB 28",
"3351","BOCY","35","MDSB 18",
"3352","LOJA","35","MDSB 3",
"3353","ROMU","40","MDSB 31",
"3354","LITU","45","MDSB 12",
"3355","DEPU2","45","MDSB 38",
"3356","VIDE","50","MDSB 27",
"3357","SMILA2","55","MDSB 18",
"3358","LOJA","75","MDSB 9",
"3359","POPE2","90","MDSB 45",
"3360","SMILA2","95","MDSB 17",
"3361","CILU","1","MDSB 10","yes"
"3362","HISY","1","MDSB 10","yes"
"3363","LITU","1","MDSB 11","yes"
"3364","NYSY","1","MDSB 13","yes"
"3365","ACRU","1","MDSB 13","yes"
"3366","TORA2","1","MDSB 13","yes"
"3367","LITU","1","MDSB 13","yes"
"3368","HEHE","1","MDSB 13","yes"
"3369","NYSY","1","MDSB 14","yes"
"3370","LITU","1","MDSB 14","yes"
"3371","ACRU","1","MDSB 14","yes"
"3372","POBI2","1","MDSB 14","yes"
"3373","SMILA2","1","MDSB 15","yes"
"3374","LIBE3","1","MDSB 16","yes"
"3375","LOJA","1","MDSB 19","yes"
"3376","AMBR7","1","MDSB 2","yes"
"3377","LIBE3","1","MDSB 2","yes"
"3378","Moss","1","MDSB 2","yes"
"3379","LITU","1","MDSB 20","yes"
"3380","FRPE","1","MDSB 21","yes"
"3381","LITU","1","MDSB 21","yes"
"3382","ACRU","1","MDSB 21","yes"
"3383","NYSY","1","MDSB 21","yes"
"3384","LOJA","1","MDSB 21","yes"
"3385","LITU","1","MDSB 22","yes"
"3386","Unidentified","1","MDSB 22","yes"
"3387","ACRU","1","MDSB 23","yes"
"3388","SMILA2","1","MDSB 23","yes"
"3389","HEHE","1","MDSB 23","yes"
"3390","RUBUS","1","MDSB 24","yes"
"3391","TORA2","1","MDSB 24","yes"
"3392","SMILA2","1","MDSB 24","yes"
"3393","PRSE2","1","MDSB 25","yes"
"3394","LITU","1","MDSB 25","yes"
"3395","LOJA","1","MDSB 25","yes"
"3396","POPE","1","MDSB 28","yes"
"3397","LITU","1","MDSB 28","yes"
"3398","LIBE3","1","MDSB 28","yes"
"3399","PAQU2","1","MDSB 29","yes"
"3400","LITU","1","MDSB 29","yes"
"3401","POPE","1","MDSB 29","yes"
"3402","POBI2","1","MDSB 29","yes"
"3403","CACA18","1","MDSB 29","yes"
"3404","POBI2","1","MDSB 3","yes"
"3405","VISO ","1","MDSB 30","yes"
"3406","OXALI","1","MDSB 30","yes"
"3407","EUAL13","1","MDSB 30","yes"
"3408","HEHE","1","MDSB 31","yes"
"3409","PAQU2","1","MDSB 31","yes"
"3410","TORA2","1","MDSB 33","yes"
"3411","PAQU2","1","MDSB 34","yes"
"3412","TORA2","1","MDSB 34","yes"
"3413","VIDE","1","MDSB 35","yes"
"3414","TORA2","1","MDSB 35","yes"
"3415","TORA2","1","MDSB 36","yes"
"3416","FRPE","1","MDSB 36","yes"
"3417","LITU","1","MDSB 38","yes"
"3418","PAQU2","1","MDSB 38","yes"
"3419","LOJA","1","MDSB 38","yes"
"3420","VIPR","1","MDSB 38","yes"
"3421","PRSE2","1","MDSB 39","yes"
"3422","TORA2","1","MDSB 4","yes"
"3423","VIDE","1","MDSB 4","yes"
"3424","VITIS","1","MDSB 40","yes"
"3425","LIBE3","1","MDSB 40","yes"
"3426","ACRU","1","MDSB 40","yes"
"3427","LITU","1","MDSB 40","yes"
"3428","HEHE","1","MDSB 41","yes"
"3429","TORA2","1","MDSB 41","yes"
"3430","ROMU","1","MDSB 44","yes"
"3431","POPE10","1","MDSB 45","yes"
"3432","IMCA","1","MDSB 45","yes"
"3433","SMILA2","1","MDSB 46","yes"
"3434","PRSE2","1","MDSB 46","yes"
"3435","PAQU2","1","MDSB 47","yes"
"3436","HEHE","1","MDSB 47","yes"
"3437","SMILA2","1","MDSB 5","yes"
"3438","PAQU2","1","MDSB 5","yes"
"3439","POBI2","1","MDSB 5","yes"
"3440","MIVI","1","MDSB 6","yes"
"3441","RUBUS","1","MDSB 6","yes"
"3442","LITU","1","MDSB 6","yes"
"3443","PRSE2","1","MDSB 7","yes"
"3444","EUAM9","1","MDSB 7","yes"
"3445","PAQU2","1","MDSB 7","yes"
"3446","POBI2","1","MDSB 7","yes"
"3447","ACRU","1","MDSB 7","yes"
"3718","PLMA2","1","ND 12",
"3719","PRSE2","1","ND 14",
"3720","PLMA2","1","ND 38",
"3721","POTEN","1","ND 5",
"3722","OXALI","2","ND 1",
"3723","HEHE","2","ND 28",
"3724","PLMA2","2","ND 28",
"3725","POTEN","2","ND 28",
"3726","TRRE3","2","ND 28",
"3727","PLMA2","2","ND 5",
"3728","GLHE2","3","ND 18",
"3729","POTEN","5","ND 12",
"3730","RUBUS","5","ND 13",
"3731","HEHE","5","ND 13",
"3732","TRRE3","5","ND 18",
"3733","VISO","5","ND 24",
"3734","Grass","5","ND 34",
"3735","TRRE3","5","ND 7",
"3736","Grass","5","ND 7",
"3737","TRRE3","10","ND 12",
"3738","VISO","10","ND 18",
"3739","POTEN","15","ND 13",
"3740","POTEN","15","ND 24",
"3741","TRRE3","15","ND 25",
"3742","ACVI","15","ND 30",
"3743","Grass","15","ND 4",
"3744","VISO","20","ND 28",
"3745","TRRE3","20","ND 34",
"3746","POTEN","20","ND 9",
"3747","PLMA2","25","ND 18",
"3748","VISO","25","ND 25",
"3749","KUST2","30","ND 12",
"3750","KUST2","30","ND 24",
"3751","Moss","30","ND 30",
"3752","TRRE3","30","ND 37",
"3753","GLHE2","35","ND 13",
"3754","Grass","35","ND 23",
"3755","TRRE3","35","ND 5",
"3756","Kust2","40","ND 22",
"3757","Grass","40","ND 30",
"3758","Grass","45","ND 24",
"3759","Grass","45","ND 28",
"3760","Grass","48","ND 1",
"3761","c","50","ND 1",
"3762","Grass","52","ND 12",
"3763","Grass","55","ND 22",
"3764","KUST","55","ND 34",
"3765","Moss","55","ND 4",
"3766","Grass","57","ND 18",
"3767","Grass","60","ND 25",
"3768","Grass","62","ND 5",
"3769","Grass","68","ND 37",
"3770","Grass","80","ND 9",
"3771","Grass","95","ND 19",
"3772","Grass","98","ND 38",
"3773","OXALI","1","ND 13","yes"
"3774","VISO","1","ND 13","yes"
"3775","NYSY","1","ND 14","yes"
"3776","AMBR7","1","ND 24","yes"
"3777","TORA2","1","ND 24","yes"
"3778","AMBR7","1","ND 28","yes"
"3779","AMBR7","1","ND 30","yes"
"3780","EUAL13","1","ND 30","yes"
"3781","TAOF","1","ND 37","yes"
"3782","PLMA2","1","ND 37","yes"
"3783","POTEN","1","ND 4","yes"
"3784","POTEN","1","ND 7","yes"
"4313","OXALI","1","RPCS 10",
"4314","PLMA2","1","RPCS 10",
"4315","LINDE2","1","RPCS 2",
"4316","AMBR7","1","RPCS 21",
"4317","MIVI","1","RPCS 22",
"4318","OXALI","1","RPCS 22",
"4319","LONIC","1","RPCS 3",
"4320","PRAV","2","RPCS 18",
"4321","FRAXI","2","RPCS 20",
"4322","EUAL13","2","RPCS 6",
"4323","LINDE2","2","RPCS 7",
"4324","PAQU2","3","RPCS 10",
"4325","VIMI2","3","RPCS 12",
"4326","LONIC","3","RPCS 18",
"4327","LONIC","3","RPCS 2",
"4328","HEHE","3","RPCS 20",
"4329","Unidentified","3","RPCS 7",
"4330","QUPR2","3","RPCS 8",
"4331","HEHE","4","RPCS 2",
"4332","CILU","5","RPCS 12",
"4333","EUAL13","5","RPCS 13",
"4334","VIMI2","5","RPCS 5",
"4335","HEHE","6","RPCS 11",
"4336","EUAL13","6","RPCS 17",
"4337","EUAL13","6","RPCS 7",
"4338","HEHE","7","RPCS 5",
"4339","HEHE","7","RPCS 7",
"4340","HEHE","8","RPCS 4",
"4341","AMBR7","10","RPCS 20",
"4342","EUAL13","10","RPCS 5",
"4343","EUONY2","10","RPCS 6",
"4344","BETH","10","RPCS 7",
"4345","ACNE2","15","RPCS 19",
"4346","VIOLA","15","RPCS 23",
"4347","AMBR7","15","RPCS 23",
"4348","HEHE","15","RPCS 6",
"4349","EUAL13","15","RPCS 8",
"4350","LONIC","17","RPCS 12",
"4351","POVI2","17","RPCS 7",
"4352","HEHE","20","RPCS 12",
"4353","AMBR7","20","RPCS 14",
"4354","VIOLA","20","RPCS 22",
"4355","HEHE","25","RPCS 1",
"4356","LINDE2","25","RPCS 5",
"4357","VIMI2","25","RPCS 8",
"4358","IMCA","30","RPCS 15",
"4359","AEPO","30","RPCS 17",
"4360","HEHE","35","RPCS 18",
"4361","Grass","35","RPCS 21",
"4362","GLHE2","35","RPCS 23",
"4363","HEHE","35","RPCS 3",
"4364","EUAL13","50","RPCS 11",
"4365","Grass","50","RPCS 22",
"4366","BETH","55","RPCS 12",
"4367","HEHE","55","RPCS 17",
"4368","HEHE","55","RPCS 19",
"4369","POPE2","70","RPCS 10",
"4370","PATE11","70","RPCS 15",
"4371","Unidentified Shrub","80","RPCS 14",
"4372","EUAL13","85","RPCS 20",
"4373","AEPO","90","RPCS 13",
"4374","RHODO","90","RPCS 9",
"4375","Grass","95","RPCS 16",
"4376","ALPE4","1","RPCS 10","yes"
"4377","AMBR7","1","RPCS 10","yes"
"4378","TORA2","1","RPCS 12","yes"
"4379","FRAGA","1","RPCS 16","yes"
"4380","AMBR7","1","RPCS 17","yes"
"4381","AMBR7","1","RPCS 18","yes"
"4382","IMCA","1","RPCS 18","yes"
"4383","PRSE2","1","RPCS 22","yes"
"4912","ARTR","1","SETON 10",
"4913","CEORU","1","SETON 11",
"4914","LOJA","1","SETON 11",
"4915","LOJA","1","SETON 12",
"4916","LOJA","1","SETON 18",
"4917","FRPE","1","SETON 18",
"4918","FAGR","1","SETON 18",
"4919","LOJA","1","SETON 19",
"4920","CAGL8","1","SETON 19",
"4921","FAGR","1","SETON 20",
"4922","CEOR7","1","SETON 20",
"4923","NYSY","1","SETON 20",
"4924","CAGL8","1","SETON 21",
"4925","KUST2","1","SETON 21",
"4926","LOJA","1","SETON 21",
"4927","LIBE3","1","SETON 22",
"4928","CEOR7","1","SETON 24",
"4929","AMBR7","1","SETON 25",
"4930","SEVA4","1","SETON 26",
"4931","FRAGA","1","SETON 27",
"4932","QUAL","1","SETON 28",
"4933","AMBR7","1","SETON 29",
"4934","ALPE4","1","SETON 31",
"4935","CEOR7","1","SETON 31",
"4936","LOJA","1","SETON 31",
"4937","ROMU","1","SETON 6",
"4938","GECA7","2","SETON 11",
"4939","ARTR","2","SETON 13",
"4940","LOJA","2","SETON 13",
"4941","LITU","2","SETON 14",
"4942","CEOR7","2","SETON 16",
"4943","EUAM9","2","SETON 19",
"4944","ARTR","2","SETON 24",
"4945","EUAM9","2","SETON 25",
"4946","PLMA2","2","SETON 26",
"4947","LOJA","2","SETON 5",
"4948","LOJA","2","SETON 7",
"4949","HEHE","2","SETON 9",
"4950","OXALI","3","SETON 23",
"4951","OXALI","3","SETON 26",
"4952","LOJA","3","SETON 6",
"4953","HEHE","4","SETON 25",
"4954","POVI2","4","SETON 29",
"4955","Grass","4","SETON 4",
"4956","CEOR7","5","SETON 19",
"4957","RUBUS","5","SETON 23",
"4958","AMBR7","5","SETON 23",
"4959","LOJA","5","SETON 23",
"4960","TORA2","5","SETON 25",
"4961","AMBR7","5","SETON 26",
"4962","LOJA","5","SETON 27",
"4963","PAQU2","5","SETON 29",
"4964","GECA7","5","SETON 31",
"4965","FRPE","5","SETON 4",
"4966","LIBE3","5","SETON 9",
"4967","LOJA","6","SETON 25",
"4968","CLEMA","6","SETON 29",
"4969","HAVI2","7","SETON 29",
"4970","FRPE","7","SETON 5",
"4971","CEOR7","8","SETON 27",
"4972","LOJA","8","SETON 4",
"4973","LOJA","8","SETON 9",
"4974","ERHI12","9","SETON 4",
"4975","CEOR7","10","SETON 25",
"4976","FRAGA","10","SETON 26",
"4977","HEHE","10","SETON 28",
"4978","HEHE","15","SETON 30",
"4979","FRPE","15","SETON 30",
"4980","CEOR7","17","SETON 28",
"4981","Grass","20","SETON 23",
"4982","HEHE","20","SETON 27",
"4983","CEOR7","37","SETON 29",
"4984","GLHE2","45","SETON 23",
"4985","Grass","78","SETON 26",
"4986","AMBR2","1","SETON 1","yes"
"4987","LOJA","1","SETON 1","yes"
"4988","TORA2","1","SETON 1","yes"
"4989","VISO","1","SETON 1","yes"
"4990","ACRU","1","SETON 10","yes"
"4991","FRPE","1","SETON 10","yes"
"4992","CEOR7","1","SETON 10","yes"
"4993","EUAM9","1","SETON 10","yes"
"4994","FRPE","1","SETON 13","yes"
"4995","VITIS","1","SETON 13","yes"
"4996","LIBE3","1","SETON 14","yes"
"4997","POVI2","1","SETON 14","yes"
"4998","ARTR","1","SETON 14","yes"
"4999","LOJA","1","SETON 16","yes"
"5000","PAQU2","1","SETON 16","yes"
"5001","ACRU","1","SETON 16","yes"
"5002","CECA4","1","SETON 16","yes"
"5003","POBI2","1","SETON 16","yes"
"5004","LOJA","1","SETON 17","yes"
"5005","FRPE","1","SETON 17","yes"
"5006","QURU","1","SETON 18","yes"
"5007","NYSY","1","SETON 19","yes"
"5008","ARTR","1","SETON 19","yes"
"5009","ULRU","1","SETON 19","yes"
"5010","PAQU2","1","SETON 19","yes"
"5011","LOJA","1","SETON 2","yes"
"5012","LIBE3","1","SETON 2","yes"
"5013","EUAL13","1","SETON 20","yes"
"5014","QUAL","1","SETON 20","yes"
"5015","ACRU","1","SETON 20","yes"
"5016","LITU","1","SETON 21","yes"
"5017","EUAM9","1","SETON 22","yes"
"5018","FRPE","1","SETON 22","yes"
"5019","AMBR7","1","SETON 22","yes"
"5020","SMILA2","1","SETON 24","yes"
"5021","POVI2","1","SETON 24","yes"
"5022","AMBR7","1","SETON 24","yes"
"5023","POVI2","1","SETON 25","yes"
"5024","FRPE","1","SETON 25","yes"
"5025","TORA2","1","SETON 27","yes"
"5026","AMBR7","1","SETON 27","yes"
"5027","FRPE","1","SETON 27","yes"
"5028","COCO3","1","SETON 29","yes"
"5029","HEHE","1","SETON 29","yes"
"5030","TORA2","1","SETON 29","yes"
"5031","HEHE","1","SETON 4","yes"
"5032","ACRU","1","SETON 4","yes"
"5033","RUBUS","1","SETON 4","yes"
"5034","SOLID","1","SETON 4","yes"
"5035","OXALI","1","SETON 4","yes"
"5036","EUAM9","1","SETON 5","yes"
"5037","POV12","1","SETON 5","yes"
"5038","VITIS","1","SETON 5","yes"
"5039","Grass","1","SETON 5","yes"
"5040","PAQU2","1","SETON 6","yes"
"5041","GECA7","1","SETON 7","yes"
"5042","TORA2","1","SETON 7","yes"
"5043","FRPE","1","SETON 7","yes"
"5044","FRPE","1","SETON 9","yes"
"5045","VITIS","1","SETON 9","yes"
"5046","VIDE","1","SETON 9","yes"
"5222","HEHE","1","SINAI 1",
"5223","Grass","1","SINAI 11",
"5224","ACRU","1","SINAI 12",
"5225","LONIC","1","SINAI 14",
"5226","SMILA2","1","SINAI 14",
"5227","AMBR7","1","SINAI 15",
"5228","ACRU","1","SINAI 16",
"5229","SMILA2","1","SINAI 23",
"5230","CLTE4","1","SINAI 24",
"5231","ARISA","1","SINAI 27",
"5232","LINDE2","1","SINAI 27",
"5233","PRSE2","1","SINAI 28",
"5234","CLTE4","1","SINAI 28",
"5235","CEOR7","1","SINAI 29",
"5236","SOAL6","1","SINAI 31",
"5237","LASE","1","SINAI 31",
"5238","POPE2","1","SINAI 31",
"5239","ROPS","1","SINAI 6",
"5240","EUPE3","1","SINAI 8",
"5241","FRPE","2","SINAI 18",
"5242","LONIC","2","SINAI 2",
"5243","GECA7","2","SINAI 26",
"5244","SASSA","2","SINAI 3",
"5245","HEHE","2","SINAI 3",
"5246","HEHE","2","SINAI 30",
"5247","OXALI","2","SINAI 30",
"5248","HAVI2","2","SINAI 34",
"5249","FRAXI","2","SINAI 8",
"5250","AMBR7","3","SINAI 12",
"5251","FRAXI","3","SINAI 14",
"5252","LIGUS2","3","SINAI 24",
"5253","SMILA2","3","SINAI 28",
"5254","AMBR7","3","SINAI 3",
"5255","HAVI2","3","SINAI 3",
"5256","CEOR7","3","SINAI 30",
"5257","FRAXI","3","SINAI 30",
"5258","BETH","3","SINAI 8",
"5259","LONIC","4","SINAI 24",
"5260","LONIC","4","SINAI 25",
"5261","AGALA","5","SINAI 10",
"5262","LONIC","5","SINAI 13",
"5263","AGALA","5","SINAI 13",
"5264","PAQU2","5","SINAI 26",
"5265","LONIC","5","SINAI 28",
"5266","RUAL","5","SINAI 31",
"5267","TORA2","5","SINAI 8",
"5268","PAQU2","5","SINAI 8",
"5269","RUAL","6","SINAI 2",
"5270","TORA2","7","SINAI 30",
"5271","MIVI","8","SINAI 29",
"5272","LONIC","8","SINAI 30",
"5273","LONIC","8","SINAI 32",
"5274","CEOR7","10","SINAI 13",
"5275","LONIC","10","SINAI 26",
"5276","RUBUS ","10","SINAI 26",
"5277","RUAL","10","SINAI 28",
"5278","AMBR7","10","SINAI 29",
"5279","LONIC","10","SINAI 5",
"5280","LONIC","10","SINAI 8",
"5281","HEHE","12","SINAI 32",
"5282","FRAXI","15","SINAI 28",
"5283","RUAL","15","SINAI 32",
"5284","CEOR7","15","SINAI 8",
"5285","Moss","20","SINAI 10",
"5286","ROMU","20","SINAI 13",
"5287","HAVI2","20","SINAI 26",
"5288","EUPE3","20","SINAI 3",
"5289","LONIC","20","SINAI 31",
"5290","GECA7","20","SINAI 31",
"5291","RUAL","20","SINAI 5",
"5292","RUTH","25","SINAI 29",
"5293","RUPH","30","SINAI 26",
"5294","Unidentified Herb","30","SINAI 29",
"5295","IPCA","30","SINAI 33",
"5296","RUAL","35","SINAI 24",
"5297","RUAL","35","SINAI 25",
"5298","AMBR7","35","SINAI 31",
"5299","AMBR7","35","SINAI 33",
"5300","HAVI2","35","SINAI 33",
"5301","LONIC","45","SINAI 3",
"5302","LONIC","80","SINAI 34",
"5303","LONIC","1","SINAI 1","yes"
"5304","PRSE2","1","SINAI 1","yes"
"5305","FRAXI","1","SINAI 1","yes"
"5306","OXALI","1","SINAI 1","yes"
"5307","AMBR7","1","SINAI 1","yes"
"5308","TORA2","1","SINAI 10","yes"
"5309","ACRU","1","SINAI 10","yes"
"5310","ULMUS","1","SINAI 10","yes"
"5311","AMBR7","1","SINAI 11","yes"
"5312","POPE2","1","SINAI 11","yes"
"5313","LITU","1","SINAI 12","yes"
"5314","POPE2","1","SINAI 12","yes"
"5315","SOAL6","1","SINAI 13","yes"
"5316","OXALI","1","SINAI 13","yes"
"5317","ACRU","1","SINAI 14","yes"
"5318","AMBR7","1","SINAI 14","yes"
"5319","VIAC","1","SINAI 14","yes"
"5320","PRSE2","1","SINAI 14","yes"
"5321","FRAXI","1","SINAI 15","yes"
"5322","TORA2","1","SINAI 15","yes"
"5323","LITU","1","SINAI 16","yes"
"5324","ULMUS","1","SINAI 16","yes"
"5325","LONIC","1","SINAI 16","yes"
"5326","VIAC","1","SINAI 17","yes"
"5327","LITU","1","SINAI 17","yes"
"5328","ACRU","1","SINAI 17","yes"
"5329","LITU","1","SINAI 18","yes"
"5330","ACRU","1","SINAI 18","yes"
"5331","ACRU","1","SINAI 19","yes"
"5332","SMILA2","1","SINAI 19","yes"
"5333","FRPE","1","SINAI 19","yes"
"5334","IPCA","1","SINAI 2","yes"
"5335","LITU","1","SINAI 2","yes"
"5336","LONIC","1","SINAI 20","yes"
"5337","ACRU","1","SINAI 20","yes"
"5338","FAGR","1","SINAI 20","yes"
"5339","AMBR7","1","SINAI 20","yes"
"5340","ACRU","1","SINAI 21","yes"
"5341","PAQU2","1","SINAI 21","yes"
"5342","LITU","1","SINAI 21","yes"
"5343","TORA2","1","SINAI 21","yes"
"5344","BAMBU","1","SINAI 21","yes"
"5345","AMBR7","1","SINAI 22","yes"
"5346","CEOR7","1","SINAI 22","yes"
"5347","AMBR7","1","SINAI 23","yes"
"5348","ACRU","1","SINAI 23","yes"
"5349","LITU","1","SINAI 23","yes"
"5350","QUAL","1","SINAI 23","yes"
"5351","RUBUS","1","SINAI 23","yes"
"5352","PAQU2","1","SINAI 25","yes"
"5353","ARISA","1","SINAI 25","yes"
"5354","SMILA2","1","SINAI 25","yes"
"5355","PAQU2","1","SINAI 28","yes"
"5356","SASSA","1","SINAI 28","yes"
"5357","LONIC","1","SINAI 29","yes"
"5358","FRAGA","1","SINAI 29","yes"
"5359","PAQU2","1","SINAI 29","yes"
"5360","PAQU2","1","SINAI 30","yes"
"5361","TARAX","1","SINAI 31","yes"
"5362","CEOR7","1","SINAI 32","yes"
"5363","LONIC","1","SINAI 33","yes"
"5364","TORA2","1","SINAI 34","yes"
"5365","HEHE","1","SINAI 34","yes"
"5366","PAQU2","1","SINAI 34","yes"
"5367","FRAGA","1","SINAI 34","yes"
"5368","TORA2","1","SINAI 4","yes"
"5369","PAQU2","1","SINAI 4","yes"
"5370","PRSE2","1","SINAI 4","yes"
"5371","AMBR7","1","SINAI 4","yes"
"5372","AMBR7","1","SINAI 5","yes"
"5373","PAQU2","1","SINAI 6","yes"
"5374","LONIC","1","SINAI 6","yes"
"5375","AMBR7","1","SINAI 6","yes"
"5376","Unidentified Herb","1","SINAI 7","yes"
"5377","VITIS","1","SINAI 9","yes"
"5378","ROMU","1","SINAI 6","yes"
"5963","ROMU","25","FF 6",
"5964","HEHE","30","FF 6",
"5965","LOJA","15","FF 6",
"5966","CAGL8","10","FF 6",
"5967","MOAL","10","FF 6",
"5968","HEHE","60","FF 9",
"5969","PAQU2","5","FF 9",
"5970","CILU","5","FF 7",
"5971","HEHE","43","FF 7",
"5972","LOJA","15","FF 7",
"5973","FRAM2","10","FF 7",
"5974","VIRI","2","FF 7",
"5975","Moss","16","FF 3",
"5976","LOJA","10","FF 3",
"5977","PRSE2","5","FF 3",
"5978","ACPA2","1","FF 3","yes"
"5979","HEHE","10","FF 3",
"5980","VISO","5","FF 3",
"5981","ACRU","10","FF 3",
"5982","MORU","1","FF 3",
"5983","PAQU2","1","FF 3",
"5984","VIRI","1","FF 3","yes"
"5985","HEMER","1","FF 3",
"5986","HEHE","20","FF 1",
"5987","TORA2","4","FF 1",
"5988","ALPE4","1","FF 1","yes"
"5989","NYSY","2","FF 1",
"5990","OXALI","1","FF 1","yes"
"5991","DESMO","3","FF 1",
"5992","LOJA","8","FF 11",
"5993","NYSY","5","FF 11",
"5994","ALPE4","7","FF 11",
"5995","HEHE","25","FF 11",
"5996","VIDE","5","FF 11",
"5997","HEHE","25","FF 2",
"5998","TORA2","10","FF 2",
"5999","SMILA2","4","FF 2",
"6001","TORA2","7","FF 6",
"6002","LOJA","12","FF 6",
"6003","DESMO","3","FF 6",
"6004","CAGL8","3","FF 6",
"6005","VISO","2","FF 6",
"6006","ACRU","3","FF 6",
"6007","LOJA","25","FF 5",
"6008","HEHE","55","FF 5",
"6009","TORA2","5","FF 5",
"6010","TORA2","14","FF 13",
"6011","PHAM4","1","FF 13",
"6012","MOAL","25","FF 13",
"6013","ALJU","8","FF 14",
"6014","ALPE4","50","FF 14",
"6015","HEHE","7","FF 14",
"6016","LOJA","5","FF 14",
"6017","SOLID","60","BEL 1",
"6018","ACPL","20","BEL 1",
"6019","LOJA","8","BEL 1",
"6020","HEHE","2","BEL 1",
"6000","ROMU","4","FF 2",
"6021","HEHE","25","BEL 2",
"6022","PLMA2","5","WG 5",
"6023","HEHE","3","WG 5",
"6024","SOLID","20","WG 5",
"6025","GECA7","20","WG 5",
"6026","VIRI","4","WG 5",
"6027","GLHE2","5","WG 5",
"6028","TRRE3","1","WG 5",
"6029","SOOL","1","WG 5","yes"
"6030","CEOR7","1","WG 5",
"6031","AMBR7","1","WG 5","yes"
"6032","WISI","10","WG 5",
"6033","HETU","80","WG 4",
"6034","VIRI","20","WG 4",
"6035","QUMO4","1","WG 3","yes"
"6036","WISI","15","WG 3",
"6037","HEHE","45","WG 3",
"6038","PHAM4","20","WG 2",
"6039","VIRI","30","WG 2",
"6040","PLMA2","2","WG 2",
"6041","SODU","20","WG 2",
"6042","POPE2","7","WG 2",
"6043","DUIN2","1","WG 2",
"6044","MIVI","1","WG 2","yes"
"5832","HEHE","80","SW 4",
"5833","PAQU2","5","SW 4",
"5834","SOLID","15","SW 5 ",
"5835","ROMU","40","SW 5 ",
"5836","HEHE","15","SW 5 ",
"5837","PAQU2","5","SW 5 ",
"5838","VIRI","20","SW 5 ",
"5839","LOJA","5","SW 5 ",
"5840","TORA2","60","SW 6",
"5841","PAQU2","5","SW 6",
"5842","HEHE","10","SW 6",
"5843","IPPU2","5","SW 6",
"5844","SMILA2","15","SW 8",
"5845","HEHE","40","SW 8",
"5846","LOJA","10","SW 8",
"5847","SMILA2","30","SW 9",
"5848","LOJA","10","SW 9",
"5849","HEHE","8","SW 9",
"5850","SAAL5","2","SW 9",
"5851","HEHE","1","SW 10",
"5852","TORA2","1","SW 10","yes"
"5853","VIRI","1","SW 10","yes"
"5854","PAQU2","1","SW 10","yes"
"5855","PRSE2","3","SW 10",
"5856","GLHE2","30","SW 11",
"5857","LOJA","15","SW 11",
"5858","HEHE","10","SW 11",
"5859","CASE13","20","SW 11",
"5860","VIRI","15","SW 11",
"5861","TORA2","25","SW 12",
"5862","SMILA2","15","SW 12",
"5863","ALPE4","3","SW 12",
"5864","PAQU2","2","SW 12",
"5865","LOJA","15","SW 12",
"5866","HEHE","20","SW 12",
"5867","HEHE","85","SW 13",
"5868","CLTE4","5","SW 13",
"5869","VIRI","5","SW 13",
"5870","CALU5","10","SW 14",
"5871","IMCA","10","SW 14",
"5872","ROMU","10","SW 14",
"5873","VIRI","3","SW 14",
"5874","SOCA6","25","SW 14",
"5875","LIBE3","10","SW 14",
"5876","CASE13","2","SW 14",
"5877","VIRI","15","NMN 1",
"5878","HEHE","5","NMN 1",
"5879","AMAR2","30","NMN 1",
"5880","ROMU","15","NMN 1",
"5881","MOAL","20","NMN 1",
"5882","TAOF","1","NMN 1",
"5883","ASCA","1","NMN 1",
"5884","GLHE2","2","NMN 1",
"5885","POA","10","NMN 1",
"5886","LOJA","1","NMN 1",
"5887","VIRI","15","NMN 2",
"5888","LOJA","40","NMN 2",
"5889","DUIN2","5","NMN 2",
"5890","VIMI2","15","NMN 2",
"5891","MORU","15","NMN 2",
"5892","SEVA4","50","NMN 3",
"5893","PRSE2","1","NMN 3",
"5894","GLHE2","10","NMN 3",
"5895","TAOF","1","NMN 3","yes"
"5896","VIRI","2","NMN 3",
"5897","VIMI2","5","NMN 3",
"5898","VIOLA","25","NMN 3",
"5899","DUIN2","1","NMN 3","yes"
"5900","ELRE4","1","NMN 3",
"5901","POA","3","NMN 3",
"5902","HEHE","1","NMN 3",
