"1","1","200","SGDW 2"
"2","2","250","SGDW 2"
"3","3","150","SGDW 2"
"4","4","200","SGDW 2"
"5","5","100","SGDW 2"
"6","1","200","SGDW 1"
"7","2","150","SGDW 1"
"8","3","250","SGDW 1"
"9","4","250","SGDW 1"
"10","1","150","SGDW 5"
"11","2","175","SGDW 5"
"12","3","200","SGDW 5"
"13","4","150","SGDW 5"
"14","5","250","SGDW 5"
"15","1","175","SGDW 7"
"16","2","100","SGDW 7"
"17","3","200","SGDW 7"
"18","4","250","SGDW 7"
"19","5","225","SGDW 7"
"20","1","150","SGDW 6"
"21","2","175","SGDW 6"
"22","3","200","SGDW 6"
"23","4","250","SGDW 6"
"24","5","200","SGDW 6"
"39","1","100","SGDW 4"
"40","2","200","SGDW 4"
"41","3","200","SGDW 4"
"42","4","100","SGDW 4"
"43","5","150","SGDW 4"
"44","1","100","SGDW 3"
"45","2","225","SGDW 3"
"46","3","250","SGDW 3"
"47","4","250","SGDW 3"
"48","5","250","SGDW 3"
"49","1","250","SGDW 8"
"50","2","175","SGDW 8"
"51","3","200","SGDW 8"
"52","4","200","SGDW 8"
"53","5","250","SGDW 8"
"54","1","200","SGDW 12"
"55","2","200","SGDW 12"
"56","3","250","SGDW 12"
"57","4","250","SGDW 12"
"58","5","250","SGDW 12"
"60","1","200","SGDW 10"
"61","2","150","SGDW 10"
"62","3","175","SGDW 10"
"63","4","175","SGDW 10"
"64","5","200","SGDW 10"
"65","1","300","SGDW 11"
"66","2","320","SGDW 11"
"67","3","300","SGDW 11"
"68","4","250","SGDW 11"
"69","5","250","SGDW 11"
"70","1","100","SGDW 9"
"71","2","100","SGDW 9"
"72","3","200","SGDW 9"
"73","4","250","SGDW 9"
"74","5","175","SGDW 9"
"75","1","100","JH 4"
"76","2","200","JH 4"
"77","3","200","JH 4"
"78","4","150","JH 4"
"79","5","150","JH 4"
"80","1","150","JH 1"
"81","2","200","JH 1"
"82","3","200","JH 1"
"83","4","150","JH 1"
"84","5","200","JH 1"
"85","1","200","JH 3"
"86","2","200","JH 3"
"87","3","200","JH 3"
"88","4","150","JH 3"
"89","5","150","JH 3"
"90","1","200","JH 5"
"91","2","250","JH 5"
"92","3","250","JH 5"
"93","4","200","JH 5"
"94","5","200","JH 5"
"95","1","200","JH 6"
"96","2","250","JH 6"
"97","3","200","JH 6"
"98","4","200","JH 6"
"99","5","200","JH 6"
"100","1","100","JH 7"
"101","2","100","JH 7"
"102","3","100","JH 7"
"103","4","100","JH 7"
"104","5","100","JH 7"
"105","1","200","JH 8"
"106","2","250","JH 8"
"107","3","250","JH 8"
"108","4","250","JH 8"
"109","5","250","JH 8"
"110","1","50","JH 9"
"111","2","50","JH 9"
"112","3","100","JH 9"
"113","4","100","JH 9"
"114","5","100","JH 9"
"115","1","50","JH 10"
"116","2","50","JH 10"
"117","3","50","JH 10"
"118","4","200","JH 10"
"119","5","100","JH 10"
"120","1","250","JH 11"
"121","2","300","JH 11"
"122","3","300","JH 11"
"123","4","150","JH 11"
"124","5","250","JH 11"
"125","1","250","JH 12"
"126","2","250","JH 12"
"127","3","250","JH 12"
"128","4","200","JH 12"
"129","5","200","JH 12"
"130","1","150","JH 13"
"131","2","100","JH 13"
"132","3","200","JH 13"
"133","4","200","JH 13"
"134","5","175","JH 13"
"135","1","150","JH 14"
"136","2","200","JH 14"
"137","3","100","JH 14"
"138","4","100","JH 14"
"139","5","100","JH 14"
"140","1","100","JH 15"
"141","2","150","JH 15"
"142","3","100","JH 15"
"143","4","150","JH 15"
"144","5","150","JH 15"
"145","1","200","HEPP 1"
"146","2","250","HEPP 1"
"147","3","300","HEPP 1"
"148","4","200","HEPP 1"
"149","5","250","HEPP 1"
"150","1","200","HEPP 2"
"151","2","200","HEPP 2"
"152","3","150","HEPP 2"
"153","4","250","HEPP 2"
"154","5","200","HEPP 2"
"155","1","250","HEPP 3"
"156","2","300","HEPP 3"
"157","3","250","HEPP 3"
"158","4","250","HEPP 3"
"159","5","300","HEPP 3"
"160","1","200","HEPP 4"
"161","2","250","HEPP 4"
"162","3","200","HEPP 4"
"163","4","250","HEPP 4"
"164","5","200","HEPP 4"
"165","1","200","HEPP 5"
"166","2","200","HEPP 5"
"167","3","200","HEPP 5"
"168","4","150","HEPP 5"
"169","5","250","HEPP 5"
"170","1","150","HEPP 6"
"171","2","150","HEPP 6"
"172","3","200","HEPP 6"
"173","4","250","HEPP 6"
"174","5","250","HEPP 6"
"175","1","200","HEPP 7"
"176","2","200","HEPP 7"
"177","3","150","HEPP 7"
"178","4","150","HEPP 7"
"179","5","200","HEPP 7"
"180","1","200","HEPP 8"
"181","2","200","HEPP 8"
"182","3","200","HEPP 8"
"183","4","250","HEPP 8"
"184","5","250","HEPP 8"
"185","1","200","HEPP 9"
"186","2","250","HEPP 9"
"187","3","150","HEPP 9"
"188","4","300","HEPP 9"
"189","5","250","HEPP 9"
"190","1","200","HEPP 10"
"191","2","200","HEPP 10"
"192","3","150","HEPP 10"
"193","4","150","HEPP 10"
"194","5","200","HEPP 10"
"195","1","200","HEPP 11"
"196","2","200","HEPP 11"
"197","3","250","HEPP 11"
"198","4","250","HEPP 11"
"199","5","250","HEPP 11"
"200","1","150","HEPP 12"
"201","2","200","HEPP 12"
"202","3","250","HEPP 12"
"203","4","200","HEPP 12"
"204","5","250","HEPP 12"
"205","1","200","HEPP 13"
"206","2","250","HEPP 13"
"207","3","200","HEPP 13"
"208","4","150","HEPP 13"
"209","5","200","HEPP 13"
"210","1","25","SW 4"
"211","2","0","SW 4"
"212","3","0","SW 4"
"213","4","0","SW 4"
"214","5","25","SW 4"
"215","1","150","SW 5"
"216","2","150","SW 5"
"217","3","100","SW 5"
"218","4","100","SW 5"
"219","5","100","SW 5"
"220","1","200","SW 6"
"221","2","50","SW 6"
"222","3","100","SW 6"
"223","4","100","SW 6"
"224","5","100","SW 6"
"225","1","50","SW 8"
"226","2","50","SW 8"
"227","3","25","SW 8"
"228","4","50","SW 8"
"229","5","25","SW 8"
"230","1","100","SW 9"
"231","2","150","SW 9"
"232","3","150","SW 9"
"233","4","100","SW 9"
"234","5","100","SW 9"
"235","1","200","SW 10"
"236","2","250","SW 10"
"237","3","250","SW 10"
"238","4","200","SW 10"
"239","5","200","SW 10"
"240","1","300","SW 11"
"241","2","300","SW 11"
"242","3","300","SW 11"
"243","4","300","SW 11"
"244","5","300","SW 11"
"245","1","150","SW 12"
"246","2","200","SW 12"
"247","3","100","SW 12"
"248","4","150","SW 12"
"249","5","150","SW 12"
"250","1","100","SW 13"
"251","2","25","SW 13"
"252","3","25","SW 13"
"253","4","100","SW 13"
"254","5","25","SW 13"
"255","1","300","AH 1"
"256","2","300","AH 1"
"257","3","325","AH 1"
"258","4","250","AH 1"
"259","5","300","AH 1"
"260","1","200","AH 12"
"261","2","150","AH 12"
"262","3","150","AH 12"
"263","4","200","AH 12"
"264","5","225","AH 12"
"265","1","90","AH 14"
"266","2","90","AH 14"
"267","3","125","AH 14"
"268","4","150","AH 14"
"269","5","125","AH 14"
"270","1","350","AH 4"
"271","2","350","AH 4"
"272","3","300","AH 4"
"273","4","375","AH 4"
"274","5","375","AH 4"
"275","1","100","AH 7"
"276","2","140","AH 7"
"277","3","100","AH 7"
"278","4","150","AH 7"
"279","5","120","AH 7"
"280","1","310","AH 8"
"281","2","310","AH 8"
"282","3","320","AH 8"
"283","4","275","AH 8"
"284","5","290","AH 8"
"285","1","275","GS 10"
"286","2","225","GS 10"
"287","3","210","GS 10"
"288","4","250","GS 10"
"289","5","235","GS 10"
"290","1","275","GS 18"
"291","2","300","GS 18"
"292","3","300","GS 18"
"293","4","325","GS 18"
"294","5","350","GS 18"
"295","1","200","GS 2"
"296","2","200","GS 2"
"297","3","225","GS 2"
"298","4","200","GS 2"
"299","5","225","GS 2"
"300","1","35","GS 21"
"301","2","35","GS 21"
"302","3","90","GS 21"
"303","4","100","GS 21"
"304","5","90","GS 21"
"305","1","350","GS 26"
"306","2","350","GS 26"
"307","3","310","GS 26"
"308","4","350","GS 26"
"309","5","350","GS 26"
"310","1","130","GS 28"
"311","2","100","GS 28"
"312","3","140","GS 28"
"313","4","120","GS 28"
"314","5","110","GS 28"
"315","1","250","GS 31"
"316","2","275","GS 31"
"317","3","200","GS 31"
"318","4","310","GS 31"
"319","5","250","GS 31"
"320","1","200","GS 5"
"321","2","200","GS 5"
"322","3","240","GS 5"
"323","4","190","GS 5"
"324","5","240","GS 5"
"325","1","375","GS 8"
"326","2","400","GS 8"
"327","3","375","GS 8"
"328","4","375","GS 8"
"329","5","390","GS 8"
"330","1","100","HR 1"
"331","2","110","HR 1"
"332","3","150","HR 1"
"333","4","125","HR 1"
"334","5","120","HR 1"
"335","1","100","HR 10"
"336","2","75","HR 10"
"337","3","100","HR 10"
"338","4","190","HR 10"
"339","5","100","HR 10"
"340","1","90","HR 11"
"341","2","90","HR 11"
"342","3","100","HR 11"
"343","4","100","HR 11"
"344","5","100","HR 11"
"345","1","100","HR 14"
"346","2","100","HR 14"
"347","3","100","HR 14"
"348","4","100","HR 14"
"349","5","90","HR 14"
"350","1","125","HR 15"
"351","2","140","HR 15"
"352","3","150","HR 15"
"353","4","150","HR 15"
"354","5","140","HR 15"
"355","1","300","HR 16"
"356","2","350","HR 16"
"357","3","350","HR 16"
"358","4","350","HR 16"
"359","5","250","HR 16"
"360","1","150","HR 17"
"361","2","150","HR 17"
"362","3","150","HR 17"
"363","4","150","HR 17"
"364","5","150","HR 17"
"365","1","400","HR 18"
"366","2","399","HR 18"
"367","3","300","HR 18"
"368","4","250","HR 18"
"369","5","300","HR 18"
"370","1","150","HR 19"
"371","2","175","HR 19"
"372","3","175","HR 19"
"373","4","160","HR 19"
"374","5","130","HR 19"
"375","1","175","HR 2"
"376","2","175","HR 2"
"377","3","150","HR 2"
"378","4","150","HR 2"
"379","5","100","HR 2"
"380","1","150","HR 20"
"381","2","150","HR 20"
"382","3","150","HR 20"
"383","4","125","HR 20"
"384","5","150","HR 20"
"385","1","150","HR 3"
"386","2","125","HR 3"
"387","3","150","HR 3"
"388","4","100","HR 3"
"389","5","125","HR 3"
"390","1","125","HR 4"
"391","2","140","HR 4"
"392","3","95","HR 4"
"393","4","115","HR 4"
"394","5","125","HR 4"
"395","1","90","HR 5"
"396","2","130","HR 5"
"397","3","90","HR 5"
"398","4","150","HR 5"
"399","5","125","HR 5"
"400","1","325","HR 6"
"401","2","350","HR 6"
"402","3","300","HR 6"
"403","4","310","HR 6"
"404","5","350","HR 6"
"405","1","50","HR 7"
"406","2","75","HR 7"
"407","3","100","HR 7"
"408","4","100","HR 7"
"409","5","110","HR 7"
"410","1","75","HR 8"
"411","2","100","HR 8"
"412","3","75","HR 8"
"413","4","100","HR 8"
"414","5","75","HR 8"
"415","1","250","HR 9"
"416","2","250","HR 9"
"417","3","300","HR 9"
"418","4","300","HR 9"
"419","5","225","HR 9"
"420","1","75","LOYOLA 18"
"421","5","85","LOYOLA 22"
"422","1","85","LOYOLA 34"
"423","5","95","LOYOLA 16"
"424","1","95","LOYOLA 24"
"425","3","95","LOYOLA 34"
"426","1","100","LOYOLA 10"
"427","4","100","LOYOLA 10"
"428","5","100","LOYOLA 10"
"429","4","100","LOYOLA 16"
"430","2","100","LOYOLA 18"
"431","3","100","LOYOLA 18"
"432","2","100","LOYOLA 34"
"433","4","100","LOYOLA 34"
"434","2","110","LOYOLA 10"
"435","2","110","LOYOLA 16"
"436","3","110","LOYOLA 16"
"437","4","110","LOYOLA 22"
"438","2","110","LOYOLA 24"
"439","5","110","LOYOLA 34"
"440","4","115","LOYOLA 18"
"441","5","115","LOYOLA 18"
"442","4","115","LOYOLA 24"
"443","2","120","LOYOLA 22"
"444","3","120","LOYOLA 22"
"445","3","125","LOYOLA 10"
"446","1","125","LOYOLA 16"
"447","3","125","LOYOLA 24"
"448","4","125","LOYOLA 4"
"449","2","130","LOYOLA 12"
"450","2","140","LOYOLA 52 "
"451","1","150","LOYOLA 12"
"452","4","150","LOYOLA 12"
"453","5","150","LOYOLA 12"
"454","1","150","LOYOLA 22"
"455","5","150","LOYOLA 24"
"456","5","150","LOYOLA 4"
"457","3","150","LOYOLA 52 "
"458","4","150","LOYOLA 52 "
"459","2","150","LOYOLA 8"
"460","5","160","LOYOLA 52 "
"461","1","175","LOYOLA 4"
"462","1","175","LOYOLA 8"
"463","3","200","LOYOLA 12"
"464","1","200","LOYOLA 26"
"465","2","200","LOYOLA 4"
"466","3","200","LOYOLA 4"
"467","3","200","LOYOLA 8"
"468","4","200","LOYOLA 8"
"469","5","200","LOYOLA 8"
"470","1","240","LOYOLA 52 "
"471","1","250","LOYOLA 36"
"472","2","250","LOYOLA 36"
"473","4","250","LOYOLA 36"
"474","5","260","LOYOLA 58"
"475","3","275","LOYOLA 36"
"476","1","275","LOYOLA 58"
"477","2","275","LOYOLA 60"
"478","4","280","LOYOLA 58"
"479","5","300","LOYOLA 36"
"480","2","300","LOYOLA 58"
"481","3","300","LOYOLA 58"
"482","1","300","LOYOLA 60"
"483","3","300","LOYOLA 60"
"484","4","300","LOYOLA 60"
"485","5","350","LOYOLA 60"
"486","1","400","LOYOLA 64"
"487","2","400","LOYOLA 64"
"488","3","400","LOYOLA 64"
"489","4","400","LOYOLA 64"
"490","5","400","LOYOLA 64"
"491","1",,"LOYOLA 14"
"492","2",,"LOYOLA 14"
"493","3",,"LOYOLA 14"
"494","4",,"LOYOLA 14"
"495","5",,"LOYOLA 14"
"496","1",,"LOYOLA 2"
"497","2",,"LOYOLA 2"
"498","3",,"LOYOLA 2"
"499","4",,"LOYOLA 2"
"500","5",,"LOYOLA 2"
"501","1",,"LOYOLA 20"
"502","2",,"LOYOLA 20"
"503","3",,"LOYOLA 20"
"504","4",,"LOYOLA 20"
"505","5",,"LOYOLA 20"
"506","2",,"LOYOLA 26"
"507","3",,"LOYOLA 26"
"508","4",,"LOYOLA 26"
"509","5",,"LOYOLA 26"
"510","1",,"LOYOLA 30"
"511","2",,"LOYOLA 30"
"512","3",,"LOYOLA 30"
"513","4",,"LOYOLA 30"
"514","5",,"LOYOLA 30"
"515","1",,"LOYOLA 40"
"516","2",,"LOYOLA 40"
"517","3",,"LOYOLA 40"
"518","4",,"LOYOLA 40"
"519","5",,"LOYOLA 40"
"520","1",,"LOYOLA 42"
"521","2",,"LOYOLA 42"
"522","3",,"LOYOLA 42"
"523","4",,"LOYOLA 42"
"524","5",,"LOYOLA 42"
"525","1",,"LOYOLA 54"
"526","2",,"LOYOLA 54"
"527","3",,"LOYOLA 54"
"528","4",,"LOYOLA 54"
"529","5",,"LOYOLA 54"
"530","1",,"LOYOLA 56"
"531","2",,"LOYOLA 56"
"532","3",,"LOYOLA 56"
"533","4",,"LOYOLA 56"
"534","5",,"LOYOLA 56"
"535","1",,"LOYOLA 6"
"536","2",,"LOYOLA 6"
"537","3",,"LOYOLA 6"
"538","4",,"LOYOLA 6"
"539","5",,"LOYOLA 6"
"540","1",,"LOYOLA 62"
"541","2",,"LOYOLA 62"
"542","3",,"LOYOLA 62"
"543","4",,"LOYOLA 62"
"544","5",,"LOYOLA 62"
"740","1","150","MDSB 10"
"741","2","120","MDSB 10"
"742","3","100","MDSB 10"
"743","4","150","MDSB 10"
"744","5","150","MDSB 10"
"745","1","90","MDSB 11"
"746","2","100","MDSB 11"
"747","3","110","MDSB 11"
"748","4","100","MDSB 11"
"749","5","75","MDSB 11"
"750","1","80","MDSB 12"
"751","2","60","MDSB 12"
"752","3","75","MDSB 12"
"753","4","60","MDSB 12"
"754","5","60","MDSB 12"
"755","1","75","MDSB 13"
"756","2","100","MDSB 13"
"757","3","100","MDSB 13"
"758","4","90","MDSB 13"
"759","5","100","MDSB 13"
"760","1","40","MDSB 16"
"761","2","40","MDSB 16"
"762","3","55","MDSB 16"
"763","4","60","MDSB 16"
"764","5","55","MDSB 16"
"765","1","100","MDSB 19"
"766","2","100","MDSB 19"
"767","3","150","MDSB 19"
"768","4","100","MDSB 19"
"769","5","50","MDSB 19"
"770","1","75","MDSB 2"
"771","2","75","MDSB 2"
"772","3","75","MDSB 2"
"773","4","100","MDSB 2"
"774","5","125","MDSB 2"
"775","1","50","MDSB 22"
"776","2","100","MDSB 22"
"777","3","50","MDSB 22"
"778","4","75","MDSB 22"
"779","5","50","MDSB 22"
"780","1","90","MDSB 25"
"781","2","125","MDSB 25"
"782","3","110","MDSB 25"
"783","4","125","MDSB 25"
"784","5","110","MDSB 25"
"785","1","100","MDSB 28"
"786","2","100","MDSB 28"
"787","3","125","MDSB 28"
"788","4","125","MDSB 28"
"789","5","130","MDSB 28"
"790","1","80","MDSB 3"
"791","2","90","MDSB 3"
"792","3","80","MDSB 3"
"793","4","90","MDSB 3"
"794","5","100","MDSB 3"
"795","1","90","MDSB 31"
"796","2","100","MDSB 31"
"797","3","75","MDSB 31"
"798","4","125","MDSB 31"
"799","5","75","MDSB 31"
"800","1","150","MDSB 34"
"801","2","130","MDSB 34"
"802","3","140","MDSB 34"
"803","4","100","MDSB 34"
"804","5","125","MDSB 34"
"805","1","150","MDSB 37"
"806","2","140","MDSB 37"
"807","3","150","MDSB 37"
"808","4","150","MDSB 37"
"809","5","125","MDSB 37"
"810","1","50","MDSB 4"
"811","2","50","MDSB 4"
"812","3","50","MDSB 4"
"813","4","50","MDSB 4"
"814","5","75","MDSB 4"
"815","1","125","MDSB 40"
"816","2","150","MDSB 40"
"817","3","115","MDSB 40"
"818","4","145","MDSB 40"
"819","5","100","MDSB 40"
"820","1","140","MDSB 43"
"821","2","175","MDSB 43"
"822","3","150","MDSB 43"
"823","4","160","MDSB 43"
"824","5","150","MDSB 43"
"825","1","175","MDSB 45"
"826","2","150","MDSB 45"
"827","3","125","MDSB 45"
"828","4","120","MDSB 45"
"829","5","100","MDSB 45"
"830","1","100","MDSB 48"
"831","2","125","MDSB 48"
"832","3","90","MDSB 48"
"833","4","90","MDSB 48"
"834","5","125","MDSB 48"
"835","1","75","MDSB 5"
"836","2","60","MDSB 5"
"837","3","100","MDSB 5"
"838","4","90","MDSB 5"
"839","5","90","MDSB 5"
"840","1","40","MDSB 6"
"841","2","100","MDSB 6"
"842","3","90","MDSB 6"
"843","4","25","MDSB 6"
"844","5","60","MDSB 6"
"845","1","60","MDSB 7"
"846","2","75","MDSB 7"
"847","3","50","MDSB 7"
"848","4","50","MDSB 7"
"849","5","45","MDSB 7"
"850","1","25","MDSB 8"
"851","2","75","MDSB 8"
"852","3","150","MDSB 8"
"853","4","125","MDSB 8"
"854","5","100","MDSB 8"
"855","1","100","MDSB 9"
"856","2","100","MDSB 9"
"857","3","120","MDSB 9"
"858","4","140","MDSB 9"
"859","5","110","MDSB 9"
"860","1","100","ND 1"
"861","2","125","ND 1"
"862","3","115","ND 1"
"863","4","100","ND 1"
"864","5","100","ND 1"
"865","1","350","ND 12"
"866","2","350","ND 12"
"867","3","350","ND 12"
"868","4","300","ND 12"
"869","5","350","ND 12"
"870","1","200","ND 13"
"871","2","200","ND 13"
"872","3","175","ND 13"
"873","4","200","ND 13"
"874","5","175","ND 13"
"875","1","175","ND 14"
"876","2","200","ND 14"
"877","3","250","ND 14"
"878","4","300","ND 14"
"879","5","250","ND 14"
"880","1","175","ND 18"
"881","2","175","ND 18"
"882","3","150","ND 18"
"883","4","125","ND 18"
"884","5","125","ND 18"
"885","1","300","ND 19"
"886","2","275","ND 19"
"887","3","300","ND 19"
"888","4","250","ND 19"
"889","5","250","ND 19"
"890","1","350","ND 22"
"891","2","350","ND 22"
"892","3","325","ND 22"
"893","4","350","ND 22"
"894","5","375","ND 22"
"895","1","350","ND 23"
"896","2","300","ND 23"
"897","3","350","ND 23"
"898","4","325","ND 23"
"899","5","350","ND 23"
"900","1","175","ND 24"
"901","2","200","ND 24"
"902","3","150","ND 24"
"903","4","200","ND 24"
"904","5","200","ND 24"
"905","1","100","ND 25"
"906","2","100","ND 25"
"907","3","125","ND 25"
"908","4","130","ND 25"
"909","5","115","ND 25"
"910","1","175","ND 28"
"911","2","300","ND 28"
"912","3","300","ND 28"
"913","4","325","ND 28"
"914","5","325","ND 28"
"915","1","350","ND 30"
"916","2","350","ND 30"
"917","3","400","ND 30"
"918","4","375","ND 30"
"919","5","325","ND 30"
"920","1","350","ND 34"
"921","2","350","ND 34"
"922","3","375","ND 34"
"923","4","400","ND 34"
"924","5","375","ND 34"
"925","1","300","ND 37"
"926","2","350","ND 37"
"927","3","325","ND 37"
"928","4","300","ND 37"
"929","5","325","ND 37"
"930","1","200","ND 38"
"931","2","300","ND 38"
"932","3","300","ND 38"
"933","4","250","ND 38"
"934","5","325","ND 38"
"935","1","250","ND 4"
"936","2","300","ND 4"
"937","3","350","ND 4"
"938","4","300","ND 4"
"939","5","300","ND 4"
"940","1","120","ND 5"
"941","2","125","ND 5"
"942","3","100","ND 5"
"943","4","100","ND 5"
"944","5","130","ND 5"
"945","1","175","ND 7"
"946","2","180","ND 7"
"947","3","200","ND 7"
"948","4","225","ND 7"
"949","5","215","ND 7"
"950","1","250","ND 9"
"951","2","275","ND 9"
"952","3","250","ND 9"
"953","4","300","ND 9"
"954","5","325","ND 9"
"955","1","110","RPCS 1"
"956","2","160","RPCS 1"
"957","3","190","RPCS 1"
"958","4","150","RPCS 1"
"959","5","150","RPCS 1"
"960","1","125","RPCS 13"
"961","2","190","RPCS 13"
"962","3","125","RPCS 13"
"963","4","110","RPCS 13"
"964","5","150","RPCS 13"
"965","1","150","RPCS 17"
"966","2","100","RPCS 17"
"967","3","100","RPCS 17"
"968","4","100","RPCS 17"
"969","5","200","RPCS 17"
"970","1","140","RPCS 20"
"971","2","130","RPCS 20"
"972","3","140","RPCS 20"
"973","4","175","RPCS 20"
"974","5","150","RPCS 20"
"975","1","110","RPCS 23"
"976","2","75","RPCS 23"
"977","3","30","RPCS 23"
"978","4","110","RPCS 23"
"979","5","145","RPCS 23"
"980","1","85","RPCS 6"
"981","2","95","RPCS 6"
"982","3","110","RPCS 6"
"983","4","100","RPCS 6"
"984","5","130","RPCS 6"
"985","1","150","RPCS 9"
"986","2","200","RPCS 9"
"987","3","150","RPCS 9"
"988","4","150","RPCS 9"
"989","5","175","RPCS 9"
"990","1","275","SETON 13"
"991","2","275","SETON 13"
"992","3","310","SETON 13"
"993","4","250","SETON 13"
"994","5","300","SETON 13"
"995","1","240","SETON 15"
"996","2","210","SETON 15"
"997","3","275","SETON 15"
"998","4","200","SETON 15"
"999","5","200","SETON 15"
"1000","1","270","SETON 17"
"1001","2","250","SETON 17"
"1002","3","280","SETON 17"
"1003","4","280","SETON 17"
"1004","5","300","SETON 17"
"1005","1","300","SETON 2"
"1006","2","300","SETON 2"
"1007","3","275","SETON 2"
"1008","4","310","SETON 2"
"1009","5","300","SETON 2"
"1010","1","300","SETON 20"
"1011","2","350","SETON 20"
"1012","3","250","SETON 20"
"1013","4","300","SETON 20"
"1014","5","325","SETON 20"
"1015","1","300","SETON 23"
"1016","2","300","SETON 23"
"1017","3","260","SETON 23"
"1018","4","275","SETON 23"
"1019","5","310","SETON 23"
"1020","1","275","SETON 26"
"1021","2","270","SETON 26"
"1022","3","250","SETON 26"
"1023","4","300","SETON 26"
"1024","5","300","SETON 26"
"1025","1","200","SETON 29"
"1026","2","150","SETON 29"
"1027","3","225","SETON 29"
"1028","4","150","SETON 29"
"1029","5","125","SETON 29"
"1030","1","250","SETON 6"
"1031","2","175","SETON 6"
"1032","3","190","SETON 6"
"1033","4","150","SETON 6"
"1034","5","300","SETON 6"
"1035","1","250","SETON 9"
"1036","2","250","SETON 9"
"1037","3","250","SETON 9"
"1038","4","275","SETON 9"
"1039","5","275","SETON 9"
"1040","1","125","SINAI 13"
"1041","2","150","SINAI 13"
"1042","3","150","SINAI 13"
"1043","4","100","SINAI 13"
"1044","5","100","SINAI 13"
"1045","1","275","SINAI 16"
"1046","2","275","SINAI 16"
"1047","3","225","SINAI 16"
"1048","4","230","SINAI 16"
"1049","5","300","SINAI 16"
"1050","1","210","SINAI 19"
"1051","2","210","SINAI 19"
"1052","3","240","SINAI 19"
"1053","4","225","SINAI 19"
"1054","5","275","SINAI 19"
"1055","1","175","SINAI 23"
"1056","2","180","SINAI 23"
"1057","3","200","SINAI 23"
"1058","4","200","SINAI 23"
"1059","5","185","SINAI 23"
"1060","1","150","SINAI 26"
"1061","2","150","SINAI 26"
"1062","3","150","SINAI 26"
"1063","4","150","SINAI 26"
"1064","5","160","SINAI 26"
"1065","1","135","SINAI 27"
"1066","2","210","SINAI 27"
"1067","3","160","SINAI 27"
"1068","4","175","SINAI 27"
"1069","5","175","SINAI 27"
"1070","1","225","SINAI 31"
"1071","2","250","SINAI 31"
"1072","3","275","SINAI 31"
"1073","4","175","SINAI 31"
"1074","5","225","SINAI 31"
"1075","1","200","SINAI 34"
"1076","2","200","SINAI 34"
"1077","3","175","SINAI 34"
"1078","4","150","SINAI 34"
"1079","5","250","SINAI 34"
"1080","1","170","SINAI 4"
"1081","2","180","SINAI 4"
"1082","3","200","SINAI 4"
"1083","4","200","SINAI 4"
"1084","5","165","SINAI 4"
"1085","1","160","SINAI 7"
"1086","2","200","SINAI 7"
"1087","3","150","SINAI 7"
"1088","4","150","SINAI 7"
"1089","5","170","SINAI 7"
"1090","1","175","SINAI 9"
"1091","2","175","SINAI 9"
"1092","3","180","SINAI 9"
"1093","4","180","SINAI 9"
"1094","5","175","SINAI 9"
"1095","1","125","JHU 11"
"1096","2","125","JHU 11"
"1097","3","150","JHU 11"
"1098","4","125","JHU 11"
"1099","5","150","JHU 11"
"1100","1","175","JHU 12"
"1101","2","200","JHU 12"
"1102","3","160","JHU 12"
"1103","4","175","JHU 12"
"1104","5","205","JHU 12"
"1105","1","275","JHU 13"
"1106","2","250","JHU 13"
"1107","3","240","JHU 13"
"1108","4","200","JHU 13"
"1109","5","250","JHU 13"
"1110","1","200","JHU 19"
"1111","2","175","JHU 19"
"1112","3","175","JHU 19"
"1113","4","175","JHU 19"
"1114","5","150","JHU 19"
"1115","1","240","JHU 23"
"1116","2","300","JHU 23"
"1117","3","240","JHU 23"
"1118","4","275","JHU 23"
"1119","5","275","JHU 23"
"1120","1","180","JHU 24"
"1121","2","180","JHU 24"
"1122","3","200","JHU 24"
"1123","4","200","JHU 24"
"1124","5","175","JHU 24"
"1125","1","150","JHU 29"
"1126","2","130","JHU 29"
"1127","3","75","JHU 29"
"1128","4","200","JHU 29"
"1129","5","200","JHU 29"
"1130","1","150","JHU 32"
"1131","2","160","JHU 32"
"1132","3","175","JHU 32"
"1133","4","200","JHU 32"
"1134","5","140","JHU 32"
"1135","1","240","JHU 38"
"1136","2","300","JHU 38"
"1137","3","310","JHU 38"
"1138","4","320","JHU 38"
"1139","5","250","JHU 38"
"1140","1","240","JHU 41"
"1141","2","275","JHU 41"
"1142","3","300","JHU 41"
"1143","4","275","JHU 41"
"1144","5","300","JHU 41"
"1145","1","350","JHU 45"
"1146","2","350","JHU 45"
"1147","3","300","JHU 45"
"1148","4","300","JHU 45"
"1149","5","275","JHU 45"
"1150","1","65","JHU 46"
"1151","2","85","JHU 46"
"1152","3","110","JHU 46"
"1153","4","120","JHU 46"
"1154","5","125","JHU 46"
"1155","1","200","JHU 50"
"1156","2","200","JHU 50"
"1157","3","180","JHU 50"
"1158","4","150","JHU 50"
"1159","5","190","JHU 50"
"1160","1","275","JHU 53"
"1161","2","200","JHU 53"
"1162","3","250","JHU 53"
"1163","4","300","JHU 53"
"1164","5","250","JHU 53"
"1165","1","160","JHU 56"
"1166","2","200","JHU 56"
"1167","3","150","JHU 56"
"1168","4","200","JHU 56"
"1169","5","210","JHU 56"
"1170","1","250","JHU 6"
"1171","2","150","JHU 6"
"1172","3","200","JHU 6"
"1173","4","150","JHU 6"
"1174","5","160","JHU 6"
"1175","1","100","JHU 60"
"1176","2","120","JHU 60"
"1177","3","140","JHU 60"
"1178","4","100","JHU 60"
"1179","5","110","JHU 60"
"1180","1","150","JHU 62"
"1181","2","175","JHU 62"
"1182","3","150","JHU 62"
"1183","4","190","JHU 62"
"1184","5","160","JHU 62"
"1185","1","175","JHU 9"
"1186","2","175","JHU 9"
"1187","3","150","JHU 9"
"1188","4","200","JHU 9"
"1189","5","250","JHU 9"
"1190","1","150","NMN 1"
"1191","2","100","NMN 1"
"1192","3","150","NMN 1"
"1193","4","150","NMN 1"
"1194","5","100","NMN 1"
"1195","1","150","NMN 2"
"1196","2","200","NMN 2"
"1197","3","200","NMN 2"
"1198","4","200","NMN 2"
"1199","5","250","NMN 2"
"1200","1","150","NMN 3"
"1201","2","200","NMN 3"
"1202","3","250","NMN 3"
"1203","4","150","NMN 3"
"1204","5","200","NMN 3"
"1250","1","100","FRIENDS 2"
"1251","2","100","FRIENDS 2"
"1252","3","100","FRIENDS 2"
"1253","4","25","FRIENDS 2"
"1254","5","100","FRIENDS 2"
"1255","1","50","FRIENDS 3"
"1256","2","25","FRIENDS 3"
"1257","3","100","FRIENDS 3"
"1258","4","100","FRIENDS 3"
"1259","5","100","FRIENDS 3"
"1260","1","300","FRIENDS 5"
"1261","2","250","FRIENDS 5"
"1262","3","250","FRIENDS 5"
"1263","4","100","FRIENDS 5"
"1264","5","100","FRIENDS 5"
"1265","1","25","FRIENDS 4"
"1266","2","25","FRIENDS 4"
"1267","3","150","FRIENDS 4"
"1268","4","100","FRIENDS 4"
"1269","5","200","FRIENDS 4"
"1270","1","150","FRIENDS 7"
"1271","2","200","FRIENDS 7"
"1272","3","50","FRIENDS 7"
"1273","4","100","FRIENDS 7"
"1274","5","100","FRIENDS 7"
"1275","1","300","FRIENDS 9"
"1276","2","250","FRIENDS 9"
"1277","3","200","FRIENDS 9"
"1278","4","200","FRIENDS 9"
"1279","5","250","FRIENDS 9"
"1280","1","250","FRIENDS 6"
"1281","2","250","FRIENDS 6"
"1282","3","100","FRIENDS 6"
"1283","4","250","FRIENDS 6"
"1284","5","250","FRIENDS 6"
"1285","1","50","FRIENDS 8"
"1286","2","100","FRIENDS 8"
"1287","3","200","FRIENDS 8"
"1288","4","50","FRIENDS 8"
"1289","5","100","FRIENDS 8"
"1290","1","250","FRIENDS 10"
"1291","2","250","FRIENDS 10"
"1292","3","250","FRIENDS 10"
"1293","4","250","FRIENDS 10"
"1294","5","250","FRIENDS 10"
"1295","1","100","FRIENDS 11"
"1296","2","300","FRIENDS 11"
"1297","3","300","FRIENDS 11"
"1298","4","300","FRIENDS 11"
"1299","5","300","FRIENDS 11"
"1300","1","300","FRIENDS 12"
"1301","2","300","FRIENDS 12"
"1302","3","300","FRIENDS 12"
"1303","4","300","FRIENDS 12"
"1304","5","300","FRIENDS 12"
"1305","1","300","FRIENDS 13"
"1306","2","300","FRIENDS 13"
"1307","3","250","FRIENDS 13"
"1308","4","300","FRIENDS 13"
"1309","5","300","FRIENDS 13"
"1310","1","300","FRIENDS 14"
"1311","2","300","FRIENDS 14"
"1312","3","300","FRIENDS 14"
"1313","4","300","FRIENDS 14"
"1314","5","250","FRIENDS 14"
"1315","1","300","FRIENDS 15"
"1316","2","300","FRIENDS 15"
"1317","3","300","FRIENDS 15"
"1318","4","300","FRIENDS 15"
"1319","5","300","FRIENDS 15"
"1320","1","300","FRIENDS 16"
"1321","2","300","FRIENDS 16"
"1322","3","300","FRIENDS 16"
"1323","4","300","FRIENDS 16"
"1324","5","300","FRIENDS 16"
"1325","1","300","FRIENDS 17"
"1326","2","250","FRIENDS 17"
"1327","3","300","FRIENDS 17"
"1328","4","250","FRIENDS 17"
"1329","5","250","FRIENDS 17"
"1330","1","250","GILMAN 14"
"1331","2","300","GILMAN 14"
"1332","3","300","GILMAN 14"
"1333","4","300","GILMAN 14"
"1334","5","250","GILMAN 14"
"1335","1","200","GILMAN 16"
"1336","2","150","GILMAN 16"
"1337","3","200","GILMAN 16"
"1338","4","150","GILMAN 16"
"1339","5","100","GILMAN 16"
"1340","1","200","GILMAN 17"
"1341","2","200","GILMAN 17"
"1342","3","150","GILMAN 17"
"1343","4","250","GILMAN 17"
"1344","5","175","GILMAN 17"
"1345","1","50","GILMAN 18"
"1346","2","100","GILMAN 18"
"1347","3","50","GILMAN 18"
"1348","4","50","GILMAN 18"
"1349","5","100","GILMAN 18"
"1350","1","200","GILMAN 20"
"1351","2","250","GILMAN 20"
"1352","3","200","GILMAN 20"
"1353","4","250","GILMAN 20"
"1354","5","200","GILMAN 20"
"1355","1","50","GILMAN 19"
"1356","2","100","GILMAN 19"
"1357","3","50","GILMAN 19"
"1358","4","25","GILMAN 19"
"1359","5","200","GILMAN 19"
"1360","1","200","GILMAN 21"
"1361","2","250","GILMAN 21"
"1362","3","250","GILMAN 21"
"1363","4","200","GILMAN 21"
"1364","5","200","GILMAN 21"
"1365","1","250","GILMAN 22"
"1366","2","250","GILMAN 22"
"1367","3","150","GILMAN 22"
"1368","4","200","GILMAN 22"
"1369","5","175","GILMAN 22"
"1370","1","250","GILMAN 1"
"1371","2","200","GILMAN 1"
"1372","3","200","GILMAN 1"
"1373","4","250","GILMAN 1"
"1374","5","250","GILMAN 1"
"1375","1","200","GILMAN 2"
"1376","2","250","GILMAN 2"
"1377","3","150","GILMAN 2"
"1378","4","250","GILMAN 2"
"1379","5","250","GILMAN 2"
"1380","1","100","GILMAN 3"
"1381","2","200","GILMAN 3"
"1382","3","150","GILMAN 3"
"1383","4","200","GILMAN 3"
"1384","5","200","GILMAN 3"
"1385","1","300","GILMAN 4"
"1386","2","250","GILMAN 4"
"1387","3","300","GILMAN 4"
"1388","4","250","GILMAN 4"
"1389","5","300","GILMAN 4"
"1390","1","200","GILMAN 5"
"1391","2","300","GILMAN 5"
"1392","3","300","GILMAN 5"
"1393","4","300","GILMAN 5"
"1394","5","200","GILMAN 5"
"1395","1","300","GILMAN 6"
"1396","2","300","GILMAN 6"
"1397","3","300","GILMAN 6"
"1398","4","300","GILMAN 6"
"1399","5","300","GILMAN 6"
"1400","1","300","GILMAN 23"
"1401","2","300","GILMAN 23"
"1402","3","300","GILMAN 23"
"1403","4","300","GILMAN 23"
"1404","5","300","GILMAN 23"
"1405","1","50","GILMAN 8"
"1406","2","100","GILMAN 8"
"1407","3","50","GILMAN 8"
"1408","4","100","GILMAN 8"
"1409","5","150","GILMAN 8"
"1410","1","250","GILMAN 10"
"1411","2","250","GILMAN 10"
"1412","3","100","GILMAN 10"
"1413","4","150","GILMAN 10"
"1414","5","150","GILMAN 10"
"1415","1","300","GILMAN 9"
"1416","2","300","GILMAN 9"
"1417","3","300","GILMAN 9"
"1418","4","300","GILMAN 9"
"1419","5","300","GILMAN 9"
"1420","1","50","GILMAN 7"
"1421","2","50","GILMAN 7"
"1422","3","50","GILMAN 7"
"1423","4","50","GILMAN 7"
"1424","5","50","GILMAN 7"
"1425","1","300","GILMAN 24"
"1426","2","300","GILMAN 24"
"1427","3","300","GILMAN 24"
"1428","4","250","GILMAN 24"
"1429","5","300","GILMAN 24"
"1430","1","50","GILMAN 12"
"1431","2","25","GILMAN 12"
"1432","3","50","GILMAN 12"
"1433","4","25","GILMAN 12"
"1434","5","100","GILMAN 12"
"1435","1","250","GILMAN 15"
"1436","2","300","GILMAN 15"
"1437","3","300","GILMAN 15"
"1438","4","250","GILMAN 15"
"1439","5","300","GILMAN 15"
"1440","1","300","GILMAN 13"
"1441","2","300","GILMAN 13"
"1442","3","300","GILMAN 13"
"1443","4","300","GILMAN 13"
"1444","5","300","GILMAN 13"
"1445","1","150","FF 1"
"1446","2","200","FF 1"
"1447","3","200","FF 1"
"1448","4","150","FF 1"
"1449","5","100","FF 1"
"1450","1","100","FF 2"
"1451","2","100","FF 2"
"1452","3","100","FF 2"
"1453","4","200","FF 2"
"1454","5","100","FF 2"
"1455","1","100","FF 3"
"1456","2","100","FF 3"
"1457","3","100","FF 3"
"1458","4","100","FF 3"
"1459","5","150","FF 3"
"1460","1","50","FF 4"
"1461","2","200","FF 4"
"1462","3","150","FF 4"
"1463","4","200","FF 4"
"1464","5","100","FF 4"
"1465","1","250","FF 5"
"1466","2","250","FF 5"
"1467","3","200","FF 5"
"1468","4","250","FF 5"
"1469","5","200","FF 5"
"1470","1","250","FF 6"
"1471","2","250","FF 6"
"1472","3","200","FF 6"
"1473","4","300","FF 6"
"1474","5","250","FF 6"
"1475","1","250","FF 7"
"1476","2","250","FF 7"
"1477","3","250","FF 7"
"1478","4","250","FF 7"
"1479","5","250","FF 7"
"1480","1","200","FF 9"
"1481","2","150","FF 9"
"1482","3","200","FF 9"
"1483","4","200","FF 9"
"1484","5","250","FF 9"
"1485","1","200","FF 11"
"1486","2","200","FF 11"
"1487","3","150","FF 11"
"1488","4","200","FF 11"
"1489","5","200","FF 11"
"1490","1","250","FF 12"
"1491","2","100","FF 12"
"1492","3","50","FF 12"
"1493","4","50","FF 12"
"1494","5","100","FF 12"
"1495","1","50","FF 13"
"1496","2","100","FF 13"
"1497","3","250","FF 13"
"1498","4","150","FF 13"
"1499","5","100","FF 13"
"1500","1","200","FF 14"
"1501","2","150","FF 14"
"1502","3","150","FF 14"
"1503","4","200","FF 14"
"1504","5","250","FF 14"
"1505","1","250","BEL 1"
"1506","2","300","BEL 1"
"1507","3","250","BEL 1"
"1508","4","300","BEL 1"
"1509","5","300","BEL 1"
"1510","1","250","BEL 2"
"1511","2","150","BEL 2"
"1512","3","300","BEL 2"
"1513","4","250","BEL 2"
"1514","5","200","BEL 2"
"1515","1","250","WG 5"
"1516","2","300","WG 5"
"1517","3","250","WG 5"
"1518","4","250","WG 5"
"1519","5","300","WG 5"
"1520","1","200","WG 4"
"1521","2","200","WG 4"
"1522","3","200","WG 4"
"1523","4","250","WG 4"
"1524","5","200","WG 4"
"1525","1","150","WG 3"
"1526","2","200","WG 3"
"1527","3","200","WG 3"
"1528","4","200","WG 3"
"1529","5","150","WG 3"
"1530","1","150","WG 2"
"1531","2","150","WG 2"
"1532","3","200","WG 2"
"1533","4","150","WG 2"
"1534","5","150","WG 2"
"1535","1","25","SW 14"
"1536","2","25","SW 14"
"1537","3","100","SW 14"
"1538","4","100","SW 14"
"1539","5","50","SW 14"
