"72","10","BEL 1","true","true","A fair amount of lawn clippings dumped. Not much understory. Mostly vines and dead canopy.","Tue Jul 12 00:00:00 UTC 2016","Alyssa, Laura","0.0","165.0","90.000","0.000","9999999.000"
"73","10","BEL 2","true","true","Soil feels very compacted. Quadrat is on a slope.","Tue Jul 12 00:00:00 UTC 2016","Alyssa, Laura","0.0","200.0","25.000","0.000","9999999.000"
"74","11","WG 2","true","true","Saw a fox.","Mon Jul 11 00:00:00 UTC 2016","Alyssa, Laura, Josh","0.0","200.0","80.000","2.000","9999999.000"
"75","11","WG 3","true","true","Under a dense cover of vines and bamboo. Very sandy soil- part of the bulk density punch fell out (couldn't get a full punch). Power lines intersecting the canopy.","Mon Jul 11 00:00:00 UTC 2016","Alyssa, Laura, Josh","0.0","100.0","60.000","0.000","9999999.000"
"76","11","WG 4","true","true","Many vines in the canopy.  Fair amount of dumping under the vegetation. Mulch mixed into the soil along with brick fragments.","Mon Jul 11 00:00:00 UTC 2016","Alyssa, Laura, Josh","0.0","200.0","100.000","0.000","9999999.000"
"77","11","WG 5","false","false","Plot was located on concrete (thin layer of soil covering the concrete underneath).","Mon Jul 11 00:00:00 UTC 2016","Alyssa, Laura, Josh","9999999.0","9999999.0","70.000","0.000","9999999.000"
"78","2","AH 1","true","true",,,,"0.0","60.0","18.000","82.000","0.000"
"79","2","AH 2","false","false",,,,"9999999.0","9999999.0","15.000","85.000","0.000"
"80","2","AH 3","false","false",,,,"9999999.0","9999999.0","41.000","59.000","0.000"
"81","2","AH 4","true","true",,,,"0.0","120.0","46.000","54.000","0.000"
"82","2","AH 5","false","false",,,,"9999999.0","9999999.0","32.000","68.000","0.000"
"83","2","AH 6","false","false",,,,"9999999.0","9999999.0","36.000","88.000","0.000"
"84","2","AH 7","true","true",,,,"0.0","160.0","9.000","63.000","0.000"
"85","2","AH 8","true","true",,,,"0.0","160.0","12.000","82.000","0.000"
"86","2","AH 9","false","false",,,,"9999999.0","9999999.0","37.000","82.000","0.000"
"87","2","AH 10","false","false",,,,"9999999.0","9999999.0","18.000","84.000","0.000"
"88","2","AH 11","false","false",,,,"9999999.0","9999999.0","18.000","89.000","0.000"
"89","2","AH 12","true","true",,,,"0.0","95.0","16.000","91.000","0.000"
"90","2","AH 13","false","false",,,,"9999999.0","9999999.0","11.000","79.000","0.000"
"91","2","AH 14","true","true",,,,"0.0","40.0","21.000","10.000","0.000"
"92","2","AH 15","false","false",,,,"9999999.0","9999999.0","90.000","90.000","0.000"
"93","2","AH 16","false","false",,,,"9999999.0","9999999.0","10.000","64.000","0.000"
"94","2","AH 17","false","false",,,,"9999999.0","9999999.0","5.000","95.000","0.000"
"95","12","HR 1","true","true",,,,"0.0","50.0","41.000","59.000","0.000"
"96","12","HR 2","true","false",,,,"0.0","35.0","100.000","0.000","0.000"
"97","12","HR 3","true","false",,,,"0.0","80.0","70.000","30.000","0.000"
"98","12","HR 4","true","false",,,,"0.0","150.0","9.000","91.000","0.000"
"99","12","HR 5","true","true",,,,"0.0","110.0","67.000","33.000","0.000"
"100","12","HR 6","true","false",,,,"0.0","25.0","95.000","5.000","0.000"
"101","12","HR 7","true","true",,,,"0.0","100.0","29.000","71.000","0.000"
"102","12","HR 8","true","false",,,,"0.0","150.0","25.000","75.000","0.000"
"103","12","HR 9","true","false",,,,"0.0","50.0","93.000","7.000","0.000"
"104","12","HR 10","true","true",,,,"0.0","75.0","25.000","75.000","0.000"
"105","12","HR 11","true","false",,,,"0.0","55.0","45.000","55.000","0.000"
"106","12","HR 12","true","true",,,,"0.0","30.0","13.000","87.000","0.000"
"107","12","HR 13","false","false",,,,"9999999.0","9999999.0","75.000","25.000","0.000"
"108","12","HR 14","true","false",,,,"0.0","100.0","40.000","60.000","0.000"
"109","12","HR 15","true","true",,,,"5.0","5.0","70.000","30.000","0.000"
"110","12","HR 16","false","false",,,,"0.0","30.0","65.000","35.000","0.000"
"111","12","HR 17","true","false",,,,"10.0","60.0","20.000","80.000","0.000"
"113","12","HR 18","true","false",,,,"0.0","85.0","50.000","50.000","0.000"
"114","12","HR 19","true","false",,,,"0.0","80.0","80.000","20.000","0.000"
"115","12","HR 20","true","true",,,,"0.0","35.0","85.000","15.000","0.000"
"116","13","ND 1","true","false",,,,"0.0","170.0","100.000","0.000","0.000"
"3","1","SGDW 5","true","true","Soil is extremely rocky. Iron oxidation present in Layer 3 and pebbles present in Layer 2 of the soil punch.","Thu Jun 16 00:00:00 UTC 2016","Alyssa, Laura, Josh","2.0","198.0","60.000","0.000","9999999.000"
"4","1","SGDW 7","true","true","Many White Oak and Ash seedlings present. Fair amouunt of coarse woody debris at the point. Invasive species in the plot seem to be closest to the street.","Thu Jun 16 00:00:00 UTC 2016","Alyssa, Laura, Josh","2.0","198.0","30.000","0.000","9999999.000"
"5","1","SGDW 6","true","true","Oak Seedlings","Thu Jun 16 00:00:00 UTC 2016","Alyssa, Laura, Josh","6.0","194.0","50.000","0.000","9999999.000"
"6","1","SGDW 4","true","true","Soil punch length was only 16 cm.","Thu Jun 16 00:00:00 UTC 2016","Alyssa, Laura, Josh","0.0","160.0","40.000","0.000","9999999.000"
"7","1","SGDW 3","true","true","Soil is poor/weathered. Hickory and Oak seedlings.","Thu Jun 16 00:00:00 UTC 2016","Alyssa, Laura, Josh","0.0","200.0","25.000","0.000","9999999.000"
"8","1","SGDW 8","true","true","Soil is poor/weathered. The PRSE shoots (from a nearby tree) in the quadrat were not counted in the ground cover. Large exposed rock in the quadrat. Quadrat on a slight slope. Dense sapling layer. Jack in the pulpit.","Thu Jun 16 00:00:00 UTC 2016","Alyssa, Laura, Josh","26.0","174.0","2.000","0.000","9999999.000"
"9","1","SGDW 9","true","true","Jack in the pulpit. Deer scat in plot and very rocky soil.  Oxidation in the 2nd layer of the soil punch.","Thu Jun 16 00:00:00 UTC 2016","Alyssa, Laura, Josh","0.0","200.0","30.000","0.000","9999999.000"
"10","1","SGDW 10","true","true",,"Mon Jun 20 00:00:00 UTC 2016","Alyssa, Laura","0.0","210.0","70.000","5.000","9999999.000"
"11","1","SGDW 11","true","true","All of the ground cover except the ivy and spicebush have been eaten- heavy deer activity. Close to a buidling - proximity my account for some of the homogenous color of the soil.","Mon Jun 20 00:00:00 UTC 2016","Alyssa, Laura","0.0","195.0","30.000","10.000","9999999.000"
"12","1","SGDW 12","true","true","Soil punch was only 11cm (kept hitting rock). Bulk density taken but slightly less than ideal as mechanism for pulling the soil sample broke while being used to pull the sample.","Mon Jun 20 00:00:00 UTC 2016","Alyssa, Laura","0.0","110.0","20.000","5.000","9999999.000"
"13","3","JH 1","true","true","Broken glass in the area.","Wed Jun 22 00:00:00 UTC 2016","Alyssa, Laura, Josh","0.0","190.0","5.000","30.000","9999999.000"
"14","3","JH 3","true","true",,"Wed Jun 22 00:00:00 UTC 2016","Alyssa, Laura, Josh","0.0","200.0","70.000","30.000","9999999.000"
"15","3","JH 4","true","true","Soil is very gritty and mica is mixed throughout. Soil punch was only 13 cm deep. Soil is mottle in color (7.5 YR 4/6 mixed in with what we listed). Rust color mixed in to the soil.","Tue Jun 21 00:00:00 UTC 2016","Alyssa, Laura, Josh","0.0","130.0","95.000","0.000","9999999.000"
"16","3","JH 5","true","true","Penetrometer readings done at a later date than those of the rest of the site.","Wed Jun 22 00:00:00 UTC 2016","Alyssa, Laura, Josh","0.0","200.0","95.000","0.000","9999999.000"
"17","3","JH 6","true","true",,"Wed Jun 22 00:00:00 UTC 2016","Alyssa, Laura, Josh","0.0","200.0","60.000","20.000","9999999.000"
"18","3","JH 7","true","true",,"Wed Jun 22 00:00:00 UTC 2016","Alyssa, Laura, Josh","0.0","200.0","70.000","0.000","9999999.000"
"19","3","JH 8","true","true",,"Wed Jun 22 00:00:00 UTC 2016","Alyssa, Laura, Josh","0.0","185.0","100.000","0.000","9999999.000"
"20","3","JH 9","true","true","Lower layer of soil is very pebbly.","Wed Jun 22 00:00:00 UTC 2016","Alyssa, Laura, Josh","0.0","185.0","90.000","10.000","9999999.000"
"21","3","JH 10","true","true",,"Wed Jun 22 00:00:00 UTC 2016","Alyssa, Laura, Josh","0.0","170.0","75.000","15.000","9999999.000"
"22","3","JH 11","true","true","Patches of oxidized iron in the soil.","Wed Jun 22 00:00:00 UTC 2016","Alyssa, Laura, Josh","0.0","200.0","25.000","50.000","9999999.000"
"23","3","JH 12","true","true","Coal found in the soil.","Wed Jun 22 00:00:00 UTC 2016","Alyssa, Laura, Josh","0.0","950.0","100.000","0.000","9999999.000"
"24","3","JH 13","true","true",,"Wed Jun 22 00:00:00 UTC 2016","Alyssa, Laura, Josh","0.0","150.0","60.000","5.000","9999999.000"
"25","3","JH 14","true","true",,"Wed Jun 22 00:00:00 UTC 2016","Alyssa, Laura, Josh","0.0","150.0","80.000","5.000","9999999.000"
"26","3","JH 15","true","true","Small Red Mulberry found outside of the plot.","Wed Jun 22 00:00:00 UTC 2016","Alyssa, Laura, Josh","0.0","200.0","100.000","0.000","9999999.000"
"27","4","W 1","false","false",,"Wed Jun 29 00:00:00 UTC 2016","Alyssa, Laura, Josh","9999999.0","9999999.0","60.000","15.000","9999999.000"
"28","4","W 2","false","false",,"Sat Jun 29 00:00:00 UTC 2019","Alyssa, Laura, Josh","9999999.0","9999999.0","75.000","0.000","9999999.000"
"29","4","W 3","false","false",,"Wed Jun 29 00:00:00 UTC 2016","Alyssa, Laura, Josh","9999999.0","9999999.0","75.000","5.000","9999999.000"
"30","4","W 4","false","false",,"Sat Jun 29 00:00:00 UTC 2019","Alyssa, Laura, Josh","9999999.0","9999999.0","75.000","10.000","9999999.000"
"31","5","HEPP 1","true","true","Not enough soil in the lower layer to determine the texture (mostly rocks and pebbles). Looks like a lot of lawn debris was dumped in this area.","Thu Jun 30 00:00:00 UTC 2016","Alyssa, Laura","25.0","135.0","0.000","0.000","9999999.000"
"32","5","HEPP 2","true","true","Area seems to cleared of herb/shrub layer.","Thu Jun 30 00:00:00 UTC 2016","Alyssa, Laura","15.0","185.0","0.000","0.000","9999999.000"
"33","5","HEPP 3","true","true","Dumping in quadrat covers half of the plot under the leaf litter. A lot of gravel. O included in bulk density sample due to the large amount of gravel and lack of an accessible A layer. Large area of concrete dumping near by.","Thu Jun 30 00:00:00 UTC 2016","Alyssa, Laura, Josh","35.0","0.0","2.000","0.000","9999999.000"
"34","5","HEPP 4","true","true","Soil very  pebbly.","Thu Jun 30 00:00:00 UTC 2016","Alyssa, Laura, Josh","0.0","130.0","25.000","0.000","9999999.000"
"35","5","HEPP 5","true","true","Many small Hickory trees at this site.","Thu Jun 30 00:00:00 UTC 2016","Alyssa, Laura, Josh","5.0","195.0","30.000","0.000","9999999.000"
"36","5","HEPP 6","true","true",,"Thu Jun 30 00:00:00 UTC 2016","Alyssa, Laura, Josh","0.0","200.0","1.000","0.000","9999999.000"
"37","5","HEPP 7","true","true","Black Oak Saplings.","Thu Jun 30 00:00:00 UTC 2016","Alyssa, Laura, Josh","35.0","165.0","40.000","0.000","9999999.000"
"38","5","HEPP 8","true","true","Many Nyssa sylvatica saplings present at the site. Groundcover is actually less than 1 percent.","Thu Jun 30 00:00:00 UTC 2016","Alyssa, Laura, Josh","10.0","190.0","1.000","0.000","9999999.000"
"39","5","HEPP 9","true","true",,"Thu Jun 30 00:00:00 UTC 2016","Alyssa, Laura, Josh","55.0","145.0","75.000","0.000","9999999.000"
"40","5","HEPP 10","true","true",,"Thu Jun 30 00:00:00 UTC 2016","Alyssa, Laura, Josh","0.0","200.0","65.000","0.000","9999999.000"
"41","5","HEPP 11","true","true",,"Thu Jun 30 00:00:00 UTC 2016","Alyssa, Laura, Josh","10.0","190.0","50.000","0.000","9999999.000"
"42","5","HEPP 12","true","true",,"Thu Jun 30 00:00:00 UTC 2016","Alyssa, Laura, Josh","20.0","180.0","26.000","0.000","9999999.000"
"43","5","HEPP 13","true","true",,"Thu Jun 30 00:00:00 UTC 2016","Alyssa, Laura, Josh","30.0","170.0","1.000","0.000","9999999.000"
"44","6","G 1","false","false",,"Wed Jun 29 00:00:00 UTC 2016","Alyssa, Laura, Josh","9999999.0","9999999.0","75.000","10.000","9999999.000"
"45","6","G 2","false","false",,"Wed Jun 29 00:00:00 UTC 2016","Alyssa, Laura, Josh","9999999.0","9999999.0","60.000","0.000","9999999.000"
"46","6","G 3","false","false",,"Wed Jun 29 00:00:00 UTC 2016","Alyssa, Laura, Josh","9999999.0","9999999.0","50.000","30.000","9999999.000"
"47","7","NMN 1","true","true",,"Fri Jul 01 00:00:00 UTC 2016","Alyssa, Laura","0.0","140.0","100.000","0.000","9999999.000"
"48","7","NMN 2","true","true","A lot of wood dumping at the point. Texture on the second layer in the soil punch was not tested as the soil was too pebbly/ could not get enough of the soil to conduct the test.","Fri Jul 01 00:00:00 UTC 2016","Alyssa, Laura","0.0","180.0","90.000","0.000","9999999.000"
"49","7","NMN 3","true","true","Gravel layer underneath the A layer - soil punch was not 20 cm. Point was at the tip of the triangle. Most herbaceous cover. Fair amount of lawn dumping present at the point.","Fri Jul 01 00:00:00 UTC 2016","Alyssa, Laura","0.0","105.0","100.000","0.000","9999999.000"
"50","8","SW 4","true","true","Topography is mounded - may have been a dumping pile at one point. Many twiggs and roots- fine root structure throughout the soil punch.","Tue Jun 28 00:00:00 UTC 2016","Alyssa, Laura, Josh","200.0","0.0","85.000","0.000","9999999.000"
"51","8","SW 5","true","true","Point seems to be in a dried stream bed.","Tue Jun 28 00:00:00 UTC 2016","Alyssa, Laura, Josh","0.0","200.0","100.000","0.000","9999999.000"
"52","8","SW 6","true","true",,"Fri Jun 24 00:00:00 UTC 2016","Alyssa, Laura, Josh","0.0","95.0","80.000","0.000","9999999.000"
"53","8","SW 8","true","true","Quadrat is in a pit.","Tue Jun 28 00:00:00 UTC 2016","Alyssa, Laura, Josh","40.0","160.0","65.000","0.000","9999999.000"
"54","8","SW 9","true","true","Plot is on the side of the a hill.","Tue Jun 28 00:00:00 UTC 2016","Alyssa, Laura, Josh","65.0","55.0","50.000","0.000","9999999.000"
"55","8","SW 10","true","true","Site is in the upland section.","Fri Jun 24 00:00:00 UTC 2016","Alyssa, Laura, Josh","7.0","193.0","5.000","0.000","9999999.000"
"56","8","SW 11","true","false","Possibly on a dumping ground. Large O layer- probably decomposing plant matter from the dumping pile- over cement.","Tue Jun 28 00:00:00 UTC 2016","Alyssa, Laura, Josh","20.0","0.0","90.000","0.000","9999999.000"
"57","8","SW 12","true","true","Bottom soil layer is very pebbly.","Fri Jun 24 00:00:00 UTC 2016","Alyssa, Laura, Josh","5.0","175.0","85.000","0.000","9999999.000"
"58","8","SW 13","true","true",,"Fri Jun 24 00:00:00 UTC 2016","Alyssa, Laura, Josh","2.0","168.0","95.000","0.000","9999999.000"
"59","8","SW 14","true","true","Point next to a stream. Dead trees are completely covered by grape. Japanese Knotweed.","Fri Jun 24 00:00:00 UTC 2016","Alyssa, Laura, Josh","0.0","200.0","70.000","5.000","9999999.000"
"60","9","FF 1","true","true",,"Thu Jul 07 00:00:00 UTC 2016","Alyssa, Laura, Josh","0.0","200.0","30.000","0.000","9999999.000"
"61","9","FF 2","true","true",,"Thu Jul 07 00:00:00 UTC 2016","Alyssa, Laura, Josh","20.0","180.0","40.000","1.000","9999999.000"
"62","9","FF 3","true","true","Plot located on a steep slope. Soil is pebbly.","Thu Jul 07 00:00:00 UTC 2016","Alyssa, Laura, Josh","0.0","200.0","60.000","40.000","9999999.000"
"63","9","FF 4","true","true","White chunks were found in the soil.","Thu Jul 07 00:00:00 UTC 2016","Alyssa, Laura, Josh","0.0","200.0","30.000","0.000","9999999.000"
"64","9","FF 5","true","true","Texture not determined- glass in the soil.","Thu Jul 07 00:00:00 UTC 2016","Alyssa, Laura, Josh","0.0","140.0","85.000","0.000","9999999.000"
"65","9","FF 6","true","true",,"Thu Jul 07 00:00:00 UTC 2016","Alyssa, Laura, Josh","0.0","200.0","90.000","0.000","9999999.000"
"66","9","FF 7","false","false","No soil was taken- concrete.","Thu Jul 07 00:00:00 UTC 2016","Alyssa, Laura, Josh","9999999.0","9999999.0","75.000","0.000","9999999.000"
"67","9","FF 9","true","true","Open understory. Many planted azelias.","Thu Jul 07 00:00:00 UTC 2016","Alyssa, Laura, Josh","0.0","180.0","65.000","0.000","9999999.000"
"68","9","FF 11","true","true",,"Thu Jul 07 00:00:00 UTC 2016","Alyssa, Laura, Josh","0.0","200.0","50.000","0.000","9999999.000"
"69","9","FF 12","true","true",,"Thu Jul 07 00:00:00 UTC 2016","Alyssa, Laura, Josh","0.0","200.0","70.000","0.000","9999999.000"
"70","9","FF 13","true","true","Plot very close to the road and near a large amount of leaf litter.","Thu Jul 07 00:00:00 UTC 2016","Alyssa, Laura, Josh","0.0","200.0","40.000","20.000","9999999.000"
"71","9","FF 14","true","true","Glass found in the soil. High butterfly activity at this point. A fair amount of dumping at this point.","Thu Jul 07 00:00:00 UTC 2016","Alyssa, Laura, Josh","5.0","195.0","70.000","0.000","9999999.000"
"117","13","ND 4","true","false",,,,"10.0","120.0","70.000","30.000","0.000"
"118","13","ND 5","true","true",,,,"0.0","135.0","100.000","0.000","0.000"
"119","13","ND 7","true","true",,,,"10.0","30.0","10.000","90.000","0.000"
"120","13","ND 9","true","true",,,,"0.0","60.0","100.000","0.000","0.000"
"121","13","ND 12","true","true",,,,"0.0","35.0","98.000","2.000","0.000"
"122","13","ND 13","true","true",,,,"10.0","30.0","60.000","40.000","0.000"
"123","13","ND 14","true","true",,,,"10.0","35.0","2.000","98.000","0.000"
"124","13","ND 18","true","false",,,,"0.0","145.0","100.000","0.000","0.000"
"125","13","ND 19","true","false",,,,"9999999.0","9999999.0","95.000","5.000","0.000"
"126","13","ND 22","true","false",,,,"0.0","145.0","95.000","5.000","0.000"
"127","13","ND 23","true","false",,,,"15.0","30.0","35.000","65.000","0.000"
"128","13","ND 24","true","false",,,,"0.0","55.0","95.000","5.000","0.000"
"129","13","ND 25","true","false",,,,"9999999.0","9999999.0","100.000","0.000","0.000"
"130","13","ND 28","true","false",,,,"0.0","80.0","75.000","25.000","0.000"
"131","13","ND 30","true","true",,,,"0.0","160.0","85.000","15.000","0.000"
"132","13","ND 34","true","true",,,,"0.0","190.0","80.000","20.000","0.000"
"133","13","ND 37","true","true",,,,"0.0","55.0","98.000","2.000","0.000"
"134","13","ND 38","true","true",,,,"0.0","125.0","99.000","1.000","0.000"
"135","14","FRIENDS 1","true","true",,,,"9999999.0","9999999.0","40.000","60.000","0.000"
"136","14","FRIENDS 2","false","false",,,,"9999999.0","9999999.0","50.000","50.000","0.000"
"137","14","FRIENDS 3","false","false",,,,"9999999.0","9999999.0","16.000","84.000","0.000"
"138","14","FRIENDS 4","false","false",,,,"9999999.0","9999999.0","75.000","25.000","0.000"
"139","14","FRIENDS 5","true","false",,,,"0.0","70.0","96.000","4.000","0.000"
"140","14","FRIENDS 6","false","false",,,,"9999999.0","9999999.0","1.000","99.000","0.000"
"141","14","FRIENDS 7","true","true",,,,"9999999.0","9999999.0","7.000","93.000","0.000"
"142","14","FRIENDS 8","false","false",,,,"9999999.0","9999999.0","9.000","91.000","0.000"
"143","14","FRIENDS 9","true","true",,,,"9999999.0","9999999.0","36.000","64.000","0.000"
"144","14","FRIENDS 10","true","false",,,,"0.0","50.0","100.000","0.000","0.000"
"145","14","FRIENDS 11","true","true",,,,"0.0","32.0","55.000","45.000","0.000"
"146","14","FRIENDS 12","true","false",,,,"0.0","125.0","81.000","19.000","0.000"
"147","14","FRIENDS 13","true","false",,,,"0.0","140.0","80.000","20.000","0.000"
"148","14","FRIENDS 14","true","true",,,,"0.0","82.0","98.000","2.000","0.000"
"149","14","FRIENDS 15","true","false",,,,"0.0","64.0","90.000","10.000","0.000"
"150","14","FRIENDS 16","true","true",,,,"0.0","80.0","44.000","56.000","0.000"
"151","14","FRIENDS 17","true","false",,,,"0.0","125.0","55.000","45.000","0.000"
"152","16","JHU 1","false","false",,,,"9999999.0","9999999.0","100.000","0.000","0.000"
"153","16","JHU 2","false","false",,,,"9999999.0","9999999.0","100.000","0.000","0.000"
"154","16","JHU 3","false","false",,,,"9999999.0","9999999.0","96.000","4.000","0.000"
"155","16","JHU 4","false","false",,,,"9999999.0","9999999.0","100.000","0.000","0.000"
"156","16","JHU 5","false","false",,,,"9999999.0","9999999.0","100.000","0.000","0.000"
"157","16","JHU 6","true","true",,,,"0.0","110.0","93.000","7.000","5.000"
"158","16","JHU 7","false","false",,,,"9999999.0","9999999.0","95.000","5.000","0.000"
"159","16","JHU 8","false","false",,,,"9999999.0","9999999.0","65.000","0.000","35.000"
"160","16","JHU 9","true","true",,,,"0.0","130.0","60.000","40.000","0.000"
"161","16","JHU 10","false","false",,,,"9999999.0","9999999.0","100.000","0.000","0.000"
"162","16","JHU 11","true","true",,,,"0.0","140.0","98.000","2.000","0.000"
"163","16","JHU 12","true","true",,,,"0.0","220.0","100.000","0.000","0.000"
"164","16","JHU 13","true","true",,,,"0.0","50.0","45.000","55.000","0.000"
"165","16","JHU 14","false","false",,,,"9999999.0","9999999.0","83.000","17.000","0.000"
"167","16","JHU 16","false","false",,,,"9999999.0","9999999.0","0.000","0.000","100.000"
"168","16","JHU 17","false","false",,,,"9999999.0","9999999.0","78.000","22.000","0.000"
"169","16","JHU 18","false","false",,,,"9999999.0","9999999.0","0.100","99.900","0.000"
"170","16","JHU 19","true","true",,,,"0.0","65.0","95.000","5.000","0.000"
"171","16","JHU 20","false","false",,,,"9999999.0","9999999.0","25.000","75.000","0.000"
"172","16","JHU 21","false","false",,,,"9999999.0","9999999.0","87.000","13.000","0.000"
"173","16","JHU 22","false","false",,,,"9999999.0","9999999.0","43.000","57.000","0.000"
"174","16","JHU 23","true","true",,,,"0.0","95.0","43.000","57.000","0.000"
"175","16","JHU 24","true","true",,,,"0.0","320.0","44.000","56.000","0.000"
"176","16","JHU 25","false","false",,,,"9999999.0","9999999.0","1.000","99.000","0.000"
"177","16","JHU 26","true","true",,,,"0.0","80.0","12.000","88.000","0.000"
"178","16","JHU 27","false","false",,,,"9999999.0","9999999.0","31.000","69.000","0.000"
"179","16","JHU 28","false","false",,,,"9999999.0","9999999.0","68.000","32.000","0.000"
"180","16","JHU 29","true","true",,,,"0.0","75.0","62.000","38.000","0.000"
"181","16","JHU 30","false","false",,,,"9999999.0","9999999.0","41.000","59.000","0.000"
"182","16","JHU 31","false","false",,,,"9999999.0","9999999.0","100.000","0.000","0.000"
"183","16","JHU 32","true","true",,,,"0.0","90.0","2.000","98.000","0.000"
"184","16","JHU 33","false","false",,,,"9999999.0","9999999.0","50.000","50.000","0.000"
"186","16","JHU 35","false","false",,,,"9999999.0","9999999.0","35.000","65.000","0.000"
"187","16","JHU 36","false","false",,,,"9999999.0","9999999.0","83.000","17.000","0.000"
"189","16","JHU 38","true","true",,,,"0.0","30.0","42.000","58.000","0.000"
"190","16","JHU 39","false","false",,,,"9999999.0","9999999.0","100.000","0.000","0.000"
"191","16","JHU 40","false","false",,,,"9999999.0","9999999.0","100.000","0.000","0.000"
"192","16","JHU 41","true","true",,,,"0.0","100.0","70.000","30.000","0.000"
"193","16","JHU 42","false","false",,,,"9999999.0","9999999.0","26.000","74.000","0.000"
"194","16","JHU 43","false","false",,,,"9999999.0","9999999.0","0.000","0.000","100.000"
"195","16","JHU 44","false","false",,,,"9999999.0","9999999.0","93.000","7.000","0.000"
"196","16","JHU 45","true","true",,,,"0.0","75.0","68.000","32.000","0.000"
"197","16","JHU 46","true","true",,,,"0.0","130.0","60.000","40.000","0.000"
"198","16","JHU 47","false","false",,,,"9999999.0","9999999.0","100.000","0.000","0.000"
"199","16","JHU 48","false","false",,,,"9999999.0","9999999.0","58.000","42.000","0.000"
"200","16","JHU 49","false","false",,,,"9999999.0","9999999.0","45.000","55.000","0.000"
"201","16","JHU 50","true","true",,,,"0.0","135.0","100.000","0.000","0.000"
"202","16","JHU 51","false","false",,,,"9999999.0","9999999.0","0.100","99.900","0.000"
"203","16","JHU 52","false","false",,,,"9999999.0","9999999.0","60.000","40.000","0.000"
"204","16","JHU 53","true","true",,,,"0.0","80.0","80.000","20.000","0.000"
"205","16","JHU 54","false","false",,,,"9999999.0","9999999.0","100.000","0.000","0.000"
"206","16","JHU 55","false","false",,,,"9999999.0","9999999.0","87.000","13.000","0.000"
"207","16","JHU 56","true","true",,,,"0.0","90.0","84.000","16.000","0.000"
"208","16","JHU 57","false","false",,,,"9999999.0","9999999.0","93.000","7.000","0.000"
"209","16","JHU 58","false","false",,,,"9999999.0","9999999.0","0.100","99.900","0.000"
"210","16","JHU 59","false","false",,,,"9999999.0","9999999.0","0.000","100.000","0.000"
"211","16","JHU 60","true","true",,,,"0.0","125.0","50.000","50.000","0.000"
"212","16","JHU 61","false","false",,,,"9999999.0","9999999.0","2.000","98.000","0.000"
"213","16","JHU 62","true","true",,,,"0.0","65.0","45.000","55.000","0.000"
"214","16","JHU 63","false","false",,,,"9999999.0","9999999.0","0.100","99.900","0.000"
"215","16","JHU 64","false","false",,,,"9999999.0","9999999.0","91.000","9.000","0.000"
"1","1","SGDW 2","true","true","Soil punch length was only 18 cm. Length of different soil layers in the soil punch was not taken. There was  a fence on one side of the plot. Data was collected in the rain.","Wed Jun 15 00:00:00 UTC 2016","Alyssa, Laura, Josh","5.0","175.0","8.000","0.000","9999999.000"
"2","1","SGDW 1","true","true","Soil punch length was only 19.5 cm. Missing a penetrometer reading. Length of the different layers in the soil punch was not taken. Area very covered in vines and Poison Ivy. Many of the trees look unhealthy.","Wed Jun 15 00:00:00 UTC 2016","Alyssa, Laura, Josh","0.0","195.0","75.000","0.000","9999999.000"
"216","17","RPCS 1","true","true",,,,"0.0","125.0","25.000","75.000","0.000"
"217","17","RPCS 2","false","false",,,,"9999999.0","9999999.0","8.000","92.000","0.000"
"218","17","RPCS 3","false","false",,,,"9999999.0","9999999.0","36.000","64.000","0.000"
"220","17","RPCS 5","false","false",,,,"9999999.0","9999999.0","47.000","53.000","0.000"
"221","17","RPCS 6","true","true",,,,"0.0","190.0","27.000","73.000","0.000"
"222","17","RPCS 7","false","false",,,,"9999999.0","9999999.0","45.000","55.000","0.000"
"223","17","RPCS 8","false","false",,,,"9999999.0","9999999.0","43.000","57.000","0.000"
"224","17","RPCS 9","true","true",,,,"8.0","85.0","90.000","10.000","0.000"
"225","17","RPCS 10","false","false",,,,"9999999.0","9999999.0","75.000","24.000","0.000"
"226","17","RPCS 11","false","false",,,,"9999999.0","9999999.0","56.000","44.000","0.000"
"384","21","MDSB 2","true","false",,,,"0.0","70.0","20.000","80.000","0.000"
"385","21","MDSB 3","true","false",,,,"0.0","105.0","43.000","57.000","0.000"
"386","21","MDSB 4","true","true",,,,"0.0","70.0","31.000","69.000","0.000"
"387","21","MDSB 5","true","false",,,,"0.0","70.0","10.000","90.000","0.000"
"388","21","MDSB 6","true","false",,,,"0.0","100.0","30.000","70.000","0.000"
"389","21","MDSB 7","true","true",,,,"0.0","120.0","28.000","72.000","0.000"
"390","21","MDSB 8","false","false",,,,"9999999.0","9999999.0","40.000","60.000","0.000"
"391","21","MDSB 9","true","true",,,,"0.0","200.0","100.000","0.000","0.000"
"392","21","MDSB 10","true","false",,,,"0.0","170.0","42.000","58.000","0.000"
"393","21","MDSB 11","true","false",,,,"0.0","260.0","12.000","88.000","0.000"
"394","21","MDSB 12","true","true",,,,"0.0","120.0","73.000","27.000","0.000"
"395","21","MDSB 13","true","true",,,,"0.0","50.0","3.000","97.000","0.000"
"396","21","MDSB 14","false","false",,,,"9999999.0","9999999.0","2.000","98.000","0.000"
"397","21","MDSB 15","false","false",,,,"9999999.0","9999999.0","1.000","99.000","0.000"
"398","21","MDSB 16","true","true",,,,"0.0","120.0","2.000","98.000","0.000"
"399","21","MDSB 17","false","false",,,,"9999999.0","9999999.0","100.000","0.000","0.000"
"400","21","MDSB 18","false","false",,,,"9999999.0","9999999.0","100.000","0.000","0.000"
"401","21","MDSB 19","true","true",,,,"0.0","110.0","83.000","17.000","0.000"
"402","21","MDSB 20","false","false",,,,"9999999.0","9999999.0","18.000","82.000","0.000"
"403","21","MDSB 21","false","false",,,,"9999999.0","9999999.0","7.000","93.000","0.000"
"219","17","RPCS 4","false","false",,,,"9999999.0","9999999.0","8.000","92.000","0.000"
"227","17","RPCS 12","false","false",,,,"9999999.0","9999999.0","100.000","0.000","0.000"
"228","17","RPCS 13","true","true",,,,"0.0","125.0","95.000","5.000","0.000"
"229","17","RPCS 14","false","false",,,,"9999999.0","9999999.0","100.000","0.000","0.000"
"230","17","RPCS 15","false","false",,,,"9999999.0","9999999.0","100.000","0.000","0.000"
"231","17","RPCS 16","false","false",,,,"9999999.0","9999999.0","95.000","5.000","0.000"
"232","17","RPCS 17","true","true",,,,"0.0","125.0","91.000","9.000","0.000"
"233","17","RPCS 18","false","false",,,,"9999999.0","9999999.0","40.000","60.000","0.000"
"234","17","RPCS 19","false","false",,,,"9999999.0","9999999.0","70.000","30.000","0.000"
"235","17","RPCS 20","true","true",,,,"0.0","130.0","100.000","0.000","0.000"
"236","17","RPCS 21","false","false",,,,"9999999.0","9999999.0","36.000","64.000","0.000"
"237","17","RPCS 22","false","false",,,,"9999999.0","9999999.0","72.000","28.000","0.000"
"238","17","RPCS 23","true","true",,,,"0.0","225.0","65.000","35.000","0.000"
"239","15","GILMAN 1","true","true",,,,"0.0","152.5","97.000","3.000","0.000"
"240","15","GILMAN 2","true","true",,,,"0.0","235.0","15.000","85.000","0.000"
"241","15","GILMAN 3","true","false",,,,"0.0","30.0","61.000","39.000","0.000"
"242","15","GILMAN 4","true","false",,,,"0.0","55.0","4.000","96.000","0.000"
"243","15","GILMAN 5","true","true",,,,"37.5","50.0","48.000","52.000","0.000"
"244","15","GILMAN 6","true","false",,,,"0.0","0.0","55.000","45.000","0.000"
"245","15","GILMAN 7","true","true",,,,"0.0","110.0","25.000","75.000","0.000"
"246","15","GILMAN 8","true","false",,,,"0.0","75.0","65.000","35.000","0.000"
"247","15","GILMAN 9","true","false",,,,"0.0","112.5","95.000","5.000","0.000"
"248","15","GILMAN 10","true","false",,,,"20.0","140.0","5.000","95.000","0.000"
"249","15","GILMAN 11","false","false",,,,"9999999.0","9999999.0","0.000","0.000","100.000"
"250","15","GILMAN 12","false","false",,,,"9999999.0","9999999.0","49.000","51.000","0.000"
"251","15","GILMAN 13","true","false",,,,"0.0","0.0","99.000","1.000","0.000"
"252","15","GILMAN 14","false","false",,,,"9999999.0","9999999.0","60.000","40.000","0.000"
"253","15","GILMAN 15","true","true",,,,"0.0","0.0","65.000","35.000","0.000"
"254","15","GILMAN 16","false","false",,,,"9999999.0","9999999.0","7.000","93.000","0.000"
"255","15","GILMAN 17","false","false",,,,"9999999.0","9999999.0","100.000","0.000","0.000"
"256","15","GILMAN 18","true","false",,,,"0.0","85.0","100.000","0.000","0.000"
"257","15","GILMAN 19","true","false",,,,"0.0","25.0","100.000","0.000","0.000"
"258","15","GILMAN 20","false","false",,,,"9999999.0","9999999.0","1.000","99.000","0.000"
"259","15","GILMAN 21","true","true",,,,"0.0","75.0","90.000","10.000","0.000"
"260","15","GILMAN 22","true","true",,,,"0.0","105.0","100.000","0.000","0.000"
"261","15","GILMAN 23","true","false",,,,"0.0","140.0","100.000","0.000","0.000"
"262","15","GILMAN 24","false","false",,,,"9999999.0","9999999.0","85.000","15.000","0.000"
"263","18","LOYOLA 2","false","false",,,,"9999999.0","9999999.0","27.000","73.000","0.000"
"264","18","LOYOLA 4","true","true",,,,"0.0","55.0","31.000","69.000","0.000"
"265","18","LOYOLA 6","false","false",,,,"9999999.0","9999999.0","14.000","86.000","0.000"
"266","18","LOYOLA 8","true","true",,,,,"20.0","38.000","62.000","0.000"
"267","18","LOYOLA 10","true","true",,,,"0.0","255.0","2.000","98.000","0.000"
"268","18","LOYOLA 12","true","true",,,,"0.0","45.0","6.000","94.000","0.000"
"269","18","LOYOLA 14","false","false",,,,"9999999.0","9999999.0","2.000","98.000","0.000"
"270","18","LOYOLA 16","true","true",,,,"0.0","95.0","0.000","100.000","0.000"
"271","18","LOYOLA 18","true","true",,,,"0.0","95.0","27.000","73.000","0.000"
"272","18","LOYOLA 20","false","false",,,,"9999999.0","9999999.0","1.000","99.000","0.000"
"273","18","LOYOLA 22","true","true",,,,"0.0","65.0","15.000","85.000","0.000"
"274","18","LOYOLA 24","true","true",,,,"0.0","145.0","7.000","93.000","0.000"
"275","18","LOYOLA 26","true","true",,,,"0.0","175.0","17.000","83.000","0.000"
"276","18","LOYOLA 30","false","false",,,,"9999999.0","9999999.0","44.000","56.000","0.000"
"277","18","LOYOLA 34","true","true",,,,"0.0","50.0","80.000","20.000","0.000"
"278","18","LOYOLA 36","true","true",,,,"0.0","55.0","29.000","71.000","0.000"
"279","18","LOYOLA 40","false","false",,,,"9999999.0","9999999.0","49.000","51.000","0.000"
"280","18","LOYOLA 42","false","false",,,,"9999999.0","9999999.0","100.000","0.000","0.000"
"281","18","LOYOLA 52","true","true",,,,"0.0","315.0","20.000","80.000","0.000"
"282","18","LOYOLA 56","true","true",,,,"0.0","70.0","100.000","0.000","0.000"
"283","18","LOYOLA 58","true","true",,,,"0.0","150.0","45.000","55.000","0.000"
"284","18","LOYOLA 60","true","true",,,,"0.0","950.0","49.000","51.000","0.000"
"285","18","LOYOLA 62","false","false",,,,"9999999.0","9999999.0","25.250","74.750","0.000"
"286","18","LOYOLA 64","true","true",,,,"0.0","0.0","96.000","4.000","0.000"
"287","18","LOYOLA 54","false","false",,,,"9999999.0","9999999.0","76.000","24.000","0.000"
"288","19","SETON 1","false","false",,,,"9999999.0","9999999.0","2.000","98.000","0.000"
"289","19","SETON 2","true","true",,,,,"0.0","1.000","99.000","90.000"
"291","19","SETON 4","false","false",,,,"9999999.0","9999999.0","29.000","71.000","0.000"
"292","19","SETON 5","false","false",,,,"9999999.0","9999999.0","10.000","90.000","0.000"
"293","19","SETON 6","true","true",,,,"0.0","0.0","6.000","94.000","200.000"
"294","19","SETON 7","false","false",,,,"9999999.0","9999999.0","3.000","97.000","0.000"
"295","19","SETON 8","false","false",,,,"9999999.0","9999999.0","0.000","0.000","100.000"
"296","19","SETON 9","true","true",,,,"0.0","0.0","16.000","84.000","150.000"
"297","19","SETON 10","false","false",,,,"9999999.0","9999999.0","2.000","98.000","0.000"
"298","19","SETON 11","false","false",,,,"9999999.0","9999999.0","4.000","96.000","0.000"
"299","19","SETON 12","false","false",,,,"9999999.0","9999999.0","1.000","99.000","0.000"
"300","19","SETON 13","true","true",,,,"0.0","0.0","5.000","95.000","15.000"
"290","19","SETON 3","false","false",,,,"9999999.0","9999999.0","0.000","100.000","0.000"
"301","19","SETON 14","false","false",,,,"9999999.0","9999999.0","3.000","97.000","0.000"
"302","19","SETON 15","true","true",,,,"0.0","0.0","0.000","100.000","50.000"
"303","19","SETON 16","false","false",,,,"9999999.0","9999999.0","3.000","97.000","0.000"
"304","19","SETON 17","true","true",,,,"0.0","0.0","1.000","99.000","185.000"
"305","19","SETON 18","false","false",,,,"9999999.0","9999999.0","4.000","96.000","0.000"
"306","19","SETON 19","false","false",,,,"9999999.0","9999999.0","20.000","80.000","0.000"
"307","19","SETON 20","true","true",,,,"0.0","0.0","5.000","95.000","180.000"
"308","19","SETON 21","false","false",,,,"9999999.0","9999999.0","3.000","97.000","0.000"
"309","19","SETON 22","false","false",,,,"9999999.0","9999999.0","2.000","98.000","0.000"
"310","19","SETON 23","true","true",,,,"0.0","0.0","83.000","17.000","40.000"
"311","19","SETON 24","false","false",,,,"9999999.0","9999999.0","4.000","96.000","0.000"
"312","19","SETON 25","false","false",,,,"9999999.0","9999999.0","30.000","70.000","0.000"
"313","19","SETON 26","true","true",,,,"0.0","0.0","100.000","0.000","150.000"
"314","19","SETON 27","false","false",,,,"9999999.0","9999999.0","46.000","54.000","0.000"
"315","19","SETON 28","false","false",,,,"9999999.0","9999999.0","28.000","72.000","0.000"
"316","19","SETON 29","true","true",,,,"0.0","0.0","6.000","40.000","145.000"
"317","19","SETON 30","false","false",,,,"9999999.0","9999999.0","30.000","70.000","0.000"
"318","19","SETON 31","false","false",,,,"9999999.0","9999999.0","8.000","92.000","0.000"
"319","20","GS 1","false","false",,,,"9999999.0","9999999.0","84.000","16.000","0.000"
"320","20","GS 2","true","true",,,,"0.0","55.0","85.000","15.000","0.000"
"321","20","GS 3","false","false",,,,"9999999.0","9999999.0","88.000","12.000","0.000"
"322","20","GS 4","false","false",,,,"9999999.0","9999999.0","58.000","42.000","0.000"
"323","20","GS 5","true","true",,,,"0.0","80.0","90.000","10.000","0.000"
"324","20","GS 6","false","false",,,,"9999999.0","9999999.0","75.000","25.000","0.000"
"325","20","GS 7","false","false",,,,"9999999.0","9999999.0","85.000","15.000","0.000"
"326","20","GS 8","true","true",,,,"0.0","60.0","49.000","51.000","0.000"
"327","20","GS 9","false","false",,,,"9999999.0","9999999.0","8.000","92.000","0.000"
"328","20","GS 10","true","true",,,,"0.0","70.0","60.000","40.000","0.000"
"329","20","GS 11","false","false",,,,"9999999.0","9999999.0","100.000","0.000","0.000"
"330","20","GS 12","false","false",,,,"9999999.0","9999999.0","43.000","57.000","0.000"
"331","20","GS 13","false","false",,,,"9999999.0","9999999.0","88.000","12.000","0.000"
"332","20","GS 14","true","true",,,,"0.0","70.0","100.000","0.000","0.000"
"333","20","GS 15","false","false",,,,"9999999.0","9999999.0","22.000","78.000","0.000"
"334","20","GS 16","false","false",,,,"9999999.0","9999999.0","6.000","94.000","0.000"
"335","20","GS 17","false","false",,,,"9999999.0","9999999.0","100.000","0.000","0.000"
"336","20","GS 18","true","true",,,,"9999999.0","9999999.0","12.000","88.000","0.000"
"337","20","GS 19","false","false",,,,"9999999.0","9999999.0","40.000","60.000","0.000"
"338","20","GS 20","false","false",,,,"9999999.0","9999999.0","45.000","55.000","0.000"
"339","20","GS 21","true","true",,,,"0.0","65.0","95.000","5.000","0.000"
"340","20","GS 22","false","false",,,,"9999999.0","9999999.0","62.000","38.000","0.000"
"341","20","GS 23","false","false",,,,"9999999.0","9999999.0","100.000","0.000","0.000"
"342","20","GS 24","false","false",,,,"9999999.0","9999999.0","100.000","0.000","0.000"
"343","20","GS 25","false","false",,,,"9999999.0","9999999.0","100.000","0.000","0.000"
"344","20","GS 26","true","true",,,,"0.0","75.0","4.000","96.000","0.000"
"345","20","GS 27","false","false",,,,"9999999.0","9999999.0","3.000","97.000","0.000"
"346","20","GS 28","true","true",,,,"0.0","175.0","100.000","0.000","0.000"
"347","20","GS 29","false","false",,,,"9999999.0","9999999.0","100.000","0.000","0.000"
"348","20","GS 30","false","false",,,,"9999999.0","9999999.0","47.000","53.000","0.000"
"349","20","GS 31","true","true",,,,"9999999.0","9999999.0","100.000","0.000","0.000"
"350","22","SINAI 1","false","false",,,,"9999999.0","9999999.0","2.000","98.000","0.000"
"351","22","SINAI 2","false","false",,,,"9999999.0","9999999.0","9.000","91.000","0.000"
"352","22","SINAI 3","false","false",,,,"9999999.0","9999999.0","79.000","21.000","0.000"
"353","22","SINAI 4","true","true",,,,"0.0","95.0","2.000","98.000","0.000"
"354","22","SINAI 5","false","false",,,,"9999999.0","9999999.0","30.000","70.000","0.000"
"355","22","SINAI 6","false","false",,,,"9999999.0","9999999.0","2.000","98.000","0.000"
"356","22","SINAI 7","true","true",,,,"10.0","80.0","1.000","99.000","0.000"
"357","22","SINAI 8","false","false",,,,"9999999.0","9999999.0","48.000","52.000","0.000"
"358","22","SINAI 9","true","true",,,,"80.0","85.0","1.000","99.000","0.000"
"359","22","SINAI 10","false","false",,,,"9999999.0","9999999.0","26.000","74.000","0.000"
"407","21","MDSB 25","true","false",,,,"0.0","130.0","23.000","77.000","0.000"
"408","21","MDSB 26","false","false",,,,"9999999.0","9999999.0","3.000","97.000","0.000"
"409","21","MDSB 27","false","false",,,,"9999999.0","9999999.0","77.000","23.000","0.000"
"410","21","MDSB 28","true","true",,,,"0.0","110.0","43.000","57.000","0.000"
"411","21","MDSB 29","false","false",,,,"9999999.0","9999999.0","8.000","92.000","0.000"
"412","21","MDSB 30","false","false",,,,"9999999.0","9999999.0","1.000","9.000","90.000"
"413","21","MDSB 31","true","true",,,,"0.0","120.0","58.000","42.000","0.000"
"414","21","MDSB 32","false","false",,,,"9999999.0","9999999.0","9.000","91.000","0.000"
"415","21","MDSB 33","false","false",,,,"9999999.0","9999999.0","37.000","63.000","0.000"
"416","21","MDSB 34","true","true",,,,"0.0","105.0","15.000","85.000","0.000"
"417","21","MDSB 35","false","false",,,,"9999999.0","9999999.0","24.000","76.000","0.000"
"418","21","MDSB 36","false","false",,,,"9999999.0","9999999.0","15.000","85.000","0.000"
"419","21","MDSB 37","true","true",,,,"0.0","170.0","9.000","91.000","0.000"
"420","21","MDSB 38","false","false",,,,"9999999.0","9999999.0","48.000","52.000","0.000"
"421","21","MDSB 39","false","false",,,,"9999999.0","9999999.0","19.000","81.000","0.000"
"422","21","MDSB 40","true","true",,,,"0.0","45.0","7.000","93.000","0.000"
"423","21","MDSB 41","false","false",,,,"9999999.0","9999999.0","7.000","93.000","0.000"
"424","21","MDSB 42","false","false",,,,"9999999.0","9999999.0","1.000","99.000","0.000"
"425","21","MDSB 43","true","true",,,,"0.0","95.0","1.000","99.000","0.000"
"426","21","MDSB 44","false","false",,,,"9999999.0","9999999.0","24.000","76.000","0.000"
"427","21","MDSB 45","true","true",,,,"0.0","120.0","100.000","0.000","0.000"
"428","21","MDSB 46","false","false",,,,"9999999.0","9999999.0","1.000","99.000","0.000"
"429","21","MDSB 47","false","false",,,,"9999999.0","9999999.0","15.000","85.000","0.000"
"430","21","MDSB 48","true","true",,,,"30.0","30.0","8.000","92.000","0.000"
"431","21","MDSB 49","false","false",,,,"9999999.0","9999999.0","10.000","90.000","0.000"
"432","13","ND 32","false","false",,,,"9999999.0","9999999.0","9999999.000","9999999.000","9999999.000"
"360","22","SINAI 11","false","false",,,,"9999999.0","9999999.0","2.000","98.000","0.000"
"361","22","SINAI 12","false","false",,,,"9999999.0","9999999.0","4.000","96.000","0.000"
"362","22","SINAI 13","true","true",,,,"0.0","70.0","41.000","59.000","0.000"
"363","22","SINAI 14","false","false",,,,"9999999.0","9999999.0","7.000","93.000","0.000"
"364","22","SINAI 15","false","false",,,,"9999999.0","9999999.0","2.000","98.000","0.000"
"365","22","SINAI 16","true","true",,,,"0.0","40.0","2.000","98.000","0.000"
"366","22","SINAI 17","false","false",,,,"9999999.0","9999999.0","1.000","99.000","0.000"
"367","22","SINAI 18","false","false",,,,"9999999.0","9999999.0","3.000","97.000","0.000"
"368","22","SINAI 19","true","true",,,,"0.0","135.0","1.000","99.000","0.000"
"369","22","SINAI 20","false","false",,,,"9999999.0","9999999.0","1.000","99.000","0.000"
"370","22","SINAI 21","false","false",,,,"9999999.0","9999999.0","2.000","98.000","0.000"
"371","22","SINAI 22","false","false",,,,"9999999.0","9999999.0","1.000","99.000","0.000"
"372","22","SINAI 23","true","true",,,,"0.0","135.0","2.000","98.000","0.000"
"373","22","SINAI 24","false","false",,,,"9999999.0","9999999.0","43.000","57.000","0.000"
"374","22","SINAI 25","false","false",,,,"9999999.0","9999999.0","40.000","60.000","0.000"
"375","22","SINAI 26","true","true",,,,"0.0","40.0","92.000","8.000","0.000"
"376","22","SINAI 27","true","true",,,,"0.0","135.0","2.000","98.000","0.000"
"377","22","SINAI 28","false","false",,,,"9999999.0","9999999.0","45.000","55.000","0.000"
"378","22","SINAI 29","false","false",,,,"9999999.0","9999999.0","75.000","25.000","0.000"
"379","22","SINAI 30","false","false",,,,"9999999.0","9999999.0","35.000","65.000","0.000"
"380","22","SINAI 31","true","true",,,,"0.0","70.0","85.000","15.000","0.000"
"381","22","SINAI 32","false","false",,,,"9999999.0","9999999.0","35.000","65.000","0.000"
"382","22","SINAI 33","false","false",,,,"9999999.0","9999999.0","100.000","0.000","0.000"
"383","22","SINAI 34","true","true",,,,"0.0","60.0","83.000","17.000","0.000"
"404","21","MDSB 22","true","true",,,,"0.0","130.0","6.000","94.000","0.000"
"405","21","MDSB 23","false","false",,,,"9999999.0","9999999.0","6.000","94.000","0.000"
"406","21","MDSB 24","false","false",,,,"9999999.0","9999999.0","28.000","72.000","0.000"
