"","Plot.Name..Pt...","Date","Species.Name..1.","Species.Name..2.","Species.Name..3.","Species.Name..4.","Species.Name..5.","Species.Name..6.","Species.Name..7.","Species.Name..8.","X..Cover..Species.1.","X..Cover..Species.2.","X..Cover..Species.3.","X..Cover..Species.4.","X..Cover..Species.5.","X..Cover..Species.6.","X..Cover..Species.7.","X..Cover..Species.8."
"1","Knoll Pt. 1","06/27/18","N/A","N/A","N/A","N/A","N/A","N/A","N/A","N/A","N/A","N/A","N/A","N/A","N/A","N/A","N/A","N/A"
"2","Knoll Pt. 2","06/27/18","N/A","N/A","N/A","N/A","N/A","N/A","N/A","N/A","N/A","N/A","N/A","N/A","N/A","N/A","N/A","N/A"
"3","Knoll Pt. 3","06/27/18","N/A","N/A","N/A","N/A","N/A","N/A","N/A","N/A","N/A","N/A","N/A","N/A","N/A","N/A","N/A","N/A"
"4","Knoll Pt. 4","06/27/18","N/A","N/A","N/A","N/A","N/A","N/A","N/A","N/A","N/A","N/A","N/A","N/A","N/A","N/A","N/A","N/A"
"5","Knoll Pt. 5","06/27/18","Lonicera japonica","Parthenocissus quinquefolia","Hedera helix","Carya cordiformis","N/A","N/A","N/A","N/A","15","2","3","5","N/A","N/A","N/A","N/A"
"6","Knoll Pt. 6","06/27/18","Lonicera japonica","Parthenocissus quinquefolia","Hedera helix","Carya cordiformis","N/A","N/A","N/A","N/A","15","2","3","5","N/A","N/A","N/A","N/A"
"7","Knoll Pt. 7 ","06/27/18","Lonicera japonica","Carya cordiformis","Fraxinus americana","Alliaria petiolata","N/A","N/A","N/A","N/A","25","1","7","5","N/A","N/A","N/A","N/A"
"8","Knoll Pt. 8","06/28/18","Trifolium repens","Turf","Moss","N/A","N/A","N/A","N/A","N/A","5","15","30","N/A","N/A","N/A","N/A","N/A"
"9","Knoll Pt. 9","06/28/18","Parthenocissus quinquefolia","Hedera helix","Lonicera japonica","N/A","N/A","N/A","N/A","N/A","1","1","1","N/A","N/A","N/A","N/A","N/A"
"10","Knoll Pt. 10","06/28/18","Lonicera japonica","Hedera helix","N/A","N/A","N/A","N/A","N/A","N/A","40","10","N/A","N/A","N/A","N/A","N/A","N/A"
"11","Knoll Pt. 11","06/28/18","Lonicera japonica","Hedera helix","N/A","N/A","N/A","N/A","N/A","N/A","70","10","N/A","N/A","N/A","N/A","N/A","N/A"
"12","Knoll Pt. 12","06/29/18","Cornus florida","Lonicera japonica","Toxicodendron radicans ","Hedera helix","??","N/A","N/A","N/A","20","20","2","15","2","N/A","N/A","N/A"
"13","Knoll Pt. 13","06/29/18","N/A","N/A","N/A","N/A","N/A","N/A","N/A","N/A","N/A","N/A","N/A","N/A","N/A","N/A","N/A","N/A"
"14","Knoll Pt. 14","06/29/18","N/A","N/A","N/A","N/A","N/A","N/A","N/A","N/A","N/A","N/A","N/A","N/A","N/A","N/A","N/A","N/A"
"15","Knoll Pt. 15","06/29/18","Lonicera japonica","Parthenocissus quinquefolia","N/A","N/A","N/A","N/A","N/A","N/A","25","1","N/A","N/A","N/A","N/A","N/A","N/A"
"16","Knoll Pt. 16","06/29/18","Sassafras albidum","Lonicera japonica","Hedera helix","N/A","N/A","N/A","N/A","N/A","10","20","2","N/A","N/A","N/A","N/A","N/A"
"17","Knoll Pt. 17","07/03/18","Hedera helix","Rubus occidentalis","Lonicera japonica","Viburnum acerifolium","Malus spp","Fraxinus pennsylvanica","N/A","N/A","15","25","10","2","10","1","N/A","N/A"
"18","Knoll Pt. 18","07/03/18","Hedera helix","Parthenocissus quinquefolia","?? Unknown serrated","Viburnum acerifolium","N/A","N/A","N/A","N/A","70","15","5","1","N/A","N/A","N/A","N/A"
"19","Knoll Pt. 19","07/03/18","Hedera helix","Parthenocissus quinquefolia","Viburnum acerifolium","Liriodendron tulipifera","Prunus avium","Amelanchier arborea","N/A","N/A","8","1","3","1","1","1","N/A","N/A"
"20","Knoll Pt. 20","07/03/18","Alliaria petiolata","Hedera helix","Fagus grandifolia","Lonicera japonica","Parthenocissus quinquefolia","Toxicodendron radicans","N/A","N/A","20","15","1","12","1","1","N/A","N/A"
"21","Knoll Pt. 21","07/03/18","Alliaria petiolata","Fragaria vesca","Polygonum perfoliata","Oxalis stricta","N/A","N/A","N/A","N/A","20","60","1","9","N/A","N/A","N/A","N/A"
"22","Knoll Pt. 22","07/05/18","Perilla frutescens","Polygonum perfoliata","N/A","N/A","N/A","N/A","N/A","N/A","50","50","N/A","N/A","N/A","N/A","N/A","N/A"
"23","Knoll Pt. 23","07/05/18","Hedera helix","Parthenocissus quinquefolia","Lonicera japonica","Viburnum dentatum","Viburnum acerifolium","Fagus grandifolia","N/A","N/A","15","5","8","5","5","2","N/A","N/A"
"24","Knoll Pt. 24","07/06/18","Fagus grandifolia","Fraxinus pennsylvanica","Lonicera japonica","Viburnum acerifolium","Hedera helix","Alliaria petiolata","Parthenocissus quinquefolia","N/A","2","8","5","8","10","5","2","N/A"
"25","Knoll Pt. 25","07/05/18","Hedera helix","Polygonum perfoliata","Liriodendron tulipifera","Viburnum acerifolium","N/A","N/A","N/A","N/A","4","2","1","3","N/A","N/A","N/A","N/A"
"26","Knoll Pt. 26","07/05/18","Parthenocissus quinquefolia","Lonicera japonica","Hedera helix","N/A","N/A","N/A","N/A","N/A","5","15","10","N/A","N/A","N/A","N/A","N/A"
"27","Knoll Pt. 27","07/05/18","Vinca minor","N/A","N/A","N/A","N/A","N/A","N/A","N/A","1","N/A","N/A","N/A","N/A","N/A","N/A","N/A"
"28","Knoll Pt. 28","07/05/18","Viburnum acerifolium","N/A","N/A","N/A","N/A","N/A","N/A","N/A","5","N/A","N/A","N/A","N/A","N/A","N/A","N/A"
"29","Knoll Pt. 29","06/29/18","Convallaria majalis","Cornus florida","Adenophora tracheliodes","N/A","N/A","N/A","N/A","N/A","2","2","21","N/A","N/A","N/A","N/A","N/A"
"30","Knoll Pt. 30","06/29/18","N/A","N/A","N/A","N/A","N/A","N/A","N/A","N/A","N/A","N/A","N/A","N/A","N/A","N/A","N/A","N/A"
"31","Knoll Pt. 31","06/29/18","N/A","N/A","N/A","N/A","N/A","N/A","N/A","N/A","N/A","N/A","N/A","N/A","N/A","N/A","N/A","N/A"
"32","Knoll Pt. 32","06/29/18","N/A","N/A","N/A","N/A","N/A","N/A","N/A","N/A","N/A","N/A","N/A","N/A","N/A","N/A","N/A","N/A"
"33","Knoll Pt. 33","06/29/18","Moss","Turf","Lonicera japonica","Acer rubrum","N/A","N/A","N/A","N/A","5","2","2","1","N/A","N/A","N/A","N/A"
"34","Knoll Pt. 34","07/03/18","Viburnum acerifolium","Sassafras albidum","Morus rubra ","N/A","N/A","N/A","N/A","N/A","55","4","1","N/A","N/A","N/A","N/A","N/A"
"35","Knoll Pt. 35","07/06/18","N/A","N/A","N/A","N/A","N/A","N/A","N/A","N/A","N/A","N/A","N/A","N/A","N/A","N/A","N/A","N/A"
"36","Knoll Pt. 36","07/03/18","N/A","N/A","N/A","N/A","N/A","N/A","N/A","N/A","N/A","N/A","N/A","N/A","N/A","N/A","N/A","N/A"
"37","Knoll Pt. 37","07/06/18","Viburnum dentatum","Robinia pseudoacacia","Carya cordiformis","Hedera helix","Parthenocissus quinquefolia","Fagaria vesca","Lonicera japonica","N/A","5","2","2","15","15","6","15","N/A"
"38","Knoll Pt. 38","07/06/18","Turf","Lonicera japonica","Hedera helix","Liriodendron tulipifera","N/A","N/A","N/A","N/A","28","15","10","2","N/A","N/A","N/A","N/A"
"39","Knoll Pt. 39","07/06/18","N/A","N/A","N/A","N/A","N/A","N/A","N/A","N/A","N/A","N/A","N/A","N/A","N/A","N/A","N/A","N/A"
"40","Knoll Pt. 40","07/06/28","N/A","N/A","N/A","N/A","N/A","N/A","N/A","N/A","N/A","N/A","N/A","N/A","N/A","N/A","N/A","N/A"
"41","Knoll Pt. 41","07/06/18","N/A","N/A","N/A","N/A","N/A","N/A","N/A","N/A","N/A","N/A","N/A","N/A","N/A","N/A","N/A","N/A"
"42","Knoll Pt. 42","07/06/18","Polygonum perfoliata","Ampelopsis glandulosa","Cicaea alpina","Ageratina altissima","Hedera helix","Parthenocissus quinquefolia","N/A","N/A","55","10","10","5","5","15","N/A","N/A"
"43","Knoll Pt. 43","07/06/18","Hedera helix","Parthenocissus quinquefolia","Lindera benzoin","Viburnum acerifolium","Viburnum lentago ","Amelanchier arborea","N/A","N/A","2","1","1","1","8","2","N/A","N/A"
"44","Knoll Pt. 44","07/06/18","Parthenocissus quinquefolia","Fraxinus americana","Carya cordiformis","Acer rubrum","Hedera helix","Lindera benzoin","N/A","N/A","1","1","2","2","5","5","N/A","N/A"
"45","Knoll Pt. 45","07/05/18","Lonicera japonica","N/A","N/A","N/A","N/A","N/A","N/A","N/A","1","N/A","N/A","N/A","N/A","N/A","N/A","N/A"
"46","Knoll Pt. 46","07/05/18","Viburnum acerifolium","Lonicera japonica","Rubus trianthus","N/A","N/A","N/A","N/A","N/A","5","1","4","N/A","N/A","N/A","N/A","N/A"
"47","Knoll Pt. 47","07/03/18","Parthenocissus quinquefolia","Viburnum acerifolium","Gleditsia triacanthos","Fraxinus americana","Amelanchier arborea","N/A","N/A","N/A","4","3","1","1","1","N/A","N/A","N/A"
"48","Knoll Pt. 48","06/29/18","N/A","N/A","N/A","N/A","N/A","N/A","N/A","N/A","N/A","N/A","N/A","N/A","N/A","N/A","N/A","N/A"
"49","Knoll Pt. 49","07/06/18","N/A","N/A","N/A","N/A","N/A","N/A","N/A","N/A","N/A","N/A","N/A","N/A","N/A","N/A","N/A","N/A"
"50","Knoll Pt. 50","07/06/18","N/A","N/A","N/A","N/A","N/A","N/A","N/A","N/A","N/A","N/A","N/A","N/A","N/A","N/A","N/A","N/A"
"51","Knoll Pt. 51","07/06/18","Hedera helix","Viburnum acerifolium","Smilax rotundifolia","Sassafras albidum","N/A","N/A","N/A","N/A","5","1","3","1","N/A","N/A","N/A","N/A"
"52","Knoll Pt. 52","07/06/18","Smilax rotundifolia","Hedera helix","Lonicera japonica","Turf","Prunus avium","N/A","N/A","N/A","5","10","5","5","5","N/A","N/A","N/A"
"53","Knoll Pt. 53","07/06/18","Moss","N/A","N/A","N/A","N/A","N/A","N/A","N/A","5","N/A","N/A","N/A","N/A","N/A","N/A","N/A"
"54","Knoll Pt. 54","07/10/18","Hedera helix","Lonicera japonica","Allaria petiolata","N/A","N/A","N/A","N/A","N/A","5","20","50","N/A","N/A","N/A","N/A","N/A"
"55","Knoll Pt. 55","07/10/18","Hedera helix","Parthenocissus quinquefolia","Lonicera japonica","Toxicodendron radicans","N/A","N/A","N/A","N/A","15","5","10","10","N/A","N/A","N/A","N/A"
"56","Knoll Pt. 56","07/10/18","Toxicodendron radicans","Turf","N/A","N/A","N/A","N/A","N/A","N/A","10","35","N/A","N/A","N/A","N/A","N/A","N/A"
"57","Knoll Pt. 57","07/10/18","N/A","N/A","N/A","N/A","N/A","N/A","N/A","N/A","N/A","N/A","N/A","N/A","N/A","N/A","N/A","N/A"
"58","Knoll Pt. 58","07/10/18","Osmunda japonica","Osmundastrum cinnamomeum","Parthenocissus quinquefolia","Toxicodendron radicans","N/A","N/A","N/A","N/A","5","1","5","1","N/A","N/A","N/A","N/A"
"59","Knoll Pt. 59","07/10/18","Lonicera japonica","Smilax rotundifolia","Hedera helix","Carya cordiformis","N/A","N/A","N/A","N/A","20","15","15","5","N/A","N/A","N/A","N/A"
"60","Knoll Pt. 60","07/10/18","Smilax rotundifolia","Hedera helix","Fraxinus pennsylvanica","Lonicera japonica","N/A","N/A","N/A","N/A","30","1","1","18","N/A","N/A","N/A","N/A"
"61","Knoll Pt. 61","07/06/18","Lonicera japonica","Hedera helix","N/A","N/A","N/A","N/A","N/A","N/A","30","10","N/A","N/A","N/A","N/A","N/A","N/A"
"62","Knoll Pt. 62","07/10/18","N/A","N/A","N/A","N/A","N/A","N/A","N/A","N/A","N/A","N/A","N/A","N/A","N/A","N/A","N/A","N/A"
"63","Knoll Pt. 63","07/10/18","N/A","N/A","N/A","N/A","N/A","N/A","N/A","N/A","N/A","N/A","N/A","N/A","N/A","N/A","N/A","N/A"
"64","Knoll Pt. 64","07/10/18","N/A","N/A","N/A","N/A","N/A","N/A","N/A","N/A","N/A","N/A","N/A","N/A","N/A","N/A","N/A","N/A"
"65","Knoll Pt. 65","07/10/18","Lonicera japonica","Hedera helix","Toxicodendron radicans ","Smilax rotundifolia","N/A","N/A","N/A","N/A","5","5","10","10","N/A","N/A","N/A","N/A"
"66","Tyrone St. Pt. 1","07/12/18","N/A","N/A","N/A","N/A","N/A","N/A","N/A","N/A","N/A","N/A","N/A","N/A","N/A","N/A","N/A","N/A"
"67","Tyrone St. Pt. 2","07/12/18","Rosa Multiflora","Parthenocissus quinquefolia","Turf","Ampelopsis glandulosa","Phytolacca americana","Geum aleppicum","N/A","N/A","30","15","2","25","3","5","N/A","N/A"
"68","Tyrone St. Pt. 3","07/12/18","Lonicera japonica","Rosa multiflora","Celastrus orbiculatus","Ampelopsis glandulosa","Hedera helix","Geum aleppicum","N/A","N/A","20","2","30","30","5","3","N/A","N/A"
"69","Tyrone St. Pt. 4","07/12/18","Lonicera japonica","Hedera helix","Fragaria vesca","Ulmus americana","Celustrus orbiculatus","Ampelopsis glandulosa","N/A","N/A","50","5","3","2","5","5","N/A","N/A"
"70","Tyrone St. Pt. 5","07/12/18","Lonicera japonica","Hedera helix","Carya cordiformis","Ailanthus altissima","Rosa Multiflora","N/A","N/A","N/A","10","5","2","1","2","N/A","N/A","N/A"
"71","Tyrone St. Pt. 6","07/12/18","N/A","N/A","N/A","N/A","N/A","N/A","N/A","N/A","N/A","N/A","N/A","N/A","N/A","N/A","N/A","N/A"
"72","Tyrone St. Pt. 7","07/12/18","Viburnum acerifolium","Lonicera japonica","N/A","N/A","N/A","N/A","N/A","N/A","10","5","N/A","N/A","N/A","N/A","N/A","N/A"
"73","Tyrone St. Pt. 8","07/12/18","Ampelopsis glandulosa","Lonicera japonica","Phytolacca americana","Celastrus orbiculatus","N/A","N/A","N/A","N/A","2","5","3","10","N/A","N/A","N/A","N/A"
"74","Tyrone St. Pt. 9","07/12/18","Hedera helix","Viburnum acerifolium","Lonicera japonica","Phytolacca americana","Toxicodendron radicans","Ampelopsis glandulosa","N/A","N/A","5","5","5","3","2","10","N/A","N/A"
"75","Tyrone St. Pt. 10","07/12/18","N/A","N/A","N/A","N/A","N/A","N/A","N/A","N/A","N/A","N/A","N/A","N/A","N/A","N/A","N/A","N/A"
"76","Tyrone St. Pt.11","07/12/18","N/A","N/A","N/A","N/A","N/A","N/A","N/A","N/A","N/A","N/A","N/A","N/A","N/A","N/A","N/A","N/A"
"77","Primson Ave Pt. 1","07/12/18","Orychophragmus violaceus","Pathenocissus quinquefolia ","Phytolacca americana","Turf","N/A","N/A","N/A","N/A","20","10","10","40","N/A","N/A","N/A","N/A"
"78","Primson Ave Pt. 2","07/11/18","N/A","N/A","N/A","N/A","N/A","N/A","N/A","N/A","N/A","N/A","N/A","N/A","N/A","N/A","N/A","N/A"
"79","Primson Ave Pt. 3","07/11/18","Fallopia japonica","N/A","N/A","N/A","N/A","N/A","N/A","N/A","40","N/A","N/A","N/A","N/A","N/A","N/A","N/A"
"80","Primson Ave Pt. 4","07/11/18","Pathenocissus quinquefolia","Hedera helix","Dioscorea polystachya","N/A","N/A","N/A","N/A","N/A","25","15","10","N/A","N/A","N/A","N/A","N/A"
"81","Primson Ave Pt. 5","07/11/18","Hedera helix","Pathenocissus quinquefolia","Lonicera japonica","Glechoma hederacea","N/A","N/A","N/A","N/A","50","10","5","10","N/A","N/A","N/A","N/A"
"82","Primson Ave Pt. 6","07/12/18","Pathenocissus quinquefolia","Toxicodendron radicans","Hedera helix","Lonicera japonica","N/A","N/A","N/A","N/A","15","15","15","5","N/A","N/A","N/A","N/A"
"83","Primson Ave Pt. 7","07/12/18","N/A","N/A","N/A","N/A","N/A","N/A","N/A","N/A","N/A","N/A","N/A","N/A","N/A","N/A","N/A","N/A"
"84","Primson Ave Pt. 8","07/12/18","N/A","N/A","N/A","N/A","N/A","N/A","N/A","N/A","N/A","N/A","N/A","N/A","N/A","N/A","N/A","N/A"
"85","Primson Ave Pt. 9","07/12/18","N/A","N/A","N/A","N/A","N/A","N/A","N/A","N/A","N/A","N/A","N/A","N/A","N/A","N/A","N/A","N/A"
"86"," Leidig Rec Center Pt. 1","07/10/18","Lonicera japonica ","Hedera helix","N/A","N/A","N/A","N/A","N/A","N/A","15","60","N/A","N/A","N/A","N/A","N/A","N/A"
"87","Leidig Rec Center Pt. 2","07/10/18","Lonicera japonica ","Hedera helix","N/A","N/A","N/A","N/A","N/A","N/A","70","30","N/A","N/A","N/A","N/A","N/A","N/A"
"88","Leidig Rec Center Pt. 3","07/10/18","Rosa multiflora","Toxicodendron radicans","Hedera Helix","N/A","N/A","N/A","N/A","N/A","80","15","5","N/A","N/A","N/A","N/A","N/A"
"89","Leidig Rec Center Pt. 4","07/10/18","N/A","N/A","N/A","N/A","N/A","N/A","N/A","N/A","N/A","N/A","N/A","N/A","N/A","N/A","N/A","N/A"
"90","Leidig Rec Center Pt. 5","07/10/18","N/A","N/A","N/A","N/A","N/A","N/A","N/A","N/A","N/A","N/A","N/A","N/A","N/A","N/A","N/A","N/A"
"91","Leidig Rec Center Pt. 6","07/10/18","Polygonum longisetum","Plantago asiatica","Glechoma longituba","Turf","N/A","N/A","N/A","N/A","5","2","3","70","N/A","N/A","N/A","N/A"
"92","Leidig Rec Center Pt. 7","07/10/18","Pathenocissus quinquefolia","Duchesnea indica","Orychophragmus violaceus","Unknown","Polygonum longisetum","Turf","N/A","N/A","5","10","1","2","2","75","N/A","N/A"
"93","Leidig Rec Center Pt. 8","07/10/18","Turf","Glechoma longituba ","Trifolium repens","Plantago asiatica","N/A","N/A","N/A","N/A","40","4","1","15","N/A","N/A","N/A","N/A"
"94","Leidig Rec Center Pt. 9 ","07/10/18","Turf","Orychophragmus violaceus","Polygonum longisetum ","Geum canadense","Toxicodendron radicans","N/A","N/A","N/A","50","25","5","10","5","N/A","N/A","N/A"
"95","Leidig Rec Center Pt. 10","07/10/18","N/A","N/A","N/A","N/A","N/A","N/A","N/A","N/A","N/A","N/A","N/A","N/A","N/A","N/A","N/A","N/A"
"96","Leidig Rec Center Pt. 11","07/10/18","N/A","N/A","N/A","N/A","N/A","N/A","N/A","N/A","N/A","N/A","N/A","N/A","N/A","N/A","N/A","N/A"
"97","Leidig Rec Center Pt. 12","07/10/18","Lonicera japonica","Hedera helix","Toxicodendron radicans","Akebia quintata","Helianthus tuberosis","Orychophragmus violaceus","N/A","N/A","10","7","3","70","4","6","N/A","N/A"
"98","Leidig Rec Center Pt. 13","07/10/18","N/A","N/A","N/A","N/A","N/A","N/A","N/A","N/A","N/A","N/A","N/A","N/A","N/A","N/A","N/A","N/A"
"99","Leidig Rec Center Pt. 14","07/12/18","N/A","N/A","N/A","N/A","N/A","N/A","N/A","N/A","N/A","N/A","N/A","N/A","N/A","N/A","N/A","N/A"
"100","Loyola Northway Pt. 1","07/13/18","Hedera helix","Lonicera japonica","Ailanthus altissima","Alliaria petiolata","N/A","N/A","N/A","N/A","20","15","2","3","N/A","N/A","N/A","N/A"
"101","Loyola Northway Pt. 2","07/13/18","N/A","N/A","N/A","N/A","N/A","N/A","N/A","N/A","N/A","N/A","N/A","N/A","N/A","N/A","N/A","N/A"
"102","Loyola Northway Pt. 3","07/13/18","Lonicera japonica","Parthenocissus quinquefolia","Hedera helix","Arctium lappa","Ampelopsis glanulosa","N/A","N/A","N/A","30","20","20","10","20","N/A","N/A","N/A"
"103","Loyola Northway Pt. 4","07/13/18","Rosa multiflora","Hedera helix","Lonicera japonica","Parthenocissus quinquefolia","N/A","N/A","N/A","N/A","15","25","20","10","N/A","N/A","N/A","N/A"
"104","Loyola Northway Pt. 5","07/13/18","N/A","N/A","N/A","N/A","N/A","N/A","N/A","N/A","N/A","N/A","N/A","N/A","N/A","N/A","N/A","N/A"
"105","Loyola Northway Pt. 6","07/13/18","N/A","N/A","N/A","N/A","N/A","N/A","N/A","N/A","N/A","N/A","N/A","N/A","N/A","N/A","N/A","N/A"
"106","Ken Oak Rd Pt. 1","07/13/18","Hedera helix","Carya cordiformis","Gymnema sylvestre","Turf","N/A","N/A","N/A","N/A","20","5","50","5","N/A","N/A","N/A","N/A"
"107","Ken Oak Rd Pt. 2","07/13/18","Turf","N/A","N/A","N/A","N/A","N/A","N/A","N/A","100","N/A","N/A","N/A","N/A","N/A","N/A","N/A"
"108","Ken Oak Rd Pt. 3","07/13/18","Turf","Trifolium repens","Viola collina","N/A","N/A","N/A","N/A","N/A","70","20","10","N/A","N/A","N/A","N/A","N/A"
"109","Ken Oak Rd Pt. 4","07/13/18","Turf","Trifolium repens","N/A","N/A","N/A","N/A","N/A","N/A","90","10","N/A","N/A","N/A","N/A","N/A","N/A"
"110","Hockley Rd. Pt. 1","07/20/18","Lonicera japonica","Polygonum perfoliata","Parthenocissus quinquefolia","Ampelopsis glandulosa","N/A","N/A","N/A","N/A","10","25","5","10","N/A","N/A","N/A","N/A"
"111","Hockley Rd. Pt. 2","07/20/18","Lonicera japonica","Parthenocissus quinquefolia","N/A","N/A","N/A","N/A","N/A","N/A","70","5","N/A","N/A","N/A","N/A","N/A","N/A"
"112","Hockley Rd. Pt. 3","07/20/18","Polygonum perfoliata","Hedera helix","Betula playphylla","Lonicera japonica","Ampelopsis glanulosa","Celastrus orbiculatus","Moss","N/A","40","20","1","5","10","5","4","N/A"
"113","Hockley Rd. Pt. 4","07/18/18","Parthenocissus quinquefolia","Ampelopsis glandulosa","Lonicera japonica","N/A","N/A","N/A","N/A","N/A","15","5","5","N/A","N/A","N/A","N/A","N/A"
"114","Hockley Rd. Pt. 5","07/18/18","Hedera helix","N/A","N/A","N/A","N/A","N/A","N/A","N/A","1","N/A","N/A","N/A","N/A","N/A","N/A","N/A"
"115","Hockley Rd. Pt. 6","07/18/18","Campsis radicans","Lonicera japonica","Verbena officinalis","Toxicodendron radicans","Allaria petiolata","N/A","N/A","N/A","20","30","1","1","8","N/A","N/A","N/A"
"116","Hockley Rd. Pt. 7","07/18/18","N/A","N/A","N/A","N/A","N/A","N/A","N/A","N/A","N/A","N/A","N/A","N/A","N/A","N/A","N/A","N/A"
"117","Hockley Rd. Pt. 8","07/18/18","Smilax rotundifolia","Viburnum acerifolium","Vitis riparia","Parthenocissus quinquefolia","Cotinus coggygria","Phytolacca americana","N/A","N/A","5","20","10","10","5","5","N/A","N/A"
"118","Hockley Rd. Pt. 9","07/20/18","Lonicera japonica","Toxicodendron radicans","N/A","N/A","N/A","N/A","N/A","N/A","14","1","N/A","N/A","N/A","N/A","N/A","N/A"
"119","Hockley Rd. Pt. 10","07/20/18","Rosa multiflora","Lonicera japonica","Parthenocissus quinquefolia","Alliaria petiolata","N/A","N/A","N/A","N/A","3","10","1","1","N/A","N/A","N/A","N/A"
"120","Hockley Rd. Pt. 11","07/20/18","Lonicera japonica","Polygonum perfoliatum","Rosa multiflora","N/A","N/A","N/A","N/A","N/A","40","37","3","N/A","N/A","N/A","N/A","N/A"
"121","Hockley Rd. Pt. 12","07/20/18","Buddleja lindleyana","Toxicodendron radicans","Alliaria petiolata","Lonicera japonica","N/A","N/A","N/A","N/A","55","10","2","3","N/A","N/A","N/A","N/A"
"122","Hockley Rd. Pt. 13","07/20/18","N/A","N/A","N/A","N/A","N/A","N/A","N/A","N/A","N/A","N/A","N/A","N/A","N/A","N/A","N/A","N/A"
"123","Hockley Rd. Pt. 14","07/20/18","N/A","N/A","N/A","N/A","N/A","N/A","N/A","N/A","N/A","N/A","N/A","N/A","N/A","N/A","N/A","N/A"
"124","Hockley Rd. Pt. 15","07/20/18","N/A","N/A","N/A","N/A","N/A","N/A","N/A","N/A","N/A","N/A","N/A","N/A","N/A","N/A","N/A","N/A"
"125","Hockley Rd. Pt. 16","07/20/18","N/A","N/A","N/A","N/A","N/A","N/A","N/A","N/A","N/A","N/A","N/A","N/A","N/A","N/A","N/A","N/A"
"126","Hockley Rd. Pt. 17","07/20/18","N/A","N/A","N/A","N/A","N/A","N/A","N/A","N/A","N/A","N/A","N/A","N/A","N/A","N/A","N/A","N/A"
"127","Hockley Rd. Pt. 18","07/20/18","N/A","N/A","N/A","N/A","N/A","N/A","N/A","N/A","N/A","N/A","N/A","N/A","N/A","N/A","N/A","N/A"
"128","Hockley Rd. Pt. 19","07/20/18","N/A","N/A","N/A","N/A","N/A","N/A","N/A","N/A","N/A","N/A","N/A","N/A","N/A","N/A","N/A","N/A"
"129","Hockley Rd. Pt. 20","07/20/18","N/A","N/A","N/A","N/A","N/A","N/A","N/A","N/A","N/A","N/A","N/A","N/A","N/A","N/A","N/A","N/A"
"130","Hockley Rd. Pt. 21","07/20/18","N/A","N/A","N/A","N/A","N/A","N/A","N/A","N/A","N/A","N/A","N/A","N/A","N/A","N/A","N/A","N/A"
"131","Hockley Rd. Pt. 22","07/20/18","N/A","N/A","N/A","N/A","N/A","N/A","N/A","N/A","N/A","N/A","N/A","N/A","N/A","N/A","N/A","N/A"
"132","Stillmeadow Church Pt. 1","07/12/18","N/A","N/A","N/A","N/A","N/A","N/A","N/A","N/A","N/A","N/A","N/A","N/A","N/A","N/A","N/A","N/A"
"133","Stillmeadow Church Pt. 2","07/27/18","Centella asiatica","Turf","Ampelopsis glandulosa","N/A","N/A","N/A","N/A","N/A","15","60","5","N/A","N/A","N/A","N/A","N/A"
"134","Stillmeadow Church Pt. 3","07/27/18","N/A","N/A","N/A","N/A","N/A","N/A","N/A","N/A","N/A","N/A","N/A","N/A","N/A","N/A","N/A","N/A"
"135","Stillmeadow Church Pt. 4","07/27/18","N/A","N/A","N/A","N/A","N/A","N/A","N/A","N/A","N/A","N/A","N/A","N/A","N/A","N/A","N/A","N/A"
"136","Stillmeadow Church Pt. 5","07/27/18","Rosa multiflora","Geum canadense","Centella asiatica","N/A","N/A","N/A","N/A","N/A","50","10","10","N/A","N/A","N/A","N/A","N/A"
"137","Stillmeadow Church Pt. 6","07/27/18","Fraxinus americana","Rosa multiflora","Ampelopsis glandulosa","Phytolacca americana","Hedera helix","N/A","N/A","N/A","30","30","5","20","5","N/A","N/A","N/A"
"138","Stillmeadow Church Pt. 7","07/27/18","N/A","N/A","N/A","N/A","N/A","N/A","N/A","N/A","N/A","N/A","N/A","N/A","N/A","N/A","N/A","N/A"
"139","Stillmeadow Church Pt. 8","07/27/18","N/A","N/A","N/A","N/A","N/A","N/A","N/A","N/A","N/A","N/A","N/A","N/A","N/A","N/A","N/A","N/A"
"140","Stillmeadow Church Pt. 9","07/27/18","N/A","N/A","N/A","N/A","N/A","N/A","N/A","N/A","N/A","N/A","N/A","N/A","N/A","N/A","N/A","N/A"
"141","Stillmeadow Church Pt. 10","07/27/18","Ampelopsis glandulosa","Turf","Hedera helix","Allaria petiolata","N/A","N/A","N/A","N/A","35","5","5","5","N/A","N/A","N/A","N/A"
"142","Stillmeadow Church Pt. 11","07/27/18","N/A","N/A","N/A","N/A","N/A","N/A","N/A","N/A","N/A","N/A","N/A","N/A","N/A","N/A","N/A","N/A"
"143","Stillmeadow Church Pt. 12","07/27/18","Fraxinus pennsylvanica","Hedera helix","Allaria petiolata","N/A","N/A","N/A","N/A","N/A","5","10","5","N/A","N/A","N/A","N/A","N/A"
"144","Stillmeadow Church Pt. 13","07/27/18","Allaria petiolata","Hedera helix","Lonicera japonica","Viburnum acerifolium","Rosa multiflora","Phytolacca americana","Parthenocissus quinquefolia","N/A","20","10","15","8","1","5","1","N/A"
"145","Stillmeadow Church Pt. 14","07/27/18","N/A","N/A","N/A","N/A","N/A","N/A","N/A","N/A","N/A","N/A","N/A","N/A","N/A","N/A","N/A","N/A"
"146","Stillmeadow Church Pt. 15","07/27/18","N/A","N/A","N/A","N/A","N/A","N/A","N/A","N/A","N/A","N/A","N/A","N/A","N/A","N/A","N/A","N/A"
"147","Stillmeadow Church Pt. 16","07/27/18","Hedera helix","Lonicera japonica","Viburnum acerifolium","Allaria petiolata","N/A","N/A","N/A","N/A","20","20","5","5","N/A","N/A","N/A","N/A"
"148","Stillmeadow Church Pt. 17","07/27/18","Lonicera japonica","Ampelopsis glandulosa","Hedera helix","N/A","N/A","N/A","N/A","N/A","90","5","5","N/A","N/A","N/A","N/A","N/A"
"149","Stillmeadow Church Pt. 18","07/30/18","Lonicera japonica","Hedera helix","N/A","N/A","N/A","N/A","N/A","N/A","40","20","N/A","N/A","N/A","N/A","N/A","N/A"
"150","Stillmeadow Church Pt. 19","07/27/18","Allaria petiolata","Lonicera japonica","Hedera helix","N/A","N/A","N/A","N/A","N/A","5","20","5","N/A","N/A","N/A","N/A","N/A"
"151","Stillmeadow Church Pt. 20","07/30/18","Lonicera japonica","Hedera helix","Parthenocissus quinquefolia","Viburnum acerifolium","N/A","N/A","N/A","N/A","15","15","5","5","N/A","N/A","N/A","N/A"
"152","Stillmeadow Church Pt. 21","07/30/18","Hedera helix","Ampelopsis glandulosa","Toxicodendron radicans","Lonicera japonica","Ipomoea hederacea","Parthenocissus quinquefolia","Rosa multiflora","Geum canadense","15","20","2","10","3","5","5","10"
"153","Stillmeadow Church Pt. 22","07/30/18","Hedera helix","N/A","N/A","N/A","N/A","N/A","N/A","N/A","10","N/A","N/A","N/A","N/A","N/A","N/A","N/A"
"154","Stillmeadow Church Pt. 23","07/30/18","Toxicodendron radicans","Lonicera japonica","Hedera helix","Parthenocissus quinquefolia","Fern","Bidens bipinnata","Viburnum acerifolium","Allaria petiolata","5","5","5","1","1","1","2","5"
"155","Stillmeadow Church Pt. 24","07/30/18","Lonicera japonica","Hedera helix","Rosa multiflora","Fraxinus americana","N/A","N/A","N/A","N/A","5","25","5","1","N/A","N/A","N/A","N/A"
"156","Stillmeadow Church Pt. 25","07/30/18","Ailanthus altissima","Lonicera japonica","Allaria petiolata","N/A","N/A","N/A","N/A","N/A","1","1","3","N/A","N/A","N/A","N/A","N/A"
"157","Stillmeadow Church Pt. 26","07/30/18","Toxicodendron radicans","Lonicera japonica","Ampelopsis glandulosa","Hedera helix","N/A","N/A","N/A","N/A","10","10","5","5","N/A","N/A","N/A","N/A"
"158","Stillmeadow Church Pt. 27","07/30/18","Toxicodendron radicans","Lonicera japonica","Allaria petiolata","Viburnum acerifolium","Hedera helix","N/A","N/A","N/A","10","10","5","2","3","N/A","N/A","N/A"
"159","Stillmeadow Church Pt. 28","07/30/18","Lonicera japonica","Hedera helix","Rosa multiflora","N/A","N/A","N/A","N/A","N/A","8","2","5","N/A","N/A","N/A","N/A","N/A"
"160","Stillmeadow Church Pt. 29","07/31/18","Rosa multiflora","Hedera helix","Lonicera japonica","N/A","N/A","N/A","N/A","N/A","2","1","2","N/A","N/A","N/A","N/A","N/A"
"161","Stillmeadow Church Pt. 30","07/30/18","Ailanthus altissima","Allaria petiolata","Hedera helix","Lonicera japonica","N/A","N/A","N/A","N/A","5","2","3","5","N/A","N/A","N/A","N/A"
"162","Stillmeadow Church Pt. 31","07/31/18","N/A","N/A","N/A","N/A","N/A","N/A","N/A","N/A","N/A","N/A","N/A","N/A","N/A","N/A","N/A","N/A"
"163","Stillmeadow Church Pt. 32","07/31/18","Hedera helix","Lonicera japonica","Parthenocissus quinquefolia","Ampelopsis glandulosa","Diffusa diffusa","N/A","N/A","N/A","25","30","5","5","5","N/A","N/A","N/A"
"164","Stillmeadow Church Pt. 33","07/31/18","Toxicodendron radicans","Lonicera japonica","Hedera helix","Ampelopsis glandulosa","N/A","N/A","N/A","N/A","15","50","15","5","N/A","N/A","N/A","N/A"
"165","Stillmeadow Church Pt. 34","07/31/18","N/A","N/A","N/A","N/A","N/A","N/A","N/A","N/A","N/A","N/A","N/A","N/A","N/A","N/A","N/A","N/A"
"166","Stillmeadow Church Pt. 35","07/31/18","N/A","N/A","N/A","N/A","N/A","N/A","N/A","N/A","N/A","N/A","N/A","N/A","N/A","N/A","N/A","N/A"
"167","Stillmeadow Church Pt. 36","07/31/18","N/A","N/A","N/A","N/A","N/A","N/A","N/A","N/A","N/A","N/A","N/A","N/A","N/A","N/A","N/A","N/A"
"168","Stillmeadow Church Pt. 37","07/31/18","N/A","N/A","N/A","N/A","N/A","N/A","N/A","N/A","N/A","N/A","N/A","N/A","N/A","N/A","N/A","N/A"
"169","Stillmeadow Church Pt. 38","07/31/18","Lindera benzoin","Hedera helix","Toxicodendron radicans","Parthenocissus quinquefolia","Rosa multiflora","N/A","N/A","N/A","10","10","5","10","5","N/A","N/A","N/A"
"170","Stillmeadow Church Pt. 39","07/31/18","Ampelopsis glandulosa","Lindera benzoin","Rosa multiflora","Hedera helix","Allaria petiolata","Lonicera japonica","N/A","N/A","5","25","10","3","5","2","N/A","N/A"
"171","Stillmeadow Church Pt. 40","07/31/18","N/A","N/A","N/A","N/A","N/A","N/A","N/A","N/A","N/A","N/A","N/A","N/A","N/A","N/A","N/A","N/A"
"172","Stillmeadow Church Pt. 41","07/31/18","N/A","N/A","N/A","N/A","N/A","N/A","N/A","N/A","N/A","N/A","N/A","N/A","N/A","N/A","N/A","N/A"
"173","Stillmeadow Church Pt. 42","07/31/18","N/A","N/A","N/A","N/A","N/A","N/A","N/A","N/A","N/A","N/A","N/A","N/A","N/A","N/A","N/A","N/A"
"174","Forest Glen Plot 2/ Pt. 1","08/01/18","Oxalis stricta","Parthenocissus quinquefolia","Ailanthus altissima","Ampelopsis glandulosa","Taraxacum","Celastrus orbiculatus","N/A","N/A","20","5","5","15","10","5","N/A","N/A"
"175","Forest Glen Plot 2/ Pt. 2","08/01/18","Euonymus alata","Hedera helix","Ampelopsis glandulosa","N/A","N/A","N/A","N/A","N/A","10","10","10","N/A","N/A","N/A","N/A","N/A"
"177","Forest Glen Plot 2/ Pt. 4","08/02/18","N/A","N/A","N/A","N/A","N/A","N/A","N/A","N/A","N/A","N/A","N/A","N/A","N/A","N/A","N/A","N/A"
"178","Forest Glen Plot 2/ Pt. 5","08/02/18","N/A","N/A","N/A","N/A","N/A","N/A","N/A","N/A","N/A","N/A","N/A","N/A","N/A","N/A","N/A","N/A"
"179","Forest Glen Plot 2/ Pt. 6","08/01/18","Ampelosis glandulosa","Lindera benzoin","N/A","N/A","N/A","N/A","N/A","N/A","1","1","N/A","N/A","N/A","N/A","N/A","N/A"
"180","Forest Glen Plot 2/ Pt. 7","08/01/18","Ampelosis glandulosa","Microstegium vimineum","Smilax riparia","N/A","N/A","N/A","N/A","N/A","13","60","2","N/A","N/A","N/A","N/A","N/A"
"181","Forest Glen Plot 2/ Pt. 8","08/06/18","N/A","N/A","N/A","N/A","N/A","N/A","N/A","N/A","N/A","N/A","N/A","N/A","N/A","N/A","N/A","N/A"
"182","Forest Glen Plot 2/ Pt. 9","08/06/18","Pinellia ternata","N/A","N/A","N/A","N/A","N/A","N/A","N/A","5","N/A","N/A","N/A","N/A","N/A","N/A","N/A"
"183","Forest Glen Plot 2/ Pt. 10","08/01/18","Parthenocissus quinquefolia","Ampelosis glandulosa","Rosa multiflora","Euonymus alata","N/A","N/A","N/A","N/A","1","2","1","1","N/A","N/A","N/A","N/A"
"188","Forest Glen Plot 2/ Pt. 15","08/14/18","Fraxinus americana","Rosa multiflora","Viburnum acerifolium","Euonymus alata","N/A","N/A","N/A","N/A","5","5","3","2","N/A","N/A","N/A","N/A"
"190","Forest Glen Plot 2/ Pt. 17","08/01/18","Ampelopsis glandulosa","Lonicera japonica","Hedera helix","Alliaria petiolata","Lindera benzoin","N/A","N/A","N/A","5","10","1","2","2","N/A","N/A","N/A"
"191","Forest Glen Plot 2/ Pt. 18","08/14/18","Rosa multiflora","Parthenocissus quinquefolia","Viburnum acerifolium","Lonicera japonica","Celastrus orbiculatus","N/A","N/A","N/A","30","5","5","5","10","N/A","N/A","N/A"
"192","Forest Glen Plot 2/ Pt. 19","08/14/18","Microstegium vimineum","Rosa multiflora","Viburnum acerifolium","N/A","N/A","N/A","N/A","N/A","85","5","10","N/A","N/A","N/A","N/A","N/A"
"193","Forest Glen Plot 2/ Pt. 20","08/14/18","Lonicera japonica","Viburnum acerifolium","Lindera benzoin","Parthenocissus quinquefolia","N/A","N/A","N/A","N/A","10","2","5","1","N/A","N/A","N/A","N/A"
"200","Forest Glen Plot 2/ Pt. 27","08/14/18","Microstegium vimineum","Rosa multiflora","Viburnum acerifolium","Arthraxon hispidus","N/A","N/A","N/A","N/A","40","5","5","30","N/A","N/A","N/A","N/A"
"201","Forest Glen Plot 2/ Pt. 28","08/14/18","Microstegium vimineum","Lindera benzoin","Rosa multiflora","Viburnum acerifolium","Ampelopsis glandulosa","N/A","N/A","N/A","80","5","5","5","5","N/A","N/A","N/A"
"202","Forest Glen Plot 2/ Pt. 29","08/14/18","Viburnum acerifolium","N/A","N/A","N/A","N/A","N/A","N/A","N/A","1","N/A","N/A","N/A","N/A","N/A","N/A","N/A"
"204","Forest Glen Plot 3/ Pt. 1","08/02/18","Turf","Alliaria petiolata","N/A","N/A","N/A","N/A","N/A","N/A","5","5","N/A","N/A","N/A","N/A","N/A","N/A"
"205","Forest Glen Plot 3/ Pt. 2","08/02/18","Hedera helix","Ampelopsis grandulosa","Euonymus alata","N/A","N/A","N/A","N/A","N/A","1","1","2","N/A","N/A","N/A","N/A","N/A"
"206","Forest Glen Plot 3/ Pt. 3","08/02/18","Turf","Rosa multiflora","Plantago asiatica","Microstegium vimineum","Viola collina","N/A","N/A","N/A","60","5","10","5","10","N/A","N/A","N/A"
"209","Forest Glen Plot 3/ Pt. 6","08/02/18","Microstegium vimineum","Turf","N/A","N/A","N/A","N/A","N/A","N/A","35","50","N/A","N/A","N/A","N/A","N/A","N/A"
"210","Forest Glen Plot 3/ Pt. 7","08/07/18","Lindera benzoin","Viburnum acerifolium","Lonicera japonica","N/A","N/A","N/A","N/A","N/A","80","5","5","N/A","N/A","N/A","N/A","N/A"
"211","Forest Glen Plot 3/ Pt. 8","08/06/18","Ampelopsis glandulosa","Euonymus alata","Viola collina","Lindera benzoin","Hedera helix","Pinellia ternata","N/A","N/A","2","5","8","10","1","4","N/A","N/A"
"212","Forest Glen Plot 3/ Pt. 9","08/07/18","Lindera benzoin","Parthenocissus quinquefolia","Lonicera japonica","Viola collina","N/A","N/A","N/A","N/A","5","1","1","3","N/A","N/A","N/A","N/A"
"213","Forest Glen Plot 3/ Pt. 10","08/02/18","Viola collina","N/A","N/A","N/A","N/A","N/A","N/A","N/A","5","N/A","N/A","N/A","N/A","N/A","N/A","N/A"
"214","Forest Glen Plot 3/ Pt. 11","08/02/18","Lonicera japonica","Robinia pseudoacacia","Rosa Multiflora","N/A","N/A","N/A","N/A","N/A","50","2","40","8","N/A","N/A","N/A","N/A"
"216","Forest Glen Plot 3/ Pt. 13","08/02/18","Turf","Viola collina","Microstegium vimineum","N/A","N/A","N/A","N/A","N/A","10","20","5","N/A","N/A","N/A","N/A","N/A"
"217","Forest Glen Plot 3/ Pt. 14","08/02/18","Lonicera japonica","Viburnum acerifolium","Hedera helix","Pinellia ternata","N/A","N/A","N/A","N/A","5","8","1","1","N/A","N/A","N/A","N/A"
"218","Forest Glen Plot 3/ Pt. 15","08/06/18","Ampelopsis glandulosa","Rosa multiflora","Amphicarpaea bracteata","Parthenocissus quinquefolia","N/A","N/A","N/A","N/A","5","10","40","5","N/A","N/A","N/A","N/A"
"219","Forest Glen Plot 3/ Pt. 16","08/06/18","Lindera benzoin","Euonymus alata","Lonicera japonica","N/A","N/A","N/A","N/A","N/A","2","2","1","N/A","N/A","N/A","N/A","N/A"
"220","Forest Glen Plot 3/ Pt. 17","08/07/18","Viburnum acerifolium","Lonicera japonica","Fraxinus americana","Lindera benzoin","N/A","N/A","N/A","N/A","10","10","5","10","N/A","N/A","N/A","N/A"
"221","Forest Glen Plot 3/ Pt. 18","08/02/18","Viola collina","N/A","N/A","N/A","N/A","N/A","N/A","N/A","1","N/A","N/A","N/A","N/A","N/A","N/A","N/A"
"222","Forest Glen Plot 3/ Pt. 19","08/02/18","Viola collina","Microstegeum vimineum","N/A","N/A","N/A","N/A","N/A","N/A","5","5","N/A","N/A","N/A","N/A","N/A","N/A"
"223","Forest Glen Plot 3/ Pt. 20","08/07/18","Fraxinus americana","Viburnum acerifolium","Galium spurium","Lonicera japonica","N/A","N/A","N/A","N/A","2","5","5","10","N/A","N/A","N/A","N/A"
"224","Forest Glen Plot 3/ Pt. 21","08/06/18","Rosa multiflora","Pinellia ternata","Lonicera japonica","Turf","Fraxinus pennsylvanica","Parthenocissus quinquefolia","N/A","N/A","30","20","5","3","2","10","N/A","N/A"
"226","Forest Glen Plot 3/ Pt. 23","08/14/18","Moss","Viburnum acerifolium","N/A","N/A","N/A","N/A","N/A","N/A","5","1","N/A","N/A","N/A","N/A","N/A","N/A"
"227","Forest Glen Plot 3/ Pt. 24","08/06/18","Rosa multiflora","Ampelopsis glandulosa","Lonicera japonica","Arthraxon hispidus","Fraxinus americana","N/A","N/A","N/A","15","5","15","5","5","N/A","N/A","N/A"
"228","Forest Glen Plot 3/ Pt. 25","08/06/18","Rosa multiflora","Pinellia ternata","Lonicera japonica","Fraxinus americana","Ampelopsis glandulosa","N/A","N/A","N/A","5","25","1","1","3","N/A","N/A","N/A"
"229","Forest Glen Plot 3/ Pt. 26","08/07/18","Viburnum acerifolium","Lindera benzoin","Lonicera japonica","Rosa multiflora","Hedera helix","N/A","N/A","N/A","2","1","5","1","1","N/A","N/A","N/A"
"230","Forest Glen Plot 3/ Pt. 27","08/07/18","Lindera benzoin","Viburnum acerifolium","Parthenocissus quinquefolia","Rosa multiflora","N/A","N/A","N/A","N/A","10","15","1","1","N/A","N/A","N/A","N/A"
"231","Forest Glen Plot 3/ Pt. 28","08/06/18","Lonicera japonica","Pinellia ternata","Ampelopsis glandulosa","N/A","N/A","N/A","N/A","N/A","30","2","3","N/A","N/A","N/A","N/A","N/A"
"232","Forest Glen Plot 3/ Pt. 29","08/06/18","Lonicera japonica","Viburnum acerifolium","Parthenocissus quinquefolia","N/A","N/A","N/A","N/A","N/A","2","2","1","N/A","N/A","N/A","N/A","N/A"
"244","Forest Glen Plot 3/ Pt. 41","08/06/18","Ampelopsis glandulosa","Smilax rotundifolia","Rosa multiflora","Lindera benzoin","N/A","N/A","N/A","N/A","5","10","3","2","N/A","N/A","N/A","N/A"
"245","Forest Glen Plot 3/ Pt. 42","08/07/18","Lindera benzoin","Viburnum acerifolium","Lonicera japonica","Rosa multiflora","Galium spurium","Pinellia ternata","N/A","N/A","10","25","15","5","5","5","N/A","N/A"
"246","Village Square Pt. 1","08/15/18","Turf","Zelkova serrata","N/A","N/A","N/A","N/A","N/A","N/A","5","1","N/A","N/A","N/A","N/A","N/A","N/A"
"247","Village Square Pt. 2","08/15/18","Toxicodendron radicans","Hedera helix","Lonicera japonica","N/A","N/A","N/A","N/A","N/A","40","20","15","N/A","N/A","N/A","N/A","N/A"
"248","Village Square Pt. 3","08/15/18","Zelkova serrata","Hedera helix","Viburnum acerifolium","Robinia pseudoacacia ","Alliaria petiolata","N/A","N/A","N/A","25","3","2","1","1","N/A","N/A","N/A"
"249","Village Square Pt. 4","08/15/18","Rosa multiflora","Hedera helix","Celastrus orbiculatus ","Viburnum acerifolium","N/A","N/A","N/A","N/A","5","5","5","5","N/A","N/A","N/A","N/A"
"251","Village Square Pt. 6","08/15/18","N/A","N/A","N/A","N/A","N/A","N/A","N/A","N/A","N/A","N/A","N/A","N/A","N/A","N/A","N/A","N/A"
"252","Village Square Pt. 7","08/16/18","Rosa multiflora","Toxicodendron radicans","Celastrus orbiculatus","N/A","N/A","N/A","N/A","N/A","20","5","5","N/A","N/A","N/A","N/A","N/A"
"253","Village Square Pt. 8","08/16/18","Rosa multiflora","Bidens pilosa","Humula japonicus","Ampelopsis glandulosa","Turf","N/A","N/A","N/A","40","20","10","10","20","N/A","N/A","N/A"
"254","Village Square Pt. 9","08/15/18","Hedera helix","N/A","N/A","N/A","N/A","N/A","N/A","N/A","Y","N/A","N/A","N/A","N/A","N/A","N/A","N/A"
"255","Village Square Pt. 10","08/15/18","Lonicera japonica","Hedera helix","Carya cordiformis","Toxicodendron radicans","N/A","N/A","N/A","N/A","Y","Y","N","Y","N","N/A","N/A","N/A"
"256","Village Square Pt. 11","08/16/18","Ampelopsis glandulosa","Lonicera japonica","Gynostemma pentaphyllum","Hedera helix","Turf","Helianthus tuberosus","N/A","N/A","20","20","1","3","5","1","N/A","N/A"
"257","Village Square Pt. 12","08/16/18","Fallopia japonica","N/A","N/A","N/A","N/A","N/A","N/A","N/A","70","N/A","N/A","N/A","N/A","N/A","N/A","N/A"
"258","Village Square Pt. 13","08/16/18","Fallopia japonica","Ampelopsis glandulosa","N/A","N/A","N/A","N/A","N/A","N/A","25","50","N/A","N/A","N/A","N/A","N/A","N/A"
"259","Village Square Pt. 14","08/24/18","N/A","N/A","N/A","N/A","N/A","N/A","N/A","N/A","N/A","N/A","N/A","N/A","N/A","N/A","N/A","N/A"
"260","Village Square Pt. 15","08/24/18","Parthenocissus quinquefolia","Galium concinnum","Circaea alpina","Lonicera japonica","Glechoma hederacea","N/A","N/A","N/A","5","10","10","10","5","N/A","N/A","N/A"
"261","Village Square Pt. 16","08/24/18","Circaea alpina","N/A","N/A","N/A","N/A","N/A","N/A","N/A","30","N/A","N/A","N/A","N/A","N/A","N/A","N/A"
"262","Village Square Pt. 17","08/24/18","Rosa multiflora","Bidens pilosa","Geum canadense","N/A","N/A","N/A","N/A","N/A","30","1","4","N/A","N/A","N/A","N/A","N/A"
"263","Village Square Pt. 18","08/16/18","Fallopia japonica","N/A","N/A","N/A","N/A","N/A","N/A","N/A","75","N/A","N/A","N/A","N/A","N/A","N/A","N/A"
"264","Village Square Pt. 19","08/16/18","Fallopia japonica","N/A","N/A","N/A","N/A","N/A","N/A","N/A","80","N/A","N/A","N/A","N/A","N/A","N/A","N/A"
"265","Village Square Pt. 20","08/21/18","Ampelopsis glandulosa","Bidens pilosa","Turf","N/A","N/A","N/A","N/A","N/A","70","10","20","N/A","N/A","N/A","N/A","N/A"
"266","Village Square Pt. 21","08/22/18","Toxicodendron radicans","Viburnum acerifolium","Lycium chinense","N/A","N/A","N/A","N/A","N/A","5","2","3","N/A","N/A","N/A","N/A","N/A"
"267","Village Square Pt. 22","08/16/18","Ampelopsis glandulosa","Fallopia japonica ","N/A","N/A","N/A","N/A","N/A","N/A","5","55","N/A","N/A","N/A","N/A","N/A","N/A"
"268","Village Square Pt. 23","08/21/18","Lonicera japonica","Turf","Trifolium repens","N/A","N/A","N/A","N/A","N/A","3","65","2","N/A","N/A","N/A","N/A","N/A"
"269","Village Square Pt. 24","08/24/18","Fraxinus pennsylvanica","Celastrus orbiculatus","N/A","N/A","N/A","N/A","N/A","N/A","5","30","N/A","N/A","N/A","N/A","N/A","N/A"
"270","Village Square Pt. 25","08/24/18","N/A","N/A","N/A","N/A","N/A","N/A","N/A","N/A","N/A","N/A","N/A","N/A","N/A","N/A","N/A","N/A"
"271","Village Square Pt. 26","08/21/18","Ampelopsis glandulosa","Lonicera japonica","Helianthus tuberosus","Digitaria sanguinalis","Fraxinus pennsylvanica","N/A","N/A","N/A","30","20","10","4","1","N/A","N/A","N/A"
"272","Village Square Pt. 27","08/24/18","Lonicera japonica","Hedera helix","Alliaria petiolata","N/A","N/A","N/A","N/A","N/A","10","1","4","N/A","N/A","N/A","N/A","N/A"
"273","Village Square Pt. 28","08/21/18","N/A","N/A","N/A","N/A","N/A","N/A","N/A","N/A","N/A","N/A","N/A","N/A","N/A","N/A","N/A","N/A"
"274","Village Square Pt. 29","08/21/18","Toxicodendron radicans","Ampelopsis glandulosa","Helianthus tuberosus","N/A","N/A","N/A","N/A","N/A","15","5","5","N/A","N/A","N/A","N/A","N/A"
"275","Village Square Pt. 30","08/24/18","Toxicodendron radicans","Celastrus orbiculatus","Circaea alpina","Hedera helix","N/A","N/A","N/A","N/A","5","5","5","2","N/A","N/A","N/A","N/A"
"276","Village Square Pt. 31","08/24/18","N/A","N/A","N/A","N/A","N/A","N/A","N/A","N/A","N/A","N/A","N/A","N/A","N/A","N/A","N/A","N/A"
"277","Village Square Pt. 32","08/21/18","Rumex acetosa","Turf","Lonicera japonica","N/A","N/A","N/A","N/A","N/A","5","20","50","N/A","N/A","N/A","N/A","N/A"
"278","Village Square Pt. 33","08/24/18","Circaea cordata","Celastrus orbiculatus","Hedera helix","N/A","N/A","N/A","N/A","N/A","3","1","1","N/A","N/A","N/A","N/A","N/A"
"279","Village Square Pt. 34","08/24/18","Toxicodendron radicans","Parthenocissus quinquefolia","Lonicera japonica","Hedera helix","Fraxinus pennsylvanica","Viburnum acerifolium","N/A","N/A","5","1","10","1","1","2","N/A","N/A"
"280","Village Square Pt. 35","08/24/18","N/A","N/A","N/A","N/A","N/A","N/A","N/A","N/A","N/A","N/A","N/A","N/A","N/A","N/A","N/A","N/A"
"281","Village Square Pt. 36","08/21/18","Ampelopsis glandulosa","Rosa multiflora","Hedera helix","Lonicera japonica","Helianthus tuberosis","Fallopia japonica","Polygonum aviculare","Oxalis stricta","2","15","10","5","10","5","2","1"
"282","Village Square Pt. 37","08/24/18","Rosa multiflora","Viburnum acerifolium","Lonicera japonica","Pinellia ternata","Turf","N/A","N/A","N/A","3","2","1","4","10","N/A","N/A","N/A"
"283","Village Square Pt. 38","08/21/18","Rosa multiflora","Fraxinus pennsylvanica","Toxicodendron radicans","Parthenocissus quinquefolia","Lonicera japonica","Lycium chinense","Viburnum acerifolium","Hedera helix","5","5","10","5","10","20","5","5"
"284","Village Square Pt. 39","08/24/18","Fraxinus pennsylvanica","Lonicera japonica","Viburnum acerifolium","N/A","N/A","N/A","N/A","N/A","5","10","2","N/A","N/A","N/A","N/A","N/A"
"285","Village Square Pt. 40","08/21/18","Lonicera japonica","Rosa multiflora","Toxicodendron radicans","Helianthus tuberosus","N/A","N/A","N/A","N/A","4","80","1","5","N/A","N/A","N/A","N/A"
"286","Village Square Pt. 41","08/24/18","Lonicera japonica","Hedera helix","Oxalis stricta","N/A","N/A","N/A","N/A","N/A","30","5","5","N/A","N/A","N/A","N/A","N/A"
"287","Village Square Pt. 42","08/21/18","N/A","N/A","N/A","N/A","N/A","N/A","N/A","N/A","N/A","N/A","N/A","N/A","N/A","N/A","N/A","N/A"
"288","Village Square Pt. 43","08/21/18","Ampelopsis glandulosa","Polygonum longistem","Lophatherum gracile","Rosa multiflora","Hedera helix","Lonicera japonica","N/A","N/A","5","50","30","3","2","10","N/A","N/A"
"289","Village Square Pt. 44","08/21/18","Lonicera japonica","N/A","N/A","N/A","N/A","N/A","N/A","N/A","30","N/A","N/A","N/A","N/A","N/A","N/A","N/A"
"290","Village Square Pt. 45","08/21/18","N/A","N/A","N/A","N/A","N/A","N/A","N/A","N/A","N/A","N/A","N/A","N/A","N/A","N/A","N/A","N/A"
"291","Village Square Pt. 46","08/21/18","N/A","N/A","N/A","N/A","N/A","N/A","N/A","N/A","N/A","N/A","N/A","N/A","N/A","N/A","N/A","N/A"
"292","Village Square Pt. 47","08/21/18","N/A","N/A","N/A","N/A","N/A","N/A","N/A","N/A","N/A","N/A","N/A","N/A","N/A","N/A","N/A","N/A"
"293","Village Square Pt. 48","08/21/18","N/A","N/A","N/A","N/A","N/A","N/A","N/A","N/A","N/A","N/A","N/A","N/A","N/A","N/A","N/A","N/A"
"294","Village Square Pt. 49","08/21/18","N/A","N/A","N/A","N/A","N/A","N/A","N/A","N/A","N/A","N/A","N/A","N/A","N/A","N/A","N/A","N/A"
"295","Village Square Pt. 50","08/21/18","N/A","N/A","N/A","N/A","N/A","N/A","N/A","N/A","N/A","N/A","N/A","N/A","N/A","N/A","N/A","N/A"
"296","Village Square Pt. 51","08/21/18","N/A","N/A","N/A","N/A","N/A","N/A","N/A","N/A","N/A","N/A","N/A","N/A","N/A","N/A","N/A","N/A"
"297","Village Square Pt. 52","08/21/18","N/A","N/A","N/A","N/A","N/A","N/A","N/A","N/A","N/A","N/A","N/A","N/A","N/A","N/A","N/A","N/A"
"298","Village Square Pt. 53","08/21/18","N/A","N/A","N/A","N/A","N/A","N/A","N/A","N/A","N/A","N/A","N/A","N/A","N/A","N/A","N/A","N/A"
"299","Village Square Pt. 54","08/21/18","N/A","N/A","N/A","N/A","N/A","N/A","N/A","N/A","N/A","N/A","N/A","N/A","N/A","N/A","N/A","N/A"
"300","Village Square Pt. 55","08/21/18","N/A","N/A","N/A","N/A","N/A","N/A","N/A","N/A","N/A","N/A","N/A","N/A","N/A","N/A","N/A","N/A"
"301","Village Square Pt. 56","08/21/18","N/A","N/A","N/A","N/A","N/A","N/A","N/A","N/A","N/A","N/A","N/A","N/A","N/A","N/A","N/A","N/A"
"302","Village Square Pt. 57","08/21/18","N/A","N/A","N/A","N/A","N/A","N/A","N/A","N/A","N/A","N/A","N/A","N/A","N/A","N/A","N/A","N/A"
"303","Village Square Pt. 58","08/21/18","N/A","N/A","N/A","N/A","N/A","N/A","N/A","N/A","N/A","N/A","N/A","N/A","N/A","N/A","N/A","N/A"
"304","Village Square Pt. 59","08/21/18","N/A","N/A","N/A","N/A","N/A","N/A","N/A","N/A","N/A","N/A","N/A","N/A","N/A","N/A","N/A","N/A"
"305","Village Square Pt. 60","08/21/18","N/A","N/A","N/A","N/A","N/A","N/A","N/A","N/A","N/A","N/A","N/A","N/A","N/A","N/A","N/A","N/A"
"306","Village Square Pt. 61","08/21/18","N/A","N/A","N/A","N/A","N/A","N/A","N/A","N/A","N/A","N/A","N/A","N/A","N/A","N/A","N/A","N/A"
"307","Village Square Pt. 62","08/21/18","N/A","N/A","N/A","N/A","N/A","N/A","N/A","N/A","N/A","N/A","N/A","N/A","N/A","N/A","N/A","N/A"
"308","Todd Ave. Pt. 1 ","09/21/18","Hedera helix","Turf","Fraxinus pennsylvanica","N/A","N/A","N/A","N/A","N/A","","","","","","","",""
