ID,Point Code,Measure,PSI Value
,BARPRK 1,1,N/A
,BARPRK 1,2,N/A
,BARPRK 1,3,N/A
,BARPRK 1,4,N/A
,BARPRK 1,5,N/A
,BARPRK 12,1,N/A
,BARPRK 12,3,N/A
,BARPRK 12,4,N/A
,BARPRK 12,5,N/A
,BARPRK 12 ,2,N/A
,BARPRK 13,1,N/A
,BARPRK 13,2,N/A
,BARPRK 13,3,N/A
,BARPRK 13,4,N/A
,BARPRK 13,5,N/A
,BARPRK 14,1,N/A
,BARPRK 14,2,N/A
,BARPRK 14,3,N/A
,BARPRK 14,4,N/A
,BARPRK 14,5,N/A
,BARPRK 16,1,N/A
,BARPRK 16,2,N/A
,BARPRK 16,3,N/A
,BARPRK 16,4,N/A
,BARPRK 16,5,N/A
,BARPRK 17,1,N/A
,BARPRK 17,2,N/A
,BARPRK 17,3,N/A
,BARPRK 17,4,N/A
,BARPRK 17,5,N/A
,BARPRK 18,1,N/A
,BARPRK 18,2,N/A
,BARPRK 18,3,N/A
,BARPRK 18,4,N/A
,BARPRK 18,5,N/A
,BARPRK 2,1,N/A
,BARPRK 2,2,N/A
,BARPRK 2,3,N/A
,BARPRK 2,4,N/A
,BARPRK 2,5,N/A
,BARPRK 3,1,N/A
,BARPRK 3,2,N/A
,BARPRK 3,3,N/A
,BARPRK 3,4,N/A
,BARPRK 3,5,N/A
,BARPRK 4,1,N/A
,BARPRK 4,2,N/A
,BARPRK 4,3,N/A
,BARPRK 4,4,N/A
,BARPRK 4,5,N/A
,BARPRK 5,1,N/A
,BARPRK 5,2,N/A
,BARPRK 5,3,N/A
,BARPRK 5,4,N/A
,BARPRK 5,5,N/A
,BARPRK 6,1,N/A
,BARPRK 6,2,N/A
,BARPRK 6,3,N/A
,BARPRK 6,4,N/A
,BARPRK 6,5,N/A
,BARPRK 7,1,N/A
,BARPRK 7,2,N/A
,BARPRK 7,3,N/A
,BARPRK 7,4,N/A
,BARPRK 7,5,N/A
,BARPRK 8,1,N/A
,BARPRK 8,2,N/A
,BARPRK 8,3,N/A
,BARPRK 8,4,N/A
,BARPRK 8,5,N/A
,BARPRK 9,1,N/A
,BARPRK 9,2,N/A
,BARPRK 9,3,N/A
,BARPRK 9,4,N/A
,BARPRK 9,5,N/A
,CAROLL 1,1,25
,CAROLL 1,2,20
,CAROLL 1,3,20
,CAROLL 1,4,20
,CAROLL 1,5,25
,CAROLL 10,1,50
,CAROLL 10,2,50
,CAROLL 10,3,50
,CAROLL 10,4,50
,CAROLL 10,5,50
,CAROLL 11,1,50
,CAROLL 11,2,50
,CAROLL 11,3,50
,CAROLL 11,4,50
,CAROLL 11,5,50
,CAROLL 12,1,25
,CAROLL 12,2,25
,CAROLL 12,3,25
,CAROLL 12,4,25
,CAROLL 12,5,25
,CAROLL 13,1,25
,CAROLL 13,2,25
,CAROLL 13,3,25
,CAROLL 13,4,10
,CAROLL 13,5,15
,CAROLL 15,1,20
,CAROLL 15,2,75
,CAROLL 15,3,30
,CAROLL 15,4,75
,CAROLL 15,5,50
,CAROLL 16,1,100
,CAROLL 16,2,50
,CAROLL 16,3,30
,CAROLL 16,4,25
,CAROLL 16,5,25
,CAROLL 17,1,30
,CAROLL 17,2,30
,CAROLL 17,3,50
,CAROLL 17,4,25
,CAROLL 17,5,25
,CAROLL 18,1,50
,CAROLL 18,2,50
,CAROLL 18,3,30
,CAROLL 18,4,30
,CAROLL 18,5,25
,CAROLL 19,1,25
,CAROLL 19,2,25
,CAROLL 19,3,25
,CAROLL 19,4,25
,CAROLL 19,5,10
,CAROLL 22,1,25
,CAROLL 22,2,25
,CAROLL 22,3,50
,CAROLL 22,4,45
,CAROLL 22,5,30
,CAROLL 23,1,75
,CAROLL 23,2,75
,CAROLL 23,3,75
,CAROLL 23,4,75
,CAROLL 23,5,25
,CAROLL 24,1,20
,CAROLL 24,2,25
,CAROLL 24,3,30
,CAROLL 24,4,30
,CAROLL 24,5,25
,CAROLL 25,1,0
,CAROLL 25,2,0
,CAROLL 25,3,25
,CAROLL 25,4,25
,CAROLL 25,5,25
,CAROLL 29,1,45
,CAROLL 29,2,45
,CAROLL 29,3,45
,CAROLL 29,4,50
,CAROLL 29,5,50
,CAROLL 30,1,25
,CAROLL 30,2,30
,CAROLL 30,3,25
,CAROLL 30,4,25
,CAROLL 30,5,25
,CAROLL 36,1,35
,CAROLL 36,2,35
,CAROLL 36,3,25
,CAROLL 36,4,25
,CAROLL 36,5,35
,CAROLL 4,1,25
,CAROLL 4,2,25
,CAROLL 4,3,25
,CAROLL 4,4,25
,CAROLL 4,5,25
,CAROLL 42,1,45
,CAROLL 42,2,50
,CAROLL 42,3,45
,CAROLL 42,4,50
,CAROLL 42,5,45
,CAROLL 43,1,25
,CAROLL 43,2,25
,CAROLL 43,3,50
,CAROLL 43,4,
,CAROLL 43,5,35
,CAROLL 49,1,45
,CAROLL 49,2,45
,CAROLL 49,3,75
,CAROLL 49,4,50
,CAROLL 49,5,50
,CAROLL 5,1,25
,CAROLL 5,2,25
,CAROLL 5,3,50
,CAROLL 5,4,50
,CAROLL 5,5,47
,CAROLL 2,1,25
,CAROLL 2,2,25
,CAROLL 2,3,25
,CAROLL 2,4,25
,CAROLL 2,5,20
,CAROLL 20,1,ROCK
,CAROLL 20,2,25
,CAROLL 20,3,60
,CAROLL 20,4,75
,CAROLL 20,5,25
,CAROLL 6,1,25
,CAROLL 6,2,25
,CAROLL 6,3,50
,CAROLL 6,4,50
,CAROLL 6,5,50
,CLIFTON 1,1,25
,CLIFTON 1,2,25
,CLIFTON 1,3,25
,CLIFTON 1,4,25
,CLIFTON 1,5,25
,CLIFTON 10,1,0
,CLIFTON 10,2,0
,CLIFTON 10,3,0
,CLIFTON 10,4,0
,CLIFTON 10,5,25
,CLIFTON 11,1,25
,CLIFTON 11,2,25
,CLIFTON 11,3,25
,CLIFTON 11,4,25
,CLIFTON 11,5,30
,CLIFTON 18,1,25
,CLIFTON 18,2,25
,CLIFTON 18,3,25
,CLIFTON 18,4,25
,CLIFTON 18,5,25
,CLIFTON 19,1,50
,CLIFTON 19,2,50
,CLIFTON 19,3,30
,CLIFTON 19,4,30
,CLIFTON 19,5,25
,CLIFTON 20,1,50
,CLIFTON 20,2,50
,CLIFTON 20,3,45
,CLIFTON 20,4,25
,CLIFTON 20,5,45
,CLIFTON 3,1,31
,CLIFTON 3,2,25
,CLIFTON 3,3,25
,CLIFTON 3,4,25
,CLIFTON 3,5,25
,CLIFTON 4,1,25
,CLIFTON 4,2,25
,CLIFTON 4,3,25
,CLIFTON 4,4,25
,CLIFTON 4,5,25
,CLIFTON 12,1,25
,CLIFTON 12,2,25
,CLIFTON 12,3,25
,CLIFTON 12,4,25
,CLIFTON 12,5,25
,CLIFTON 14,1,25
,CLIFTON 14,2,25
,CLIFTON 14,3,25
,CLIFTON 14,4,30
,CLIFTON 14,5,40
,CLIFTON 17,1,25
,CLIFTON 17,2,25
,CLIFTON 17,3,25
,CLIFTON 17,4,25
,CLIFTON 17,5,30
,CLIFTON 22,1,25
,CLIFTON 22,2,25
,CLIFTON 22,3,25
,CLIFTON 22,4,30
,CLIFTON 22,5,30
,CLIFTON 23,1,25
,CLIFTON 23,2,25
,CLIFTON 23,3,25
,CLIFTON 23,4,25
,CLIFTON 23,5,30
,CLIFTON 6,1,25
,CLIFTON 6,2,25
,CLIFTON 6,3,25
,CLIFTON 6,4,30
,CLIFTON 6,5,30
,CLIFTON 9,1,25
,CLIFTON 9,2,25
,CLIFTON 9,3,25
,CLIFTON 9,4,30
,CLIFTON 9,5,30
,FENDAL 18,1,30
,FENDAL 18,2,30
,FENDAL 18,3,30
,FENDAL 18,4,30
,FENDAL 18,5,30
,FENDAL 10,1,30
,FENDAL 10,2,30
,FENDAL 10,3,30
,FENDAL 10,4,30
,FENDAL 10,5,30
,FENDAL 102,1,50
,FENDAL 102,2,50
,FENDAL 102,3,50
,FENDAL 102,4,60
,FENDAL 102,5,65
,FENDAL 103,1,50
,FENDAL 103,2,50
,FENDAL 103,3,50
,FENDAL 103,4,50
,FENDAL 103,5,50
,FENDAL 104,1,60
,FENDAL 104,2,60
,FENDAL 104,3,60
,FENDAL 104,4,60
,FENDAL 104,5,60
,FENDAL 105,1,50
,FENDAL 105,2,50
,FENDAL 105,3,50
,FENDAL 105,4,50
,FENDAL 105,5,50
,FENDAL 109,1,40
,FENDAL 109,2,40
,FENDAL 109,3,40
,FENDAL 109,4,45
,FENDAL 109,5,50
,FENDAL 110,1,50
,FENDAL 110,2,50
,FENDAL 110,3,50
,FENDAL 110,4,50
,FENDAL 110,5,50
,FENDAL 111,1,40
,FENDAL 111,2,40
,FENDAL 111,3,40
,FENDAL 111,4,40
,FENDAL 111,5,40
,FENDAL 112,1,40
,FENDAL 112,2,40
,FENDAL 112,3,40
,FENDAL 112,4,40
,FENDAL 112,5,40
,FENDAL 116,1,75
,FENDAL 116,2,75
,FENDAL 116,3,75
,FENDAL 116,4,90
,FENDAL 116,5,100
,FENDAL 14,1,25
,FENDAL 14,2,25
,FENDAL 14,3,25
,FENDAL 14,4,25
,FENDAL 14,5,25
,FENDAL 16,1,25
,FENDAL 16,2,30
,FENDAL 16,3,25
,FENDAL 16,4,25
,FENDAL 16,5,25
,FENDAL 21,1,25
,FENDAL 21,2,25
,FENDAL 21,3,30
,FENDAL 21,4,30
,FENDAL 21,5,40
,FENDAL 33,1,25
,FENDAL 33,2,25
,FENDAL 33,3,30
,FENDAL 33,4,30
,FENDAL 33,5,30
,FENDAL 38,1,30
,FENDAL 38,2,40
,FENDAL 38,3,40
,FENDAL 38,4,25
,FENDAL 38,5,25
,FENDAL 39,1,25
,FENDAL 39,2,25
,FENDAL 39,3,25
,FENDAL 39,4,25
,FENDAL 39,5,25
,FENDAL 40,1,30
,FENDAL 40,2,30
,FENDAL 40,3,40
,FENDAL 40,4,40
,FENDAL 40,5,40
,FENDAL 45,1,30
,FENDAL 45,2,40
,FENDAL 45,3,40
,FENDAL 45,4,45
,FENDAL 45,5,50
,FENDAL 46,1,30
,FENDAL 46,2,30
,FENDAL 46,3,30
,FENDAL 46,4,40
,FENDAL 46,5,40
,FENDAL 47,1,30
,FENDAL 47,2,30
,FENDAL 47,3,30
,FENDAL 47,4,30
,FENDAL 47,5,40
,FENDAL 48,1,30
,FENDAL 48,2,40
,FENDAL 48,3,40
,FENDAL 48,4,40
,FENDAL 48,5,40
,FENDAL 49,1,30
,FENDAL 49,2,40
,FENDAL 49,3,30
,FENDAL 49,4,40
,FENDAL 49,5,40
,FENDAL 5,1,40
,FENDAL 5,2,40
,FENDAL 5,3,40
,FENDAL 5,4,40
,FENDAL 5,5,50
,FENDAL 55,1,30
,FENDAL 55,2,30
,FENDAL 55,3,30
,FENDAL 55,4,30
,FENDAL 55,5,30
,FENDAL 56,1,30
,FENDAL 56,2,30
,FENDAL 56,3,50
,FENDAL 56,4,25
,FENDAL 56,5,25
,FENDAL 59,1,50
,FENDAL 59,2,50
,FENDAL 59,3,50
,FENDAL 59,4,40
,FENDAL 59,5,40
,FENDAL 60,1,60
,FENDAL 60,2,60
,FENDAL 60,3,60
,FENDAL 60,4,60
,FENDAL 60,5,60
,FENDAL 62,1,75
,FENDAL 62,2,75
,FENDAL 62,3,60
,FENDAL 62,4,60
,FENDAL 62,5,60
,FENDAL 63,1,55
,FENDAL 63,2,55
,FENDAL 63,3,60
,FENDAL 63,4,60
,FENDAL 63,5,60
,FENDAL 67,1,50
,FENDAL 67,2,50
,FENDAL 67,3,45
,FENDAL 67,4,45
,FENDAL 67,5,45
,FENDAL 68,1,50
,FENDAL 68,2,50
,FENDAL 68,3,50
,FENDAL 68,4,50
,FENDAL 68,5,60
,FENDAL 69,1,50
,FENDAL 69,2,50
,FENDAL 69,3,20
,FENDAL 69,4,20
,FENDAL 69,5,20
,FENDAL 7,1,50
,FENDAL 7,2,50
,FENDAL 7,3,30
,FENDAL 7,4,40
,FENDAL 7,5,40
,FENDAL 70,1,50
,FENDAL 70,2,50
,FENDAL 70,3,50
,FENDAL 70,4,45
,FENDAL 70,5,45
,FENDAL 74,1,50
,FENDAL 74,2,50
,FENDAL 74,3,50
,FENDAL 74,4,50
,FENDAL 74,5,50
,FENDAL 75,1,45
,FENDAL 75,2,45
,FENDAL 75,3,45
,FENDAL 75,4,45
,FENDAL 75,5,45
,FENDAL 76,1,45
,FENDAL 76,2,45
,FENDAL 76,3,45
,FENDAL 76,4,50
,FENDAL 76,5,30
,FENDAL 78,1,40
,FENDAL 78,2,50
,FENDAL 78,3,50
,FENDAL 78,4,50
,FENDAL 78,5,50
,FENDAL 8,1,30
,FENDAL 8,2,30
,FENDAL 8,3,40
,FENDAL 8,4,30
,FENDAL 8,5,50
,FENDAL 81,1,40
,FENDAL 81,2,50
,FENDAL 81,3,50
,FENDAL 81,4,50
,FENDAL 81,5,50
,FENDAL 82,1,50
,FENDAL 82,2,50
,FENDAL 82,3,50
,FENDAL 82,4,50
,FENDAL 82,5,50
,FENDAL 83,1,50
,FENDAL 83,2,50
,FENDAL 83,3,60
,FENDAL 83,4,60
,FENDAL 83,5,70
,FENDAL 84,1,60
,FENDAL 84,2,60
,FENDAL 84,3,50
,FENDAL 84,4,55
,FENDAL 84,5,50
,FENDAL 89,1,50
,FENDAL 89,2,50
,FENDAL 89,3,30
,FENDAL 89,4,30
,FENDAL 89,5,30
,FENDAL 9,1,25
,FENDAL 9,2,25
,FENDAL 9,3,30
,FENDAL 9,4,30
,FENDAL 9,5,40
,FENDAL 90,1,55
,FENDAL 90,2,45
,FENDAL 90,3,50
,FENDAL 90,4,50
,FENDAL 90,5,50
,FENDAL 91,1,
,FENDAL 91,2,
,FENDAL 91,3,
,FENDAL 91,4,
,FENDAL 91,5,
,FENDAL 96,1,60
,FENDAL 96,2,65
,FENDAL 96,3,80
,FENDAL 96,4,80
,FENDAL 96,5,70
,FENDAL 97,1,50
,FENDAL 97,2,50
,FENDAL 97,3,45
,FENDAL 97,4,45
,FENDAL 97,5,45
,FENDAL 98,1,50
,FENDAL 98,2,50
,FENDAL 98,3,55
,FENDAL 98,4,55
,FENDAL 98,5,60
,FENDAL 99,1,50
,FENDAL 99,2,50
,FENDAL 99,3,50
,FENDAL 99,4,50
,FENDAL 99,5,50
,FENDAL 106,1,50
,FENDAL 106,2,50
,FENDAL 106,3,50
,FENDAL 106,4,50
,FENDAL 106,5,55
,FENDAL 17,1,25
,FENDAL 17,2,20
,FENDAL 17,3,40
,FENDAL 17,4,25
,FENDAL 17,5,25
,FENDAL 2,1,30
,FENDAL 2,2,30
,FENDAL 2,3,30
,FENDAL 2,4,40
,FENDAL 2,5,40
,FENDAL 20,1,25
,FENDAL 20,2,25
,FENDAL 20,3,25
,FENDAL 20,4,30
,FENDAL 20,5,30
,FENDAL 27,1,25
,FENDAL 27,2,25
,FENDAL 27,3,25
,FENDAL 27,4,30
,FENDAL 27,5,30
,FENDAL 28,1,25
,FENDAL 28,2,30
,FENDAL 28,3,30
,FENDAL 28,4,40
,FENDAL 28,5,40
,FENDAL 41,1,30
,FENDAL 41,2,30
,FENDAL 41,3,30
,FENDAL 41,4,30
,FENDAL 41,5,30
,FENDAL 42,1,40
,FENDAL 42,2,40
,FENDAL 42,3,40
,FENDAL 42,4,40
,FENDAL 42,5,40
,FENDAL 53,1,40
,FENDAL 53,2,40
,FENDAL 53,3,40
,FENDAL 53,4,40
,FENDAL 53,5,40
,FENDAL 54,1,30
,FENDAL 54,2,40
,FENDAL 54,3,25
,FENDAL 54,4,25
,FENDAL 54,5,30
,FENDAL 56,1,30
,FENDAL 56,2,30
,FENDAL 56,3,50
,FENDAL 56,4,25
,FENDAL 56,5,25
,FENDAL 6,1,30
,FENDAL 6,2,30
,FENDAL 6,3,30
,FENDAL 6,4,30
,FENDAL 6,5,30
,FENDAL 61,1,50
,FENDAL 61,2,50
,FENDAL 61,3,50
,FENDAL 61,4,50
,FENDAL 61,5,45
,FENDAL 77,1,50
,FENDAL 77,2,50
,FENDAL 77,3,50
,FENDAL 77,4,50
,FENDAL 77,5,60
,FENDAL 85,1,30
,FENDAL 85,2,40
,FENDAL 85,3,40
,FENDAL 85,4,50
,FENDAL 85,5,50
,FENDAL 88,1,50
,FENDAL 88,2,50
,FENDAL 88,3,50
,FENDAL 88,4,50
,FENDAL 88,5,70
,FENDAL 95,1,60
,FENDAL 95,2,50
,FENDAL 95,3,50
,FENDAL 95,4,50
,FENDAL 95,5,65
,HERUN2 1,1,25
,HERUN2 1,2,25
,HERUN2 1,3,25
,HERUN2 1,4,25
,HERUN2 1,5,30
,HERUN2 10,1,25
,HERUN2 10,2,25
,HERUN2 10,3,20
,HERUN2 10,4,10
,HERUN2 10,5,10
,HERUN2 11,1,25
,HERUN2 11,2,20
,HERUN2 11,3,20
,HERUN2 11,4,20
,HERUN2 11,5,25
,HERUN2 16,1,25
,HERUN2 16,2,25
,HERUN2 16,3,20
,HERUN2 16,4,20
,HERUN2 16,5,20
,HERUN2 17,1,N/A
,HERUN2 17,2,N/A
,HERUN2 17,3,N/A
,HERUN2 17,4,N/A
,HERUN2 17,5,N/A
,HERUN2 19,1,25
,HERUN2 19,2,25
,HERUN2 19,3,25
,HERUN2 19,4,25
,HERUN2 19,5,25
,HERUN2 2,1,50
,HERUN2 2,2,50
,HERUN2 2,3,50
,HERUN2 2,4,50
,HERUN2 2,5,50
,HERUN2 20,1,25
,HERUN2 20,2,25
,HERUN2 20,3,25
,HERUN2 20,4,20
,HERUN2 20,5,30
,HERUN2 21,1,25
,HERUN2 22,3,25
,HERUN2 23,5,30
,HERUN2 24,1,25
,HERUN2 24,2,25
,HERUN2 24,3,25
,HERUN2 24,4,25
,HERUN2 24,5,20
,HERUN2 25,1,25
,HERUN2 25,2,25
,HERUN2 25,3,25
,HERUN2 25,4,20
,HERUN2 25,5,20
,HERUN2 26,1,25
,HERUN2 26,2,25
,HERUN2 26,3,25
,HERUN2 26,4,25
,HERUN2 26,5,20
,HERUN2 28,1,N/A
,HERUN2 28,2,N/A
,HERUN2 28,3,N/A
,HERUN2 28,4,N/A
,HERUN2 28,5,N/A
,HERUN2 29,1,N/A
,HERUN2 29,2,N/A
,HERUN2 29,3,N/A
,HERUN2 29,4,N/A
,HERUN2 29,5,N/A
,HERUN2 3,1,50
,HERUN2 3,2,50
,HERUN2 3,3,30
,HERUN2 3,4,50
,HERUN2 3,5,50
,HERUN2 30,1,N/A
,HERUN2 30,2,N/A
,HERUN2 30,3,N/A
,HERUN2 30,4,N/A
,HERUN2 30,5,N/A
,HERUN2 32,1,N/A
,HERUN2 32,2,N/A
,HERUN2 32,3,N/A
,HERUN2 32,4,N/A
,HERUN2 32,5,N/A
,HERUN2 33,1,N/A
,HERUN2 33,2,N/A
,HERUN2 33,3,N/A
,HERUN2 33,4,N/A
,HERUN2 33,5,N/A
,HERUN2 34,1,N/A
,HERUN2 34,2,N/A
,HERUN2 34,3,N/A
,HERUN2 34,4,N/A
,HERUN2 34,5,N/A
,HERUN2 35,1,N/A
,HERUN2 35,2,N/A
,HERUN2 35,3,N/A
,HERUN2 35,4,N/A
,HERUN2 35,5,N/A
,HERUN2 36,1,N/A
,HERUN2 36,2,N/A
,HERUN2 36,3,N/A
,HERUN2 36,4,N/A
,HERUN2 36,5,N/A
,HERUN2 37,1,N/A
,HERUN2 37,2,N/A
,HERUN2 37,3,N/A
,HERUN2 37,4,N/A
,HERUN2 37,5,N/A
,HERUN2 38,1,N/A
,HERUN2 38,2,N/A
,HERUN2 38,3,N/A
,HERUN2 38,4,N/A
,HERUN2 38,5,N/A
,HERUN2 39,1,N/A
,HERUN2 39,2,N/A
,HERUN2 39,3,N/A
,HERUN2 39,4,N/A
,HERUN2 39,5,N/A
,HERUN2 40,1,N/A
,HERUN2 40,2,N/A
,HERUN2 40,3,N/A
,HERUN2 40,4,N/A
,HERUN2 40,5,N/A
,HERUN2 42,1,N/A
,HERUN2 42,2,N/A
,HERUN2 42,3,N/A
,HERUN2 42,4,N/A
,HERUN2 42,5,N/A
,HERUN2 44,1,N/A
,HERUN2 44,2,N/A
,HERUN2 44,3,N/A
,HERUN2 44,4,N/A
,HERUN2 44,5,N/A
,HERUN2 5,1,30
,HERUN2 5,2,40
,HERUN2 5,3,30
,HERUN2 5,4,50
,HERUN2 5,5,25
,HERUN2 52,1,50
,HERUN2 52,2,30
,HERUN2 52,3,50
,HERUN2 52,4,30
,HERUN2 52,5,40
,HERUN2 53,1,25
,HERUN2 53,2,25
,HERUN2 53,3,25
,HERUN2 53,4,25
,HERUN2 53,5,25
,HERUN2 54,1,25
,HERUN2 54,2,25
,HERUN2 54,3,25
,HERUN2 54,4,25
,HERUN2 54,5,
,HERUN2 55,1,25
,HERUN2 55,2,25
,HERUN2 55,3,30
,HERUN2 55,4,30
,HERUN2 55,5,30
,HERUN2 57,1,25
,HERUN2 57,2,25
,HERUN2 57,3,25
,HERUN2 57,4,25
,HERUN2 57,5,25
,HERUN2 58,1,40
,HERUN2 58,2,40
,HERUN2 58,3,40
,HERUN2 58,4,40
,HERUN2 58,5,25
,HERUN2 59,1,25
,HERUN2 59,2,25
,HERUN2 59,3,25
,HERUN2 59,4,25
,HERUN2 59,5,25
,HERUN2 6,1,50
,HERUN2 6,2,40
,HERUN2 6,3,40
,HERUN2 6,4,30
,HERUN2 6,5,30
,HERUN2 60 ,1,20
,HERUN2 60 ,2,20
,HERUN2 60 ,3,20
,HERUN2 60 ,4,20
,HERUN2 60 ,5,30
,HERUN2 65,1,25
,HERUN2 65,2,25
,HERUN2 65,3,25
,HERUN2 65,4,30
,HERUN2 65,5,50
,HERUN2 66,1,20
,HERUN2 66,2,20
,HERUN2 66,3,20
,HERUN2 66,4,20
,HERUN2 66,5,20
,HERUN2 67,1,40
,HERUN2 67,2,30
,HERUN2 67,3,25
,HERUN2 67,4,25
,HERUN2 67,5,25
,HERUN2 68,1,N/A
,HERUN2 68,2,N/A
,HERUN2 68,3,N/A
,HERUN2 68,4,N/A
,HERUN2 68,5,N/A
,HERUN2 69,1,N/A
,HERUN2 69,2,N/A
,HERUN2 69,3,N/A
,HERUN2 69,4,N/A
,HERUN2 69,5,N/A
,HERUN2 7,1,0
,HERUN2 7,2,10
,HERUN2 7,3,10
,HERUN2 7,4,25
,HERUN2 7,5,20
,HERUN2 8,1,30
,HERUN2 8,2,30
,HERUN2 8,3,25
,HERUN2 8,4,10
,HERUN2 8,5,20
,HERUN2 9,1,25
,HERUN2 9,2,25
,HERUN2 9,3,25
,HERUN2 9,4,30
,HERUN2 9,5,50
,HOLBRD1 1 ,1,50
,HOLBRD1 1 ,2,50
,HOLBRD1 1 ,3,50
,HOLBRD1 1 ,4,30
,HOLBRD1 1 ,5,30
,HOLBRD1 10,1,76
,HOLBRD1 10,2,45
,HOLBRD1 10,3,50
,HOLBRD1 10,4,25
,HOLBRD1 10,5,50
,HOLBRD1 11,1,75
,HOLBRD1 11,2,75
,HOLBRD1 11,3,75
,HOLBRD1 11,4,75
,HOLBRD1 11,5,75
,HOLBRD1 2,1,50
,HOLBRD1 2,2,75
,HOLBRD1 2,3,50
,HOLBRD1 2,4,75
,HOLBRD1 2,5,75
,HOLBRD1 3,1,50
,HOLBRD1 3,2,75
,HOLBRD1 3,3,75
,HOLBRD1 3,4,50
,HOLBRD1 3,5,50
,HOLBRD1 4,1,40
,HOLBRD1 4,2,45
,HOLBRD1 4,3,25
,HOLBRD1 4,4,50
,HOLBRD1 4,5,100
,HOLBRD1 7,1,100
,HOLBRD1 7,2,50
,HOLBRD1 7,3,75
,HOLBRD1 7,4,100
,HOLBRD1 7,5,50
,HOLBRD2 12,N/A,N/A
,HOLBRD2 13,1,50
,HOLBRD2 13,2,rock
,HOLBRD2 13,3,rock
,HOLBRD2 13,4,100
,HOLBRD2 13,5,100
,HOLBRD2 17,3,25
,HOLBRD2 17,4,25
,HOLBRD2 17,5,100
,HOLBRD2 17,4,50
,HOLBRD2 17,5,25
,HURUN2 21,2,25
,HURUN2 22,4,30
,MORPAR 13,1,25
,MORPAR 13,2,25
,MORPAR 13,3,25
,MORPAR 13,4,40
,MORPAR 13,5,25
,MORPAR 14,1,40
,MORPAR 14,2,40
,MORPAR 14,3,40
,MORPAR 14,4,30
,MORPAR 14,5,25
,MORPAR 16,1,25
,MORPAR 16,2,30
,MORPAR 16,3,25
,MORPAR 16,4,20
,MORPAR 16 ,5,30
,MORPAR 23,1,25
,MORPAR 23,2,25
,MORPAR 23,3,30
,MORPAR 23,4,30
,MORPAR 23,5,30
,MORPAR 24,1,25
,MORPAR 24,2,25
,MORPAR 24,3,25
,MORPAR 24,4,25
,MORPAR 24,5,30
,MORPAR 27,1,40
,MORPAR 27,2,30
,MORPAR 27,3,30
,MORPAR 27,4,25
,MORPAR 27,5,25
,MORPAR 28,1,30
,MORPAR 28,2,30
,MORPAR 28,3,25
,MORPAR 28,4,25
,MORPAR 28,5,25
,MORPAR 29,1,25
,MORPAR 29,2,25
,MORPAR 29,3,25
,MORPAR 29,4,25
,MORPAR 29,5,25
,MORPAR 30,1,20
,MORPAR 30,2,20
,MORPAR 30,3,20
,MORPAR 30,4,20
,MORPAR 30,5,30
,MORPAR 31,1,25
,MORPAR 31,2,25
,MORPAR 31,3,25
,MORPAR 31,4,40
,MORPAR 31,5,20
,MORPAR 32,1,20
,MORPAR 32,2,25
,MORPAR 32,3,25
,MORPAR 32,4,20
,MORPAR 32,5,20
,MORPAR 35,1,25
,MORPAR 35,2,25
,MORPAR 35,3,30
,MORPAR 35,4,30
,MORPAR 35,5,30
,MORPAR 36,1,10
,MORPAR 36,2,10
,MORPAR 36,3,10
,MORPAR 36,4,20
,MORPAR 36,5,25
,MORPAR 37,1,25
,MORPAR 37,2,25
,MORPAR 37,3,25
,MORPAR 37,4,20
,MORPAR 37,5,20
,MORPAR 38,1,20
,MORPAR 38,2,20
,MORPAR 38,3,20
,MORPAR 38,4,25
,MORPAR 38,5,40
,MORPAR 49,1,25
,MORPAR 49,2,25
,MORPAR 49,3,25
,MORPAR 49,4,20
,MORPAR 49,5,40
,MORPAR 50,1,40
,MORPAR 50,2,40
,MORPAR 50,3,40
,MORPAR 50,4,20
,MORPAR 50,5,25
,MORPAR 52,1,25
,MORPAR 52,2,25
,MORPAR 52,3,25
,MORPAR 52,4,30
,MORPAR 52,5,40
,MORPAR 67,1,25
,MORPAR 67,2,25
,MORPAR 67,3,25
,MORPAR 67,4,30
,MORPAR 67,5,40
,MORPAR 68,1,25
,MORPAR 68,2,25
,MORPAR 68,3,25
,MORPAR 68,4,25
,MORPAR 68,5,30
,MORPAR 69,1,30
,MORPAR 69,2,25
,MORPAR 69,3,30
,MORPAR 69,4,30
,MORPAR 69,5,25
,PATTER 1,1,25
,PATTER 1,2,50
,PATTER 1,3,40
,PATTER 1,4,50
,PATTER 1,5,50
,PATTER 2,1,75
,PATTER 2,2,50
,PATTER 2,3,40
,PATTER 2,4,40
,PATTER 2,5,50
,PATTER 3,1,50
,PATTER 3,2,50
,PATTER 3,3,50
,PATTER 3,4,50
,PATTER 3,5,50
,PATTER 4,1,50
,PATTER 4,2,50
,PATTER 4,3,50
,PATTER 4,4,25
,PATTER 4,5,50
,PATTER 5,1,50
,PATTER 5,2,50
,PATTER 5,3,50
,PATTER 5,4,50
,PATTER 5,5,50
,SHORTL 12,1,100
,SHORTL 12,2,100
,SHORTL 12,3,120
,SHORTL 12,4,75
,SHORTL 12,5,75
,SHORTL 13,1,75
,SHORTL 13,2,75
,SHORTL 13,3,50
,SHORTL 13,4,100
,SHORTL 13,5,125
,SHORTL 14,1,80
,SHORTL 14,2,90
,SHORTL 14,3,50
,SHORTL 14,4,30
,SHORTL 14,5,75
,SHORTL 17,1,5
,SHORTL 17,2,5
,SHORTL 17,3,5
,SHORTL 17,4,5
,SHORTL 17,5,5
,SHORTL 18,1,10
,SHORTL 18,2,10
,SHORTL 18,3,0
,SHORTL 18,4,10
,SHORTL 18,5,10
,SHORTL 19,1,50
,SHORTL 19,2,80
,SHORTL 19,3,80
,SHORTL 19,4,25
,SHORTL 19,5,30
,SHORTL 2,1,75
,SHORTL 2,2,90
,SHORTL 2,3,30
,SHORTL 2,4,50
,SHORTL 2,5,75
,SHORTL 23,1,75
,SHORTL 23,2,75
,SHORTL 23,3,50
,SHORTL 23,4,50
,SHORTL 23,5,15
,SHORTL 24,1,20
,SHORTL 24,2,20
,SHORTL 24,3,20
,SHORTL 24,4,20
,SHORTL 24,5,15
,SHORTL 25,1,10
,SHORTL 25,2,20
,SHORTL 25,3,5
,SHORTL 25,4,5
,SHORTL 25,5,15
,SHORTL 26,1,15
,SHORTL 26,2,30
,SHORTL 26,3,40
,SHORTL 26,4,15
,SHORTL 26,5,20
,SHORTL 27,1,25
,SHORTL 27,2,30
,SHORTL 27,3,40
,SHORTL 27,4,40
,SHORTL 27,5,15
,SHORTL 28,1,25
,SHORTL 28,2,30
,SHORTL 28,3,30
,SHORTL 28,4,30
,SHORTL 28,5,30
,SHORTL 33,1,0
,SHORTL 33,2,0
,SHORTL 33,3,0
,SHORTL 33,4,0
,SHORTL 33,5,0
,SHORTL 6,1,100
,SHORTL 6,2,75
,SHORTL 6,3,125
,SHORTL 6,4,65
,SHORTL 6,5,75
,SHORTL 7,1,80
,SHORTL 7,2,115
,SHORTL 7,3,110
,SHORTL 7,4,100
,SHORTL 7,5,150
,SWAPRK 10,1,N/A
,SWAPRK 10,2,N/A
,SWAPRK 10,3,N/A
,SWAPRK 10,4,N/A
,SWAPRK 10,5,N/A
,SWAPRK 12,1,N/A
,SWAPRK 12,2,N/A
,SWAPRK 12,3,N/A
,SWAPRK 12,4,N/A
,SWAPRK 12,5,N/A
,SWAPRK 13,1,N/A
,SWAPRK 13,2,N/A
,SWAPRK 13,3,N/A
,SWAPRK 13,4,N/A
,SWAPRK 13,5,N/A
,SWAPRK 14,1,N/A
,SWAPRK 14,2,N/A
,SWAPRK 14,3,N/A
,SWAPRK 14,4,N/A
,SWAPRK 14,5,N/A
,SWAPRK 15,1,N/A
,SWAPRK 15,2,N/A
,SWAPRK 15,3,N/A
,SWAPRK 15,4,N/A
,SWAPRK 15,5,N/A
,SWAPRK 16,1,N/A
,SWAPRK 16,2,N/A
,SWAPRK 16,3,N/A
,SWAPRK 16,4,N/A
,SWAPRK 16,5,N/A
,SWAPRK 17,1,N/A
,SWAPRK 17,2,N/A
,SWAPRK 17,3,N/A
,SWAPRK 17,4,N/A
,SWAPRK 17,5,N/A
,SWAPRK 18,1,N/A
,SWAPRK 18,2,N/A
,SWAPRK 18,3,N/A
,SWAPRK 18,4,N/A
,SWAPRK 18,5,N/A
,SWAPRK 21,1,N/A
,SWAPRK 21,2,N/A
,SWAPRK 21,3,N/A
,SWAPRK 21,4,N/A
,SWAPRK 21,5,N/A
,SWAPRK 22,1,N/A
,SWAPRK 22,2,N/A
,SWAPRK 22,3,N/A
,SWAPRK 22,4,N/A
,SWAPRK 22,5,N/A
,SWAPRK 23,1,N/A
,SWAPRK 23,2,N/A
,SWAPRK 23,3,N/A
,SWAPRK 23,4,N/A
,SWAPRK 23,5,N/A
,SWAPRK 24,1,N/A
,SWAPRK 24,2,N/A
,SWAPRK 24,3,N/A
,SWAPRK 24,4,N/A
,SWAPRK 24,5,N/A
,SWAPRK 25,1,N/A
,SWAPRK 25,2,N/A
,SWAPRK 25,3,N/A
,SWAPRK 25,4,N/A
,SWAPRK 25,5,N/A
,SWAPRK 26,1,N/A
,SWAPRK 26,2,N/A
,SWAPRK 26,3,N/A
,SWAPRK 26,4,N/A
,SWAPRK 26,5,N/A
,SWAPRK 30,1,N/A
,SWAPRK 31,2,N/A
,SWAPRK 32,3,N/A
,SWAPRK 33,1,N/A
,SWAPRK 33,2,N/A
,SWAPRK 33,3,N/A
,SWAPRK 33,4,N/A
,SWAPRK 33,5,N/A
,SWAPRK 34,1,N/A
,SWAPRK 34,2,N/A
,SWAPRK 34,3,N/A
,SWAPRK 34,4,N/A
,SWAPRK 34,5,N/A
,SWAPRK 41,1,N/A
,SWAPRK 41,2,N/A
,SWAPRK 41,3,N/A
,SWAPRK 41,4,N/A
,SWAPRK 41,5,N/A
,SWAPRK 42,1,N/A
,SWAPRK 42,2,N/A
,SWAPRK 42,3,N/A
,SWAPRK 42,4,N/A
,SWAPRK 42,5,N/A
,SWAPRK 50,1,N/A
,SWAPRK 50,2,N/A
,SWAPRK 50,3,N/A
,SWAPRK 50,4,N/A
,SWAPRK 50,5,N/A
,SWAPRK 51,1,N/A
,SWAPRK 51,2,N/A
,SWAPRK 51,3,N/A
,SWAPRK 51,4,N/A
,SWAPRK 51,5,N/A
,SWAPRK 58,1,N/A
,SWAPRK 60,4,N/A
,SWAPRK 67,5,N/A
,SWAPRK 7,1,N/A
,SWAPRK 7,2,N/A
,SWAPRK 7,3,N/A
,SWAPRK 7,4,N/A
,SWAPRK 7,5,N/A
,SWAPRK 75,2,N/A
,SWAPRK 76,3,N/A
,SWAPRK 77,4,N/A
,SWAPRK 78,5,N/A
,SWAPRK 8,1,N/A
,SWAPRK 8,2,N/A
,SWAPRK 8,3,N/A
,SWAPRK 8,4,N/A
,SWAPRK 8,5,N/A
,SWAPRK 83,1,N/A
,SWAPRK 83,2,N/A
,SWAPRK 83,3,N/A
,SWAPRK 83,4,N/A
,SWAPRK 83,5,N/A
,SWAPRK 84,1,N/A
,SWAPRK 84,2,N/A
,SWAPRK 84,3,N/A
,SWAPRK 84,4,N/A
,SWAPRK 84,5,N/A
,SWAPRK 85,2,N/A
,SWAPRK 86,1,N/A
,SWAPRK 9,1,N/A
,SWAPRK 9,2,N/A
,SWAPRK 9,3,N/A
,SWAPRK 9,4,N/A
,SWAPRK 9,5,N/A
