ID,Point Code,Species Code,Percent Cover,Less than 1 Percent
1,SGDW 2,HEHE,7,
2,SGDW 2,ACPL,1,yes
3,SGDW 2,Unidentified Herb 1,1,yes
4,SGDW 1,CEOR7,45,
5,SGDW 1,TORA2,7,
6,SGDW 1,HEHE,15,
7,SGDW 1,LOJA,7,
8,SGDW 1,ROMU,1,yes
9,SGDW 5,LOJA,24,
10,SGDW 5,ROMU,21,
11,SGDW 5,HEHE,7,
12,SGDW 5,CEOR7,2,
13,SGDW 5,OXST,1,
14,SGDW 5,SAMA2,1,yes
15,SGDW 5,SOCA6,4,
16,SGDW 7,FRPE,14,
17,SGDW 7,LITU,2,
18,SGDW 7,HEHE,3,
19,SGDW 7,LOJA,10,
20,SGDW 7,TORA2,1,
21,SGDW 6,VIAC,5,
22,SGDW 6,CEOR7,1,
23,SGDW 6,FRPE,12,
24,SGDW 6,VIDE,8,
25,SGDW 6,FRAM2,22,
26,SGDW 6,EUAM9,1,yes
27,SGDW 6,AMCA4,1,
28,SGDW 6,ACRU,1,yes
48,SGDW 4,HEHE,20,
49,SGDW 4,QUVE,2,
50,SGDW 4,PAQU2,4,
51,SGDW 4,LOJA,4,
52,SGDW 4,PRSE2,1,yes
53,SGDW 4,FRPE,8,
54,SGDW 4,Unidentified Herb 1,1,
55,SGDW 4,CEOR7,1,yes
56,SGDW 4,Unidentified Herb 3,1,yes
57,SGDW 3,COFL2,20,
58,SGDW 3,VIAC,13,
59,SGDW 3,QUAL,1,yes
60,SGDW 3,LOJA,1,
61,SGDW 3,FRPE,5,
62,SGDW 3,VIAC,1,yes
63,SGDW 8,PRSE2,1,
64,SGDW 8,HEHE,1,yes
65,SGDW 8,ACRU,1,yes
66,SGDW 8,LITU,1,yes
67,SGDW 12,TORA2,12,
68,SGDW 12,HEHE,6,
69,SGDW 12,ROMU,2,
70,SGDW 9,HEHE,21,
71,SGDW 9,FRAM2,2,
72,SGDW 9,NYSY,6,
73,SGDW 9,PAQU2,1,
74,SGDW 10,CEOR7,28,
75,SGDW 10,HEHE,7,
76,SGDW 10,LOJA,4,
77,SGDW 10,SOCA6,17,
78,SGDW 10,DUIN2,3,
79,SGDW 10,VIDE,2,
80,SGDW 10,IPPU2,7,
81,SGDW 10,ACNE2,2,
82,SGDW 11,HEHE,21,
83,SGDW 11,CEOR7,2,
84,SGDW 11,VIDE,1,
85,SGDW 11,LIBE3,3,
86,SGDW 11,QUVE,1,
87,SGDW 11,ARTR,2,
88,JH 4,CLTE4,9,
89,JH 4,DUIN2,2,
90,JH 4,ALPE4,5,
91,JH 4,ULRU,9,
92,JH 4,MIVI,9,
93,JH 4,VIMI2,2,
94,JH 4,VIRI,9,
95,JH 4,ASCA,5,
96,JH 4,CEOR7,5,
97,JH 4,RUBUS,3,
98,JH 4,RUPH,25,
99,JH 4,IPCA,10,
100,JH 4,AGALA,5,
101,JH 1,PRSE2,3,
102,JH 1,VIMI2,2,
103,JH 3,LOMA6,15,
104,JH 3,DUIN2,20,
105,JH 3,ALPE4,2,
106,JH 3,CEOR7,3,
107,JH 3,HEHE,10,
108,JH 3,Moss,10,
109,JH 3,GECA7,10,
110,JH 5,PRSE2,5,
111,JH 5,VIMI2,15,
112,JH 5,PAQU2,5,
113,JH 5,VIRI,15,
114,JH 5,TAOF,5,
115,JH 5,CEOR7,5,
116,JH 5,SOLID,10,
117,JH 5,FESU3,30,
118,JH 5,JUNCU,5,
119,JH 6,LOMA6,14,
120,JH 6,VIMI2,14,
121,JH 6,LOJA,10,
122,JH 6,DUIN2,5,
123,JH 6,FRAXI,5,
124,JH 6,PRSE2,5,
125,JH 6,TAOF,1,yes
126,JH 6,VIRI,1,yes
127,JH 6,HEHE,5,
128,JH 7,VIMI2,25,
129,JH 7,DUIN2,35,
130,JH 7,LOJA,5,
131,JH 7,LIBE3,5,
132,JH 8,VIMI2,85,
133,JH 8,PAQU2,5,
134,JH 8,TORA2,5,
135,JH 8,LIBE3,5,
136,JH 9,VIMI2,85,
137,JH 9,DUIN2,3,
138,JH 9,LOJA,2,
139,JH 10,PAQU2,15,
140,JH 10,VIMI2,15,
141,JH 10,DUIN2,5,
142,JH 10,ASCA,5,
143,JH 10,LOJA,5,
144,JH 10,LOMA6,10,
145,JH 10,CLTE4,3,
146,JH 10,RUPH,5,
147,JH 10,GLHE2,7,
148,JH 10,TORA2,1,yes
149,JH 10,CEOR7,1,yes
150,JH 10,VIRI,5,
151,JH 11,ASCA,5,
152,JH 11,HEHE,3,
153,JH 11,PAQU2,5,
154,JH 11,VIRI,4,
155,JH 11,CEOR7,5,
156,JH 11,LOJA,2,
157,JH 11,MOAL,1,
158,JH 12,CLTE4,5,
159,JH 12,ROMU,20,
160,JH 12,ASCA,10,
161,JH 12,VIMI2,5,
162,JH 12,DUIN2,4,
163,JH 12,LOMA6,50,
164,JH 12,TAOF,1,
165,JH 12,VIRI,5,
166,JH 13,HEHE,50,
167,JH 13,LOMA6,3,
168,JH 13,VIRI,3,
169,JH 13,CEOR7,1,yes
170,JH 13,ROMU,1,yes
171,JH 13,VIMI2,1,yes
172,JH 13,PRSE2,1,yes
173,JH 14,VIMI2,40,
174,JH 14,TORA2,5,
175,JH 14,PAQU2,10,
176,JH 14,ROMU,3,
177,JH 14,LOJA,2,
178,JH 14,DUIN2,3,
179,JH 14,CEOR7,5,
180,JH 14,LIBE3,12,
181,JH 15,VIMI2,90,
182,JH 15,TORA2,2,
183,JH 15,LOMA6,6,
184,JH 15,HEMER,2,
185,W 1,PAQU2,10,
186,W 1,VIRI,10,
187,W 1,TORA2,15,
188,W 1,LOJA,5,
189,W 1,HEHE,20,
190,W 2,WISI,50,
191,W 2,SMILA2,20,
192,W 2,HEHE,5,
193,W 3,HEHE,60,
194,W 3,ROMU,10,
195,W 3,LOJA,5,
196,W 4,TORA2,40,
197,W 4,HEHE,20,
198,W 4,SMILA2,10,
199,W 4,LOJA,5,
200,HEPP 7,LITU,30,
201,HEPP 7,QUAL,5,
202,HEPP 7,ACRU,1,
203,HEPP 7,PRSE2,2,
204,HEPP 7,SMILA2,1,yes
205,HEPP 7,RUPE3,2,
206,HEPP 3,FAGR,2,
207,HEPP 3,PRSE2,1,yes
208,HEPP 4,SMILA2,20,
209,HEPP 4,ACRU,4,
210,HEPP 4,PRSE2,1,yes
211,HEPP 4,CALU5,1,yes
212,HEPP 5,SMILA2,10,
213,HEPP 5,VIDE,20,
214,HEPP 6,PRSE2,1,
215,HEPP 8,ACRU,1,yes
216,HEPP 9,SMILA2,50,
217,HEPP 9,ACRU,10,
218,HEPP 9,PRSE2,1,
219,HEPP 9,Moss,12,
220,HEPP 9,AMARA5,2,
221,HEPP 10,RUPE3,35,
222,HEPP 10,SMILA2,25,
223,HEPP 10,PRSE2,2,
224,HEPP 10,NYSY,3,
225,HEPP 11,ANVI2,3,
226,HEPP 11,CALU5,42,
227,HEPP 11,LOJA,3,
228,HEPP 11,PRSE2,1,
229,HEPP 11,VIDE,1,yes
230,HEPP 11,AMARA5,1,yes
231,HEPP 12,RUPE3,5,
232,HEPP 12,MIVI,5,
233,HEPP 12,PRSE2,5,
234,HEPP 12,ACRU,10,
235,HEPP 12,SMILA2,1,yes
236,HEPP 12,Carex sp.,1,yes
237,HEPP 13,NYSY,1,
238,G 1,LOJA,10,
239,G 1,HEHE,15,
240,G 1,PAQU2,5,
241,G 1,VIRI,15,
242,G 1,ALPE4,24,
243,G 1,ALLIU,1,
244,G 1,ROMU,5,
245,G 2,VIRI,40,
246,G 2,HEHE,15,
247,G 2,PRSE2,1,
248,G 2,HISY,4,
249,G 3,ERAN,35,
250,G 3,RUPH,5,
251,G 3,HEHE,5,
252,G 3,OXALI,2,
253,G 3,ANVI2,3,
254,JHU 23,RUAL,1,
255,JHU 24,ROMU,1,
256,JHU 25,CEOR7,1,
257,JHU 3,HEHE,1,
258,JHU 30,POLYG2,1,
259,JHU 39,LITU,1,
260,JHU 49,CEOR7,1,
261,JHU 55,CEOR7,1,
262,JHU 55,TORA2,1,
263,JHU 56,LONIC,1,
264,JHU 12,VISO,2,
265,JHU 21,VISO,2,
266,JHU 22,CHAEN6,2,
267,JHU 28,PAQU2,2,
268,JHU 29,AGALA,2,
269,JHU 32,HEHE,2,
270,JHU 38,HEHE,2,
271,JHU 42,SASSA,2,
272,JHU 48,TORA2,2,
273,JHU 50,GECA7,2,
274,JHU 53,AMBR7,2,
275,JHU 53,CEOR7,2,
276,JHU 55,PAQU2,2,
277,JHU 61,Unidentified,2,
278,JHU 14,PLMA2,3,
279,JHU 16,EUFOR2,3,
280,JHU 19,FRAXI,3,
281,JHU 19,CECA4,3,
282,JHU 20,HEHE,3,
283,JHU 23,HEHE,3,
284,JHU 24,ROPS,3,
285,JHU 26,VIAC,3,
286,JHU 28,LONIC,3,
287,JHU 28,CEOR7,3,
288,JHU 42,AGALA,3,
289,JHU 45,BAMBU,3,
290,JHU 55,AMBR7,3,
291,JHU 56,VITIS,3,
292,JHU 57,CEOR7,3,
293,JHU 27,CEOR7,4,
294,JHU 39,POCU6,4,
295,JHU 48,LONIC,4,
296,JHU 12,PLMA2,5,
297,JHU 16,TORA2,5,
298,JHU 18,Moss,5,
299,JHU 19,ALPE4,5,
300,JHU 23,CLTE4,5,
301,JHU 24,LONIC,5,
302,JHU 24,FRPE,5,
303,JHU 29,TORA2,5,
304,JHU 29,CEOR7,5,
305,JHU 35,CEOR7,5,
306,JHU 36,HEHE,5,
307,JHU 40,SOAL6,5,
308,JHU 45,CEOR7,5,
309,JHU 48,Moss,5,
310,JHU 49,LONIC,5,
311,JHU 50,CLTE4,5,
312,JHU 53,PRSE2,5,
313,JHU 54,POVI2,5,
314,JHU 55,LOMA6,5,
315,JHU 60,Unidentified Herb,5,
316,JHU 19,HEHE,6,
317,JHU 27,VIAC,6,
318,JHU 64,BRPA4,6,
319,JHU 2,EUFOR2,7,
320,JHU 49,PAQU2,7,
321,JHU 19,POCU6,8,
322,JHU 23,VAAN,8,
323,JHU 26,HEHE,8,
324,JHU 18,CLTE4,10,
325,JHU 2,AMBR7,10,
326,JHU 21,POCU6,10,
327,JHU 28,TORA2,10,
328,JHU 30,HEHE,10,
329,JHU 47,AMBR7,10,
330,JHU 47,LONIC,10,
331,JHU 48,POVI2,10,
332,JHU 50,LONIC,10,
333,JHU 56,RUALA,10,
334,JHU 49,AMBR7,12,
335,JHU 54,ROMU,15,
336,JHU 54,FRPE,15,
337,JHU 9,HEHE,15,
338,JHU 48,FAGR,17,
339,JHU 12,Unidentified Herb,18,
340,JHU 36,CEOR7,18,
341,JHU 10,ULRU,20,
342,JHU 27,VAAN,20,
343,JHU 38,AMBR7,20,
344,JHU 38,CEOR7,20,
345,JHU 39,SOAL6,20,
346,JHU 4,AIAL,20,
347,JHU 41,HEHE,20,
348,JHU 42,VIAC,20,
349,JHU 47,COFL2,20,
350,JHU 48,WISTE,20,
351,JHU 49,HEHE,20,
352,JHU 53,FRPE,20,
353,JHU 54,RUPH,20,
354,JHU 64,LONIC,20,
355,JHU 64,Grass,20,
356,JHU 7,AMBR7,20,
357,JHU 23,TORA2,25,
358,JHU 50,AMBR7,25,
359,JHU 50,HEHE,25,
360,JHU 8,ROMU,25,
361,JHU 2,IMCA,28,
362,JHU 16,HEHE,30,
363,JHU 21,AMBR7,30,
364,JHU 24,HEHE,30,
365,JHU 30,FAGR,30,
366,JHU 36,VIBUR,30,
367,JHU 7,DAUCU,31,
368,JHU 50,ROMU,33,
369,JHU 16,LONIC,35,
370,JHU 36,LONIC,35,
371,JHU 39,LONIC,35,
372,JHU 53,HEHE,35,
373,JHU 22,HEHE,40,
374,JHU 39,Unidentified Herb,40,
375,JHU 44,CEOR7,40,
376,JHU 7,POCU6,40,
377,JHU 8,ACNE2,40,
378,JHU 13,HEHE,45,
379,JHU 21,PHAM4,45,
380,JHU 54,TORA2,45,
381,JHU 60,VIAC,45,
382,JHU 62,HEHE,45,
383,JHU 64,POCU6,45,
384,JHU 9,FAGR,45,
385,JHU 28,HEHE,50,
386,JHU 29,FAGR,50,
387,JHU 33,HEHE,50,
388,JHU 35,HEHE,50,
389,JHU 41,LONIC,50,
390,JHU 44,HEHE,53,
391,JHU 2,HEHE,55,
392,JHU 45,HEHE,60,
393,JHU 46,POCU6,60,
394,JHU 47,WISTE,60,
395,JHU 52,HEHE,60,
396,JHU 56,HEHE,70,
397,JHU 12,GLHE2,75,
398,JHU 55,HEHE,75,
399,JHU 10,AMBR7,80,
400,JHU 14,Unidentified Herb,80,
401,JHU 18,AMBR7,80,
402,JHU 4,AMBR7,80,
403,JHU 57,VITIS,90,
404,JHU 6,HEHE,93,
405,JHU 20,PHILA,95,
406,JHU 3,EUFOR2,95,
407,JHU 40,POCU6,95,
408,JHU 11,POCU6,98,
409,JHU 1,AMBR7,100,
410,JHU 31,**LARGE PILE OF PLANT DEBRIS**,100,
411,JHU 5,AMBR7,100,
412,JHU 17,LITU,1,yes
413,JHU 20,VIDI80,1,yes
414,JHU 20,TORA2,1,yes
415,JHU 22,TORA2,1,yes
416,JHU 22,LONIC,1,yes
417,JHU 22,CARPI,1,yes
418,JHU 23,PRSE2,1,yes
419,JHU 25,Unidentified Herb,1,yes
420,JHU 26,QUERC,1,yes
421,JHU 27,HEHE,1,yes
422,JHU 27,PRSE2,1,yes
423,JHU 32,PRSE2,1,yes
424,JHU 35,AMBR7,1,yes
425,JHU 41,PRAV,1,yes
426,JHU 42,COAR4,1,yes
427,JHU 42,ACRU,1,yes
428,JHU 42,PRSE2,1,yes
429,JHU 44,ACPL,1,yes
430,JHU 46,ALPE4,1,yes
431,JHU 51,PRSE2,1,yes
432,JHU 53,ULRU,1,yes
433,JHU 58,LITU,1,yes
434,JHU 63,AMBR7,1,yes
435,AH 10,ROMU,1,
436,AH 10,ARTR,1,
437,AH 11,CILU,1,
438,AH 11,SMILA2,1,
439,AH 12,SMILA2,1,
440,AH 12,HEHE,1,
441,AH 12,PAQU2,1,
442,AH 13,GECA7,1,
443,AH 15,ALPE4,1,
444,AH 15,ROMU,1,
445,AH 15,HEHE,1,
446,AH 16,SMILA2,1,
447,AH 2,LOJA,1,
448,AH 2,COFL2,1,
449,AH 3,RUBUS,1,
450,AH 3,HEHE,1,
451,AH 4,RUBUS,1,
452,AH 4,PRSE2,1,
453,AH 5,HEHE,1,
454,AH 6,SMILA2,1,
455,AH 9,FRPE,1,
456,AH 9,AMBR7,1,
457,AH 1,VIPR,2,
458,AH 1,PAQU2,2,
459,AH 11,TORA2,2,
460,AH 11,LOJA,2,
461,AH 14,AIAL,2,
462,AH 15,GECA7,2,
463,AH 15,LOJA,2,
464,AH 16,ARTR,2,
465,AH 3,LIBE3,2,
466,AH 3,TORA2,2,
467,AH 5,LIBE3,2,
468,AH 6,FRPE,2,
469,AH 7,Grass,2,
470,AH 7,FRPE,2,
471,AH 9,ROMU,2,
472,AH 9,LIBE3,2,
473,AH 10,LOJA,3,
474,AH 10,PAQU2,3,
475,AH 10,HEHE,3,
476,AH 13,RUBUS,3,
477,AH 14,FRPE,3,
478,AH 15,CEOR7,3,
479,AH 16,AMBR7,3,
480,AH 4,EUAM9,3,
481,AH 5,LOJA,3,
482,AH 6,ARTR,3,
483,AH 7,LOJA,3,
484,AH 7,GECA7,3,
485,AH 8,PAQU2,3,
486,AH 1,LOJA,4,
487,AH 1,CEOR7,4,
488,AH 1,HEHE,4,
489,AH 10,FRPE,4,
490,AH 11,GECA7,4,
491,AH 2,FRPE,4,
492,AH 3,FRPE,4,
493,AH 3,PAQU2,4,
494,AH 3,LOJA,4,
495,AH 6,PAQU2,4,
496,AH 8,ROMU,4,
497,AH 9,LIOB,4,
498,AH 12,CEOR7,5,
499,AH 16,HEHE,5,
500,AH 17,FRPE,5,
501,AH 4,LOJA,5,
502,AH 4,CEOR7,5,
503,AH 16,LOJA,6,
504,AH 8,FRPE,6,
505,AH 9,ARTR,6,
506,AH 5,RUBUS,7,
507,AH 2,CEOR7,8,
508,AH 3,CEOR7,8,
509,AH 3,SMILA2,12,
510,AH 13,CEOR7,15,
511,AH 14,FRAGA,15,
512,AH 16,LIBE3,15,
513,AH 5,CEOR7,15,
514,AH 14,POPE10,25,
515,AH 4,FRPE,30,
516,AH 14,AMBR7,45,
517,AH 1,TORA2,1,yes
518,AH 10,CACA18,1,yes
519,AH 10,AMBR7,1,yes
520,AH 11,ROMU,1,yes
521,AH 12,FRAGA,1,yes
522,AH 12,AMBR7,1,yes
523,AH 13,PAQU2,1,yes
524,AH 13,VITIS,1,yes
525,AH 13,LIBE3,1,yes
526,AH 16,QURU,1,yes
527,AH 16,CAGL8,1,yes
528,AH 2,FAGR,1,yes
529,AH 2,EUAM9,1,yes
530,AH 4,ARTR,1,yes
531,AH 4,PAQU2,1,yes
532,AH 5,QUPA2,1,yes
533,AH 6,VIPR,1,yes
534,AH 6,TORA2,1,yes
535,AH 7,FRAGA,1,yes
536,AH 7,ACRU,1,yes
537,AH 7,QUPA2,1,yes
538,AH 7,TORA2,1,yes
539,AH 8,VITIS,1,yes
540,AH 8,TORA2,1,yes
541,AH 9,VIPR,1,yes
542,AH 9,QUPA2,1,yes
543,AH 9,LOJA,1,yes
544,FRIENDS 12,LONIC,1,
545,FRIENDS 12,PRSE2,1,
546,FRIENDS 3,PAQU2,1,
547,FRIENDS 7,Unidentified,1,
548,FRIENDS 8,ALPE4,1,
549,FRIENDS 9,TORA2,1,
550,FRIENDS 12,QUERC,2,
551,FRIENDS 5,AMBR7,2,
552,FRIENDS 8,HEHE,2,
553,FRIENDS 3,Unidentified,3,
554,FRIENDS 5,Unidentified Vine,3,
555,FRIENDS 7,FRAGA,3,
556,FRIENDS 7,HEHE,3,
557,FRIENDS 3,LONIC,5,
558,FRIENDS 9,AMBR7,5,
559,FRIENDS 3,AMBR7,6,
560,FRIENDS 8,LINDE2,6,
561,FRIENDS 12,CRATA,7,
562,FRIENDS 17,PAQU2,10,
563,FRIENDS 2,RUTH,10,
564,FRIENDS 2,LONIC,10,
565,FRIENDS 5,HEHE,10,
566,FRIENDS 9,HEHE,10,
567,FRIENDS 15,HEHE,15,
568,FRIENDS 17,TORA2,15,
569,FRIENDS 2,PAQU2,15,
570,FRIENDS 2,Unidentified Vine,15,
571,FRIENDS 5,VIMI2,15,
572,FRIENDS 9,Grass,20,
573,FRIENDS 5,TORA2,25,
574,FRIENDS 12,HEHE,30,
575,FRIENDS 17,HEHE,30,
576,FRIENDS 4,AMBR7,30,
577,FRIENDS 13,HEHE,35,
578,FRIENDS 1,HEHE,40,
579,FRIENDS 12,TORA2,40,
580,FRIENDS 5,LINDE2,40,
581,FRIENDS 16,LONIC,42,
582,FRIENDS 13,CORNU,45,
583,FRIENDS 11,HEHE,55,
584,FRIENDS 15,LOMA6,75,
585,FRIENDS 14,TORA2,98,
586,FRIENDS 1,AMBR7,1,yes
587,FRIENDS 10,RUBUS,1,yes
588,FRIENDS 16,HEHE,1,yes
589,FRIENDS 16,PRSE2,1,yes
590,FRIENDS 17,LONIC,1,yes
591,FRIENDS 3,HEHE,1,yes
592,FRIENDS 3,SOAL6,1,yes
593,FRIENDS 4,PLMA2,1,yes
594,FRIENDS 4,IMCA,1,yes
595,FRIENDS 6,IMCA,1,yes
596,FRIENDS 6,BOEHM,1,yes
597,FRIENDS 6,AMBR7,1,yes
598,FRIENDS 7,GLHE2,1,yes
599,FRIENDS 10,AMBR7,99,
1184,GILMAN 18,RUBUS,1,
1185,GILMAN 20,ROMU,1,
1186,GILMAN 3,MAAN3,1,
1187,GILMAN 5,QUPR2,1,
1188,GILMAN 13,RUBUS,2,
1189,GILMAN 13,PAQU2,2,
1190,GILMAN 16,POCU6,2,
1191,GILMAN 3,FRAXI,2,
1192,GILMAN 5,VAAN,2,
1193,GILMAN 10,HEHE,3,
1194,GILMAN 12,Unidentified,4,
1195,GILMAN 4,QUPR2,4,
1196,GILMAN 1,IMCA,5,
1197,GILMAN 16,ALPE4,5,
1198,GILMAN 19,SEVA4,5,
1199,GILMAN 2,HEHE,5,
1200,GILMAN 24,PAQU2,5,
1201,GILMAN 3,HEHE,5,
1202,GILMAN 5,TORA2,5,
1203,GILMAN 3,CEOR7,8,
1204,GILMAN 1,LONIC,10,
1205,GILMAN 2,LONIC,10,
1206,GILMAN 9,CEOR7,12,
1207,GILMAN 22,ROMU,15,
1208,GILMAN 23,CIAR4,15,
1209,GILMAN 5,QUAL,15,
1210,GILMAN 6,TORA2,15,
1211,GILMAN 21,ROMU,20,
1212,GILMAN 1,SOAL6,25,
1213,GILMAN 22,AMBR7,25,
1214,GILMAN 3,Moss,25,
1215,GILMAN 5,PRSE2,25,
1216,GILMAN 7,HEHE,25,
1217,GILMAN 9,LOTA,25,
1218,GILMAN 14,AMBR7,40,
1219,GILMAN 22,CACA18,40,
1220,GILMAN 6,HEHE,40,
1221,GILMAN 12,SOAL6,45,
1222,GILMAN 9,HEHE,55,
1223,GILMAN 15,HEHE,65,
1224,GILMAN 8,IMCA,65,
1225,GILMAN 21,HEHE,70,
1226,GILMAN 24,AMBR7,80,
1227,GILMAN 23,AMBR7,85,
1228,GILMAN 13,AMBR7,95,
1229,GILMAN 19,AMBR7,95,
1230,GILMAN 18,AMBR7,99,
1231,GILMAN 17,AMBR7,100,
1232,GILMAN 1,HEHE,1,yes
1233,GILMAN 1,SMILA2,1,yes
1234,GILMAN 1,ROMU,1,yes
1235,GILMAN 10,POLYG2,1,yes
1236,GILMAN 10,NYSY,1,yes
1237,GILMAN 15,LONIC,1,yes
1238,GILMAN 15,AMBR7,1,yes
1239,GILMAN 15,FRAGA,1,yes
1240,GILMAN 5,HEHE,1,yes
1785,GS 1,CHAL7,1,
1786,GS 12,TORA2,1,
1787,GS 15,HEHE,1,
1788,GS 4,TORA2,1,
1789,GS 8,CLEMA,1,
1790,GS 9,RUBUS,1,
1791,GS 12,ARVU,2,
1792,GS 16,LOJA,2,
1793,GS 22,NYSY,2,
1794,GS 25,ARVU,2,
1795,GS 31,HEHE,2,
1796,GS 4,ACRU,2,
1797,GS 4,LOJA,2,
1798,GS 1,PHPR3,3,
1799,GS 10,RUBUS,3,
1800,GS 12,LECU,3,
1801,GS 13,PRSE2,3,
1802,GS 25,Grass,3,
1803,GS 26,HEHE,3,
1804,GS 27,SMILA2,3,
1805,GS 4,AMBR7,3,
1806,GS 8,LOJA,3,
1807,GS 9,AMBR7,3,
1808,GS 16,PHAM4,4,
1809,GS 9,LOJA,4,
1810,GS 1,LOJA,5,
1811,GS 12,SOLID,5,
1812,GS 15,LOJA,5,
1813,GS 17,PRSE2,5,
1814,GS 17,HEHE,5,
1815,GS 2,ROMU,5,
1816,GS 28,APCA,5,
1817,GS 28,AIAL,5,
1818,GS 28,CEOR7,5,
1819,GS 31,SOLID,5,
1820,GS 5,HEHE,5,
1821,GS 5,RUBUS,5,
1822,GS 7,HEHE,5,
1823,GS 7,LOJA,5,
1824,GS 23,LOJA,6,
1825,GS 12,CLEMA,7,
1826,GS 23,HEHE,7,
1827,GS 23,TORA2,7,
1828,GS 29,ULRU,7,
1829,GS 30,TORA2,7,
1830,GS 21,LOJA,10,
1831,GS 29,TORA2,10,
1832,GS 30,PAQU2,10,
1833,GS 7,QURU,10,
1834,GS 18,LOJA,12,
1835,GS 31,TORA2,13,
1836,GS 14,FRPE,15,
1837,GS 21,ROMU,15,
1838,GS 21,HEHE,15,
1839,GS 22,TORA2,15,
1840,GS 14,AMBR7,20,
1841,GS 14,LOJA,20,
1842,GS 17,LOJA,20,
1843,GS 2,CARA2,20,
1844,GS 20,LOJA,20,
1845,GS 21,PAQU2,20,
1846,GS 3,ROMU,23,
1847,GS 12,HEHE,25,
1848,GS 15,NYSY,25,
1849,GS 17,RUPH,25,
1850,GS 20,HEHE,25,
1851,GS 3,LOJA,25,
1852,GS 5,TORA2,25,
1853,GS 13,HEHE,30,
1854,GS 30,HEHE,30,
1855,GS 7,TORA2,30,
1856,GS 21,RUBUS,35,
1857,GS 7,CAGL8,35,
1858,GS 19,WIFL,40,
1859,GS 3,FORSY,40,
1860,GS 31,ROMU,40,
1861,GS 31,LOJA,40,
1862,GS 14,HEHE,45,
1863,GS 17,CLEMA,45,
1864,GS 22,SMILA2,45,
1865,GS 8,HEHE,45,
1866,GS 13,LOJA,55,
1867,GS 5,LOJA,55,
1868,GS 10,LOJA,57,
1869,GS 2,LOJA,60,
1870,GS 1,CESTM,75,
1871,GS 6,TORA2,75,
1872,GS 23,PHILA,80,
1873,GS 29,HEHE,83,
1874,GS 28,AMBR7,85,
1875,GS 25,GLHE2,95,
1876,GS 24,Grass,100,
1877,GS 15,ACRU,1,yes
1878,GS 15,ULRU,1,yes
1879,GS 15,ILOP,1,yes
1880,GS 18,HEHE,1,yes
1881,GS 26,ACRU,1,yes
1882,GS 26,LACE,1,yes
1883,GS 31,AMBR7,1,yes
2392,HR 13,CILU,1,
2393,HR 14,LINDE2,1,
2394,HR 14,PRSE2,1,
2395,HR 18,LONIC,1,
2396,HR 5,CLTE4,1,
2397,HR 7,SMILA2,1,
2398,HR 8,POLYG2,1,
2399,HR 12,LINDE2,2,
2400,HR 1,LONIC,2,
2401,HR 11,PAQU2,2,
2402,HR 13,ROMU,2,
2403,HR 13,HEHE,2,
2404,HR 14,HEHE,2,
2405,HR 17,HEHE,2,
2406,HR 17,ROMU,2,
2407,HR 5,TORA2,2,
2408,HR 5,LONIC,2,
2409,HR 8,SMILA2,2,
2410,HR 8,PAQU2,2,
2411,HR 8,TORA2,2,
2412,HR 12,GECA7,3,
2413,HR 4,FRAXI,3,
2414,HR 10,FRAXI,4,
2415,HR 10,TORA2,5,
2416,HR 11,HEHE,5,
2417,HR 14,TORA2,5,
2418,HR 15,TORA2,5,
2419,HR 16,HEHE,5,
2420,HR 16,GECA7,5,
2421,HR 20,PAQU2,5,
2422,HR 20,GECA7,5,
2423,HR 4,HEHE,5,
2424,HR 7,NYSY,5,
2425,HR 8,HEHE,5,
2426,HR 10,HEHE,6,
2427,HR 14,LONIC,6,
2428,HR 12,TORA2,7,
2429,HR 10,LINDE2,8,
2430,HR 11,TORA2,10,
2431,HR 16,AMBR7,10,
2432,HR 16,FRAGA,10,
2433,HR 18,LOMA6,10,
2434,HR 3,CEOR7,10,
2435,HR 8,LIOB,10,
2436,HR 2,LINDE2,12,
2437,HR 11,CILU,13,
2438,HR 18,HEHE,13,
2439,HR 11,CEOR7,15,
2440,HR 15,CEOR7,15,
2441,HR 15,PAQU2,15,
2442,HR 15,HEHE,15,
2443,HR 17,ALPE4,15,
2444,HR 19,LONIC,15,
2445,HR 19,SASSA,15,
2446,HR 20,LONIC,15,
2447,HR 3,PAQU2,15,
2448,HR 3,HEHE,15,
2449,HR 5,Unidentified Herb,15,
2450,HR 15,LONIC,20,
2451,HR 20,AMBR7,20,
2452,HR 5,APOCY,20,
2453,HR 7,HEHE,23,
2454,HR 14,CEOR7,25,
2455,HR 18,LIOB,25,
2456,HR 5,CEOR7,25,
2457,HR 3,LINDE2,30,
2458,HR 1,CEOR7,35,
2459,HR 13,TORA2,35,
2460,HR 13,CEOR7,35,
2461,HR 16,CILU,35,
2462,HR 19,Unidentified Herb,50,
2463,HR 20,RUPH,50,
2464,HR 2,RUPH,88,
2465,HR 9,Grass,93,
2466,HR 6,Grass,95,
2467,HR 12,HEHE,1,yes
2468,HR 1,HEHE,1,yes
2469,HR 10,SMILA2,1,yes
2470,HR 10,VIDI80,1,yes
2471,HR 11,CRMO2,1,yes
2472,HR 16,POLYG2,1,yes
2473,HR 17,AMBR7,1,yes
2474,HR 18,CEOR7,1,yes
2475,HR 18,CRMO2,1,yes
2476,HR 19,RUBUS,1,yes
2477,HR 20,ASARU,1,yes
2478,HR 20,LINDE2,1,yes
2479,HR 4,POLYG2,1,yes
2480,HR 4,VIAC,1,yes
2481,HR 12,ARISA,2,yes
2482,HR 1,RUPH,2,yes
2483,HR 1,AMBR7,2,yes
2988,LOYOLA 12,FRAGA,1,
2989,LOYOLA 18,RUBUS,1,
2990,LOYOLA 18,ACPA2,1,
2991,LOYOLA 18,ALPE4,1,
2992,LOYOLA 18,POVI2,1,
2993,LOYOLA 20,ACPA2,1,
2994,LOYOLA 20,LIBE3,1,
2995,LOYOLA 24,ALPE4,1,
2996,LOYOLA 24,CILU,1,
2997,LOYOLA 30,AMBR7,1,
2998,LOYOLA 30,AIAL,1,
2999,LOYOLA 30,SMILA2,1,
3000,LOYOLA 4,AMBR7,1,
3001,LOYOLA 4,LONIC,1,
3002,LOYOLA 42,MELIL,1,
3003,LOYOLA 52,HEHE,1,
3004,LOYOLA 54,POPE2,1,
3005,LOYOLA 54,LONIC,1,
3006,LOYOLA 54,FRAXI,1,
3007,LOYOLA 54,IPCA,1,
3008,LOYOLA 6,ULMUS,1,
3009,LOYOLA 6,PAQU2,1,
3010,LOYOLA 60,POPE2,1,
3011,LOYOLA 8,IPCA,1,
3012,LOYOLA 12,ARISA,2,
3013,LOYOLA 12,LONIC,2,
3014,LOYOLA 18,CAGL8,2,
3015,LOYOLA 22,HEHE,2,
3016,LOYOLA 24,LIBE3,2,
3017,LOYOLA 24,HEHE,2,
3018,LOYOLA 36,ALPE4,2,
3019,LOYOLA 36,HEHE,2,
3020,LOYOLA 52,CILU,2,
3021,LOYOLA 52,FRPE,2,
3022,LOYOLA 54,OXALI,2,
3023,LOYOLA 58,ROSA5,2,
3024,LOYOLA 6,HEHE,2,
3025,LOYOLA 8,MIVI,2,
3026,LOYOLA 8,ALPE4,2,
3027,LOYOLA 8,AMBR7,2,
3028,LOYOLA 8,HEHE,2,
3029,LOYOLA 2,FRAXI,3,
3030,LOYOLA 2,PAQU2,3,
3031,LOYOLA 2,AMBR7,3,
3032,LOYOLA 40,LONIC,3,
3033,LOYOLA 60,OXALI,3,
3034,LOYOLA 8,LONIC,3,
3035,LOYOLA 8,FRAXI,3,
3036,LOYOLA 52,AMBR7,4,
3037,LOYOLA 52,LIBE3,4,
3038,LOYOLA 6,LONIC,4,
3039,LOYOLA 60,LONIC,4,
3040,LOYOLA 62,CILU,4,
3041,LOYOLA 30,LIBE3,5,
3042,LOYOLA 30,CEOR7,5,
3043,LOYOLA 40,AMBR7,5,
3044,LOYOLA 52,RUPH,5,
3045,LOYOLA 6,AMBR7,5,
3046,LOYOLA 40,TORA2,6,
3047,LOYOLA 2,CEOR7,8,
3048,LOYOLA 54,AMBRO,8,
3049,LOYOLA 60,URDI,9,
3050,LOYOLA 2,CILU,10,
3051,LOYOLA 30,LONIC,10,
3052,LOYOLA 34,FRPE,10,
3053,LOYOLA 4,HAVI2,10,
3054,LOYOLA 54,GECA7,10,
3055,LOYOLA 60,GECA7,10,
3056,LOYOLA 8,RUPH,10,
3057,LOYOLA 22,LIBE3,12,
3058,LOYOLA 8,RUBUS,12,
3059,LOYOLA 26,ALPE4,15,
3060,LOYOLA 30,RUBUS,15,
3061,LOYOLA 4,LIBE3,15,
3062,LOYOLA 60,RUPH,15,
3063,LOYOLA 54,BOEHM,18,
3064,LOYOLA 18,LIBE3,20,
3065,LOYOLA 58,LONIC,20,
3066,LOYOLA 62,URDI,20,
3067,LOYOLA 58,CEOR7,23,
3068,LOYOLA 36,LONIC,25,
3069,LOYOLA 56,IPCA,25,
3070,LOYOLA 54,EUSE2,32,
3071,LOYOLA 40,ARVU,35,
3072,LOYOLA 42,EUSE2,35,
3073,LOYOLA 42,Grass,63,
3074,LOYOLA 34,CEOR7,70,
3075,LOYOLA 56,AMBR7,75,
3076,LOYOLA 64,Grass,95,
3077,LOYOLA 10,ALPE4,1,yes
3078,LOYOLA 10,FRAXI,1,yes
3079,LOYOLA 10,PRSE2,1,yes
3080,LOYOLA 10,CILU,1,yes
3081,LOYOLA 12,ALPE4,1,yes
3082,LOYOLA 12,PRSE2,1,yes
3083,LOYOLA 12,LIBE3,1,yes
3084,LOYOLA 14,ALPE4,1,yes
3085,LOYOLA 14,HEHE,1,yes
3086,LOYOLA 14,FAGR,1,yes
3087,LOYOLA 14,ACER,1,yes
3088,LOYOLA 18,CILU,1,yes
3089,LOYOLA 22,ALPE4,1,yes
3090,LOYOLA 22,CILU,1,yes
3091,LOYOLA 22,PAQU2,1,yes
3092,LOYOLA 24,LONIC,1,yes
3093,LOYOLA 24,VITIS,1,yes
3094,LOYOLA 26,LONIC,1,yes
3095,LOYOLA 26,CEOR7,1,yes
3096,LOYOLA 30,PAQU2,1,yes
3097,LOYOLA 4,FRAXI,1,yes
3098,LOYOLA 4,PAQU2,1,yes
3099,LOYOLA 4,ALPE4,1,yes
3100,LOYOLA 42,AMBRO,1,yes
3101,LOYOLA 52,NYSY,1,yes
3102,LOYOLA 6,ACPL,1,yes
3103,LOYOLA 6,CHAL7,1,yes
3104,LOYOLA 60,CEOR7,1,yes
3105,LOYOLA 62,FAGR,1,yes
3106,LOYOLA 62,HEHE,1,yes
3107,LOYOLA 62,CEOR7,1,yes
3108,LOYOLA 62,FRAGA,1,yes
3109,LOYOLA 64,AMBR7,1,yes
3110,LOYOLA 64,KUST,1,yes
3238,MDSB 13,PRSE2,1,
3239,MDSB 14,Unidentified,1,
3240,MDSB 19,TORA2,1,
3241,MDSB 2,PAQU2,1,
3242,MDSB 20,VIDE,1,
3243,MDSB 22,HEHE,1,
3244,MDSB 22,PLMA2,1,
3245,MDSB 23,ARTR,1,
3246,MDSB 23,LIBE3,1,
3247,MDSB 25,SMILA2,1,
3248,MDSB 28,PAQU2,1,
3249,MDSB 32,HEHE,1,
3250,MDSB 32,PAQU2,1,
3251,MDSB 33,PAQU2,1,
3252,MDSB 36,VITIS,1,
3253,MDSB 36,PAQU2,1,
3254,MDSB 42,IMCA,1,
3255,MDSB 43,HEHE,1,
3256,MDSB 5,LIBE3,1,
3257,MDSB 6,FRPE,1,
3258,MDSB 6,LIBE3,1,
3259,MDSB 6,TORA2,1,
3260,MDSB 8,PAQU2,1,
3261,MDSB 16,SMILA2,2,
3262,MDSB 18,LOJA,2,
3263,MDSB 19,PRSE2,2,
3264,MDSB 20,PAQU2,2,
3265,MDSB 20,TORA2,2,
3266,MDSB 23,VIDE,2,
3267,MDSB 25,VACO,2,
3268,MDSB 25,VIDE,2,
3269,MDSB 25,HEHE,2,
3270,MDSB 33,LOJA,2,
3271,MDSB 33,Moss,2,
3272,MDSB 35,FRPE,2,
3273,MDSB 35,LIBE3,2,
3274,MDSB 35,PAQU2,2,
3275,MDSB 37,LOJA,2,
3276,MDSB 38,HEHE,2,
3277,MDSB 39,LOJA,2,
3278,MDSB 40,HEHE,2,
3279,MDSB 41,LIBE3,2,
3280,MDSB 6,ACRU,2,
3281,MDSB 8,EUSE2,2,
3282,MDSB 26,PRSE2,3,
3283,MDSB 29,HEHE,3,
3284,MDSB 29,PRSE2,3,
3285,MDSB 3,HEHE,3,
3286,MDSB 39,SMILA2,3,
3287,MDSB 44,PAQU2,3,
3288,MDSB 5,TORA2,3,
3289,MDSB 22,RUBUS,4,
3290,MDSB 39,HEHE,4,
3291,MDSB 40,PAQU2,4,
3292,MDSB 48,SMILA2,4,
3293,MDSB 48,VAAN,4,
3294,MDSB 5,LOJA,4,
3295,MDSB 10,PAQU2,5,
3296,MDSB 11,PAQU2,5,
3297,MDSB 12,PRSE2,5,
3298,MDSB 17,VIDE,5,
3299,MDSB 19,VIDE,5,
3300,MDSB 2,LOJA,5,
3301,MDSB 21,VIDE,5,
3302,MDSB 27,LOJA,5,
3303,MDSB 3,EUAM9,5,
3304,MDSB 36,LOJA,5,
3305,MDSB 41,LOJA,5,
3306,MDSB 47,PRSE2,5,
3307,MDSB 8,SMILA2,5,
3308,MDSB 8,HEHE,5,
3309,MDSB 10,HEHE,6,
3310,MDSB 33,SMILA2,6,
3311,MDSB 39,ILOP,6,
3312,MDSB 44,ALPE4,6,
3313,MDSB 11,LIBE3,7,
3314,MDSB 12,VAAN,7,
3315,MDSB 27,HEHE,7,
3316,MDSB 31,LOJA,7,
3317,MDSB 32,LOJA,7,
3318,MDSB 36,HEHE,7,
3319,MDSB 37,ALPE4,7,
3320,MDSB 18,RUPH,8,
3321,MDSB 2,HEHE,8,
3322,MDSB 4,HEHE,8,
3323,MDSB 6,HEHE,8,
3324,MDSB 45,MIVI,9,
3325,MDSB 24,LOJA,10,
3326,MDSB 28,FRPE,10,
3327,MDSB 31,EUAM9,10,
3328,MDSB 4,LIBE3,10,
3329,MDSB 47,ROMU,10,
3330,MDSB 49,VIAC,10,
3331,MDSB 9,LIBE3,10,
3332,MDSB 10,LOJA,11,
3333,MDSB 20,LOJA,13,
3334,MDSB 4,CEOR7,13,
3335,MDSB 8,LOJA,13,
3336,MDSB 25,PAQU2,15,
3337,MDSB 27,PAQU2,15,
3338,MDSB 34,LOJA,15,
3339,MDSB 35,LOJA,15,
3340,MDSB 44,LOJA,15,
3341,MDSB 6,Moss,15,
3342,MDSB 8,LIBE3,15,
3343,MDSB 9,SMILA2,15,
3344,MDSB 24,HEHE,17,
3345,MDSB 10,LIBE3,20,
3346,MDSB 12,SMILA2,20,
3347,MDSB 19,SMILA2,25,
3348,MDSB 33,HEHE,25,
3349,MDSB 7,LIBE3,26,
3350,MDSB 28,DEPU2,30,
3351,MDSB 18,BOCY,35,
3352,MDSB 3,LOJA,35,
3353,MDSB 31,ROMU,40,
3354,MDSB 12,LITU,45,
3355,MDSB 38,DEPU2,45,
3356,MDSB 27,VIDE,50,
3357,MDSB 18,SMILA2,55,
3358,MDSB 9,LOJA,75,
3359,MDSB 45,POPE2,90,
3360,MDSB 17,SMILA2,95,
3361,MDSB 10,CILU,1,yes
3362,MDSB 10,HISY,1,yes
3363,MDSB 11,LITU,1,yes
3364,MDSB 13,NYSY,1,yes
3365,MDSB 13,ACRU,1,yes
3366,MDSB 13,TORA2,1,yes
3367,MDSB 13,LITU,1,yes
3368,MDSB 13,HEHE,1,yes
3369,MDSB 14,NYSY,1,yes
3370,MDSB 14,LITU,1,yes
3371,MDSB 14,ACRU,1,yes
3372,MDSB 14,POBI2,1,yes
3373,MDSB 15,SMILA2,1,yes
3374,MDSB 16,LIBE3,1,yes
3375,MDSB 19,LOJA,1,yes
3376,MDSB 2,AMBR7,1,yes
3377,MDSB 2,LIBE3,1,yes
3378,MDSB 2,Moss,1,yes
3379,MDSB 20,LITU,1,yes
3380,MDSB 21,FRPE,1,yes
3381,MDSB 21,LITU,1,yes
3382,MDSB 21,ACRU,1,yes
3383,MDSB 21,NYSY,1,yes
3384,MDSB 21,LOJA,1,yes
3385,MDSB 22,LITU,1,yes
3386,MDSB 22,Unidentified,1,yes
3387,MDSB 23,ACRU,1,yes
3388,MDSB 23,SMILA2,1,yes
3389,MDSB 23,HEHE,1,yes
3390,MDSB 24,RUBUS,1,yes
3391,MDSB 24,TORA2,1,yes
3392,MDSB 24,SMILA2,1,yes
3393,MDSB 25,PRSE2,1,yes
3394,MDSB 25,LITU,1,yes
3395,MDSB 25,LOJA,1,yes
3396,MDSB 28,POPE,1,yes
3397,MDSB 28,LITU,1,yes
3398,MDSB 28,LIBE3,1,yes
3399,MDSB 29,PAQU2,1,yes
3400,MDSB 29,LITU,1,yes
3401,MDSB 29,POPE,1,yes
3402,MDSB 29,POBI2,1,yes
3403,MDSB 29,CACA18,1,yes
3404,MDSB 3,POBI2,1,yes
3405,MDSB 30,VISO,1,yes
3406,MDSB 30,OXALI,1,yes
3407,MDSB 30,EUAL13,1,yes
3408,MDSB 31,HEHE,1,yes
3409,MDSB 31,PAQU2,1,yes
3410,MDSB 33,TORA2,1,yes
3411,MDSB 34,PAQU2,1,yes
3412,MDSB 34,TORA2,1,yes
3413,MDSB 35,VIDE,1,yes
3414,MDSB 35,TORA2,1,yes
3415,MDSB 36,TORA2,1,yes
3416,MDSB 36,FRPE,1,yes
3417,MDSB 38,LITU,1,yes
3418,MDSB 38,PAQU2,1,yes
3419,MDSB 38,LOJA,1,yes
3420,MDSB 38,VIPR,1,yes
3421,MDSB 39,PRSE2,1,yes
3422,MDSB 4,TORA2,1,yes
3423,MDSB 4,VIDE,1,yes
3424,MDSB 40,VITIS,1,yes
3425,MDSB 40,LIBE3,1,yes
3426,MDSB 40,ACRU,1,yes
3427,MDSB 40,LITU,1,yes
3428,MDSB 41,HEHE,1,yes
3429,MDSB 41,TORA2,1,yes
3430,MDSB 44,ROMU,1,yes
3431,MDSB 45,POPE10,1,yes
3432,MDSB 45,IMCA,1,yes
3433,MDSB 46,SMILA2,1,yes
3434,MDSB 46,PRSE2,1,yes
3435,MDSB 47,PAQU2,1,yes
3436,MDSB 47,HEHE,1,yes
3437,MDSB 5,SMILA2,1,yes
3438,MDSB 5,PAQU2,1,yes
3439,MDSB 5,POBI2,1,yes
3440,MDSB 6,MIVI,1,yes
3441,MDSB 6,RUBUS,1,yes
3442,MDSB 6,LITU,1,yes
3443,MDSB 7,PRSE2,1,yes
3444,MDSB 7,EUAM9,1,yes
3445,MDSB 7,PAQU2,1,yes
3446,MDSB 7,POBI2,1,yes
3447,MDSB 7,ACRU,1,yes
3718,ND 12,PLMA2,1,
3719,ND 14,PRSE2,1,
3720,ND 38,PLMA2,1,
3721,ND 5,POTEN,1,
3722,ND 1,OXALI,2,
3723,ND 28,HEHE,2,
3724,ND 28,PLMA2,2,
3725,ND 28,POTEN,2,
3726,ND 28,TRRE3,2,
3727,ND 5,PLMA2,2,
3728,ND 18,GLHE2,3,
3729,ND 12,POTEN,5,
3730,ND 13,RUBUS,5,
3731,ND 13,HEHE,5,
3732,ND 18,TRRE3,5,
3733,ND 24,VISO,5,
3734,ND 34,Grass,5,
3735,ND 7,TRRE3,5,
3736,ND 7,Grass,5,
3737,ND 12,TRRE3,10,
3738,ND 18,VISO,10,
3739,ND 13,POTEN,15,
3740,ND 24,POTEN,15,
3741,ND 25,TRRE3,15,
3742,ND 30,ACVI,15,
3743,ND 4,Grass,15,
3744,ND 28,VISO,20,
3745,ND 34,TRRE3,20,
3746,ND 9,POTEN,20,
3747,ND 18,PLMA2,25,
3748,ND 25,VISO,25,
3749,ND 12,KUST2,30,
3750,ND 24,KUST2,30,
3751,ND 30,Moss,30,
3752,ND 37,TRRE3,30,
3753,ND 13,GLHE2,35,
3754,ND 23,Grass,35,
3755,ND 5,TRRE3,35,
3756,ND 22,Kust2,40,
3757,ND 30,Grass,40,
3758,ND 24,Grass,45,
3759,ND 28,Grass,45,
3760,ND 1,Grass,48,
3761,ND 1,Grass,50,
3762,ND 12,Grass,52,
3763,ND 22,Grass,55,
3764,ND 34,KUST,55,
3765,ND 4,Moss,55,
3766,ND 18,Grass,57,
3767,ND 25,Grass,60,
3768,ND 5,Grass,62,
3769,ND 37,Grass,68,
3770,ND 9,Grass,80,
3771,ND 19,Grass,95,
3772,ND 38,Grass,98,
3773,ND 13,OXALI,1,yes
3774,ND 13,VISO,1,yes
3775,ND 14,NYSY,1,yes
3776,ND 24,AMBR7,1,yes
3777,ND 24,TORA2,1,yes
3778,ND 28,AMBR7,1,yes
3779,ND 30,AMBR7,1,yes
3780,ND 30,EUAL13,1,yes
3781,ND 37,TAOF,1,yes
3782,ND 37,PLMA2,1,yes
3783,ND 4,POTEN,1,yes
3784,ND 7,POTEN,1,yes
4313,RPCS 10,OXALI,1,
4314,RPCS 10,PLMA2,1,
4315,RPCS 2,LINDE2,1,
4316,RPCS 21,AMBR7,1,
4317,RPCS 22,MIVI,1,
4318,RPCS 22,OXALI,1,
4319,RPCS 3,LONIC,1,
4320,RPCS 18,PRAV,2,
4321,RPCS 20,FRAXI,2,
4322,RPCS 6,EUAL13,2,
4323,RPCS 7,LINDE2,2,
4324,RPCS 10,PAQU2,3,
4325,RPCS 12,VIMI2,3,
4326,RPCS 18,LONIC,3,
4327,RPCS 2,LONIC,3,
4328,RPCS 20,HEHE,3,
4329,RPCS 7,Unidentified,3,
4330,RPCS 8,QUPR2,3,
4331,RPCS 2,HEHE,4,
4332,RPCS 12,CILU,5,
4333,RPCS 13,EUAL13,5,
4334,RPCS 5,VIMI2,5,
4335,RPCS 11,HEHE,6,
4336,RPCS 17,EUAL13,6,
4337,RPCS 7,EUAL13,6,
4338,RPCS 5,HEHE,7,
4339,RPCS 7,HEHE,7,
4340,RPCS 4,HEHE,8,
4341,RPCS 20,AMBR7,10,
4342,RPCS 5,EUAL13,10,
4343,RPCS 6,EUONY2,10,
4344,RPCS 7,BETH,10,
4345,RPCS 19,ACNE2,15,
4346,RPCS 23,VIOLA,15,
4347,RPCS 23,AMBR7,15,
4348,RPCS 6,HEHE,15,
4349,RPCS 8,EUAL13,15,
4350,RPCS 12,LONIC,17,
4351,RPCS 7,POVI2,17,
4352,RPCS 12,HEHE,20,
4353,RPCS 14,AMBR7,20,
4354,RPCS 22,VIOLA,20,
4355,RPCS 1,HEHE,25,
4356,RPCS 5,LINDE2,25,
4357,RPCS 8,VIMI2,25,
4358,RPCS 15,IMCA,30,
4359,RPCS 17,AEPO,30,
4360,RPCS 18,HEHE,35,
4361,RPCS 21,Grass,35,
4362,RPCS 23,GLHE2,35,
4363,RPCS 3,HEHE,35,
4364,RPCS 11,EUAL13,50,
4365,RPCS 22,Grass,50,
4366,RPCS 12,BETH,55,
4367,RPCS 17,HEHE,55,
4368,RPCS 19,HEHE,55,
4369,RPCS 10,POPE2,70,
4370,RPCS 15,PATE11,70,
4371,RPCS 14,Unidentified Shrub,80,
4372,RPCS 20,EUAL13,85,
4373,RPCS 13,AEPO,90,
4374,RPCS 9,RHODO,90,
4375,RPCS 16,Grass,95,
4376,RPCS 10,ALPE4,1,yes
4377,RPCS 10,AMBR7,1,yes
4378,RPCS 12,TORA2,1,yes
4379,RPCS 16,FRAGA,1,yes
4380,RPCS 17,AMBR7,1,yes
4381,RPCS 18,AMBR7,1,yes
4382,RPCS 18,IMCA,1,yes
4383,RPCS 22,PRSE2,1,yes
4912,SETON 10,ARTR,1,
4913,SETON 11,CEORU,1,
4914,SETON 11,LOJA,1,
4915,SETON 12,LOJA,1,
4916,SETON 18,LOJA,1,
4917,SETON 18,FRPE,1,
4918,SETON 18,FAGR,1,
4919,SETON 19,LOJA,1,
4920,SETON 19,CAGL8,1,
4921,SETON 20,FAGR,1,
4922,SETON 20,CEOR7,1,
4923,SETON 20,NYSY,1,
4924,SETON 21,CAGL8,1,
4925,SETON 21,KUST2,1,
4926,SETON 21,LOJA,1,
4927,SETON 22,LIBE3,1,
4928,SETON 24,CEOR7,1,
4929,SETON 25,AMBR7,1,
4930,SETON 26,SEVA4,1,
4931,SETON 27,FRAGA,1,
4932,SETON 28,QUAL,1,
4933,SETON 29,AMBR7,1,
4934,SETON 31,ALPE4,1,
4935,SETON 31,CEOR7,1,
4936,SETON 31,LOJA,1,
4937,SETON 6,ROMU,1,
4938,SETON 11,GECA7,2,
4939,SETON 13,ARTR,2,
4940,SETON 13,LOJA,2,
4941,SETON 14,LITU,2,
4942,SETON 16,CEOR7,2,
4943,SETON 19,EUAM9,2,
4944,SETON 24,ARTR,2,
4945,SETON 25,EUAM9,2,
4946,SETON 26,PLMA2,2,
4947,SETON 5,LOJA,2,
4948,SETON 7,LOJA,2,
4949,SETON 9,HEHE,2,
4950,SETON 23,OXALI,3,
4951,SETON 26,OXALI,3,
4952,SETON 6,LOJA,3,
4953,SETON 25,HEHE,4,
4954,SETON 29,POVI2,4,
4955,SETON 4,Grass,4,
4956,SETON 19,CEOR7,5,
4957,SETON 23,RUBUS,5,
4958,SETON 23,AMBR7,5,
4959,SETON 23,LOJA,5,
4960,SETON 25,TORA2,5,
4961,SETON 26,AMBR7,5,
4962,SETON 27,LOJA,5,
4963,SETON 29,PAQU2,5,
4964,SETON 31,GECA7,5,
4965,SETON 4,FRPE,5,
4966,SETON 9,LIBE3,5,
4967,SETON 25,LOJA,6,
4968,SETON 29,CLEMA,6,
4969,SETON 29,HAVI2,7,
4970,SETON 5,FRPE,7,
4971,SETON 27,CEOR7,8,
4972,SETON 4,LOJA,8,
4973,SETON 9,LOJA,8,
4974,SETON 4,ERHI12,9,
4975,SETON 25,CEOR7,10,
4976,SETON 26,FRAGA,10,
4977,SETON 28,HEHE,10,
4978,SETON 30,HEHE,15,
4979,SETON 30,FRPE,15,
4980,SETON 28,CEOR7,17,
4981,SETON 23,Grass,20,
4982,SETON 27,HEHE,20,
4983,SETON 29,CEOR7,37,
4984,SETON 23,GLHE2,45,
4985,SETON 26,Grass,78,
4986,SETON 1,AMBR2,1,yes
4987,SETON 1,LOJA,1,yes
4988,SETON 1,TORA2,1,yes
4989,SETON 1,VISO,1,yes
4990,SETON 10,ACRU,1,yes
4991,SETON 10,FRPE,1,yes
4992,SETON 10,CEOR7,1,yes
4993,SETON 10,EUAM9,1,yes
4994,SETON 13,FRPE,1,yes
4995,SETON 13,VITIS,1,yes
4996,SETON 14,LIBE3,1,yes
4997,SETON 14,POVI2,1,yes
4998,SETON 14,ARTR,1,yes
4999,SETON 16,LOJA,1,yes
5000,SETON 16,PAQU2,1,yes
5001,SETON 16,ACRU,1,yes
5002,SETON 16,CECA4,1,yes
5003,SETON 16,POBI2,1,yes
5004,SETON 17,LOJA,1,yes
5005,SETON 17,FRPE,1,yes
5006,SETON 18,QURU,1,yes
5007,SETON 19,NYSY,1,yes
5008,SETON 19,ARTR,1,yes
5009,SETON 19,ULRU,1,yes
5010,SETON 19,PAQU2,1,yes
5011,SETON 2,LOJA,1,yes
5012,SETON 2,LIBE3,1,yes
5013,SETON 20,EUAL13,1,yes
5014,SETON 20,QUAL,1,yes
5015,SETON 20,ACRU,1,yes
5016,SETON 21,LITU,1,yes
5017,SETON 22,EUAM9,1,yes
5018,SETON 22,FRPE,1,yes
5019,SETON 22,AMBR7,1,yes
5020,SETON 24,SMILA2,1,yes
5021,SETON 24,POVI2,1,yes
5022,SETON 24,AMBR7,1,yes
5023,SETON 25,POVI2,1,yes
5024,SETON 25,FRPE,1,yes
5025,SETON 27,TORA2,1,yes
5026,SETON 27,AMBR7,1,yes
5027,SETON 27,FRPE,1,yes
5028,SETON 29,COCO3,1,yes
5029,SETON 29,HEHE,1,yes
5030,SETON 29,TORA2,1,yes
5031,SETON 4,HEHE,1,yes
5032,SETON 4,ACRU,1,yes
5033,SETON 4,RUBUS,1,yes
5034,SETON 4,SOLID,1,yes
5035,SETON 4,OXALI,1,yes
5036,SETON 5,EUAM9,1,yes
5037,SETON 5,POV12,1,yes
5038,SETON 5,VITIS,1,yes
5039,SETON 5,Grass,1,yes
5040,SETON 6,PAQU2,1,yes
5041,SETON 7,GECA7,1,yes
5042,SETON 7,TORA2,1,yes
5043,SETON 7,FRPE,1,yes
5044,SETON 9,FRPE,1,yes
5045,SETON 9,VITIS,1,yes
5046,SETON 9,VIDE,1,yes
5222,SINAI 1,HEHE,1,
5223,SINAI 11,Grass,1,
5224,SINAI 12,ACRU,1,
5225,SINAI 14,LONIC,1,
5226,SINAI 14,SMILA2,1,
5227,SINAI 15,AMBR7,1,
5228,SINAI 16,ACRU,1,
5229,SINAI 23,SMILA2,1,
5230,SINAI 24,CLTE4,1,
5231,SINAI 27,ARISA,1,
5232,SINAI 27,LINDE2,1,
5233,SINAI 28,PRSE2,1,
5234,SINAI 28,CLTE4,1,
5235,SINAI 29,CEOR7,1,
5236,SINAI 31,SOAL6,1,
5237,SINAI 31,LASE,1,
5238,SINAI 31,POPE2,1,
5239,SINAI 6,ROPS,1,
5240,SINAI 8,EUPE3,1,
5241,SINAI 18,FRPE,2,
5242,SINAI 2,LONIC,2,
5243,SINAI 26,GECA7,2,
5244,SINAI 3,SASSA,2,
5245,SINAI 3,HEHE,2,
5246,SINAI 30,HEHE,2,
5247,SINAI 30,OXALI,2,
5248,SINAI 34,HAVI2,2,
5249,SINAI 8,FRAXI,2,
5250,SINAI 12,AMBR7,3,
5251,SINAI 14,FRAXI,3,
5252,SINAI 24,LIGUS2,3,
5253,SINAI 28,SMILA2,3,
5254,SINAI 3,AMBR7,3,
5255,SINAI 3,HAVI2,3,
5256,SINAI 30,CEOR7,3,
5257,SINAI 30,FRAXI,3,
5258,SINAI 8,BETH,3,
5259,SINAI 24,LONIC,4,
5260,SINAI 25,LONIC,4,
5261,SINAI 10,AGALA,5,
5262,SINAI 13,LONIC,5,
5263,SINAI 13,AGALA,5,
5264,SINAI 26,PAQU2,5,
5265,SINAI 28,LONIC,5,
5266,SINAI 31,RUAL,5,
5267,SINAI 8,TORA2,5,
5268,SINAI 8,PAQU2,5,
5269,SINAI 2,RUAL,6,
5270,SINAI 30,TORA2,7,
5271,SINAI 29,MIVI,8,
5272,SINAI 30,LONIC,8,
5273,SINAI 32,LONIC,8,
5274,SINAI 13,CEOR7,10,
5275,SINAI 26,LONIC,10,
5276,SINAI 26,RUBUS,10,
5277,SINAI 28,RUAL,10,
5278,SINAI 29,AMBR7,10,
5279,SINAI 5,LONIC,10,
5280,SINAI 8,LONIC,10,
5281,SINAI 32,HEHE,12,
5282,SINAI 28,FRAXI,15,
5283,SINAI 32,RUAL,15,
5284,SINAI 8,CEOR7,15,
5285,SINAI 10,Moss,20,
5286,SINAI 13,ROMU,20,
5287,SINAI 26,HAVI2,20,
5288,SINAI 3,EUPE3,20,
5289,SINAI 31,LONIC,20,
5290,SINAI 31,GECA7,20,
5291,SINAI 5,RUAL,20,
5292,SINAI 29,RUTH,25,
5293,SINAI 26,RUPH,30,
5294,SINAI 29,Unidentified Herb,30,
5295,SINAI 33,IPCA,30,
5296,SINAI 24,RUAL,35,
5297,SINAI 25,RUAL,35,
5298,SINAI 31,AMBR7,35,
5299,SINAI 33,AMBR7,35,
5300,SINAI 33,HAVI2,35,
5301,SINAI 3,LONIC,45,
5302,SINAI 34,LONIC,80,
5303,SINAI 1,LONIC,1,yes
5304,SINAI 1,PRSE2,1,yes
5305,SINAI 1,FRAXI,1,yes
5306,SINAI 1,OXALI,1,yes
5307,SINAI 1,AMBR7,1,yes
5308,SINAI 10,TORA2,1,yes
5309,SINAI 10,ACRU,1,yes
5310,SINAI 10,ULMUS,1,yes
5311,SINAI 11,AMBR7,1,yes
5312,SINAI 11,POPE2,1,yes
5313,SINAI 12,LITU,1,yes
5314,SINAI 12,POPE2,1,yes
5315,SINAI 13,SOAL6,1,yes
5316,SINAI 13,OXALI,1,yes
5317,SINAI 14,ACRU,1,yes
5318,SINAI 14,AMBR7,1,yes
5319,SINAI 14,VIAC,1,yes
5320,SINAI 14,PRSE2,1,yes
5321,SINAI 15,FRAXI,1,yes
5322,SINAI 15,TORA2,1,yes
5323,SINAI 16,LITU,1,yes
5324,SINAI 16,ULMUS,1,yes
5325,SINAI 16,LONIC,1,yes
5326,SINAI 17,VIAC,1,yes
5327,SINAI 17,LITU,1,yes
5328,SINAI 17,ACRU,1,yes
5329,SINAI 18,LITU,1,yes
5330,SINAI 18,ACRU,1,yes
5331,SINAI 19,ACRU,1,yes
5332,SINAI 19,SMILA2,1,yes
5333,SINAI 19,FRPE,1,yes
5334,SINAI 2,IPCA,1,yes
5335,SINAI 2,LITU,1,yes
5336,SINAI 20,LONIC,1,yes
5337,SINAI 20,ACRU,1,yes
5338,SINAI 20,FAGR,1,yes
5339,SINAI 20,AMBR7,1,yes
5340,SINAI 21,ACRU,1,yes
5341,SINAI 21,PAQU2,1,yes
5342,SINAI 21,LITU,1,yes
5343,SINAI 21,TORA2,1,yes
5344,SINAI 21,BAMBU,1,yes
5345,SINAI 22,AMBR7,1,yes
5346,SINAI 22,CEOR7,1,yes
5347,SINAI 23,AMBR7,1,yes
5348,SINAI 23,ACRU,1,yes
5349,SINAI 23,LITU,1,yes
5350,SINAI 23,QUAL,1,yes
5351,SINAI 23,RUBUS,1,yes
5352,SINAI 25,PAQU2,1,yes
5353,SINAI 25,ARISA,1,yes
5354,SINAI 25,SMILA2,1,yes
5355,SINAI 28,PAQU2,1,yes
5356,SINAI 28,SASSA,1,yes
5357,SINAI 29,LONIC,1,yes
5358,SINAI 29,FRAGA,1,yes
5359,SINAI 29,PAQU2,1,yes
5360,SINAI 30,PAQU2,1,yes
5361,SINAI 31,TARAX,1,yes
5362,SINAI 32,CEOR7,1,yes
5363,SINAI 33,LONIC,1,yes
5364,SINAI 34,TORA2,1,yes
5365,SINAI 34,HEHE,1,yes
5366,SINAI 34,PAQU2,1,yes
5367,SINAI 34,FRAGA,1,yes
5368,SINAI 4,TORA2,1,yes
5369,SINAI 4,PAQU2,1,yes
5370,SINAI 4,PRSE2,1,yes
5371,SINAI 4,AMBR7,1,yes
5372,SINAI 5,AMBR7,1,yes
5373,SINAI 6,PAQU2,1,yes
5374,SINAI 6,LONIC,1,yes
5375,SINAI 6,AMBR7,1,yes
5376,SINAI 7,Unidentified Herb,1,yes
5377,SINAI 9,VITIS,1,yes
5378,SINAI 6,ROMU,1,yes
5832,SW 4,HEHE,80,
5833,SW 4,PAQU2,5,
5834,SW 5,SOLID,15,
5835,SW 5,ROMU,40,
5836,SW 5,HEHE,15,
5837,SW 5,PAQU2,5,
5838,SW 5,VIRI,20,
5839,SW 5,LOJA,5,
5840,SW 6,TORA2,60,
5841,SW 6,PAQU2,5,
5842,SW 6,HEHE,10,
5843,SW 6,IPPU2,5,
5844,SW 8,SMILA2,15,
5845,SW 8,HEHE,40,
5846,SW 8,LOJA,10,
5847,SW 9,SMILA2,30,
5848,SW 9,LOJA,10,
5849,SW 9,HEHE,8,
5850,SW 9,SAAL5,2,
5851,SW 10,HEHE,1,
5852,SW 10,TORA2,1,yes
5853,SW 10,VIRI,1,yes
5854,SW 10,PAQU2,1,yes
5855,SW 10,PRSE2,3,
5856,SW 11,GLHE2,30,
5857,SW 11,LOJA,15,
5858,SW 11,HEHE,10,
5859,SW 11,CASE13,20,
5860,SW 11,VIRI,15,
5861,SW 12,TORA2,25,
5862,SW 12,SMILA2,15,
5863,SW 12,ALPE4,3,
5864,SW 12,PAQU2,2,
5865,SW 12,LOJA,15,
5866,SW 12,HEHE,20,
5867,SW 13,HEHE,85,
5868,SW 13,CLTE4,5,
5869,SW 13,VIRI,5,
5870,SW 14,CALU5,10,
5871,SW 14,IMCA,10,
5872,SW 14,ROMU,10,
5873,SW 14,VIRI,3,
5874,SW 14,SOCA6,25,
5875,SW 14,LIBE3,10,
5876,SW 14,CASE13,2,
5877,NMN 1,VIRI,15,
5878,NMN 1,HEHE,5,
5879,NMN 1,AMAR2,30,
5880,NMN 1,ROMU,15,
5881,NMN 1,MOAL,20,
5882,NMN 1,TAOF,1,
5883,NMN 1,ASCA,1,
5884,NMN 1,GLHE2,2,
5885,NMN 1,POA,10,
5886,NMN 1,LOJA,1,
5887,NMN 2,VIRI,15,
5888,NMN 2,LOJA,40,
5889,NMN 2,DUIN2,5,
5890,NMN 2,VIMI2,15,
5891,NMN 2,MORU,15,
5892,NMN 3,SEVA4,50,
5893,NMN 3,PRSE2,1,
5894,NMN 3,GLHE2,10,
5895,NMN 3,TAOF,1,yes
5896,NMN 3,VIRI,2,
5897,NMN 3,VIMI2,5,
5898,NMN 3,VIOLA,25,
5899,NMN 3,DUIN2,1,yes
5900,NMN 3,ELRE4,1,
5901,NMN 3,POA,3,
5902,NMN 3,HEHE,1,
5963,FF 6,ROMU,25,
5964,FF 6,HEHE,30,
5965,FF 6,LOJA,15,
5966,FF 6,CAGL8,10,
5967,FF 6,MOAL,10,
5968,FF 9,HEHE,60,
5969,FF 9,PAQU2,5,
5970,FF 7,CILU,5,
5971,FF 7,HEHE,43,
5972,FF 7,LOJA,15,
5973,FF 7,FRAM2,10,
5974,FF 7,VIRI,2,
5975,FF 3,Moss,16,
5976,FF 3,LOJA,10,
5977,FF 3,PRSE2,5,
5978,FF 3,ACPA2,1,yes
5979,FF 3,HEHE,10,
5980,FF 3,VISO,5,
5981,FF 3,ACRU,10,
5982,FF 3,MORU,1,
5983,FF 3,PAQU2,1,
5984,FF 3,VIRI,1,yes
5985,FF 3,HEMER,1,
5986,FF 1,HEHE,20,
5987,FF 1,TORA2,4,
5988,FF 1,ALPE4,1,yes
5989,FF 1,NYSY,2,
5990,FF 1,OXALI,1,yes
5991,FF 1,DESMO,3,
5992,FF 11,LOJA,8,
5993,FF 11,NYSY,5,
5994,FF 11,ALPE4,7,
5995,FF 11,HEHE,25,
5996,FF 11,VIDE,5,
5997,FF 2,HEHE,25,
5998,FF 2,TORA2,10,
5999,FF 2,SMILA2,4,
6000,FF 2,ROMU,4,
6001,FF 6,TORA2,7,
6002,FF 6,LOJA,12,
6003,FF 6,DESMO,3,
6004,FF 6,CAGL8,3,
6005,FF 6,VISO,2,
6006,FF 6,ACRU,3,
6007,FF 5,LOJA,25,
6008,FF 5,HEHE,55,
6009,FF 5,TORA2,5,
6010,FF 13,TORA2,14,
6011,FF 13,PHAM4,1,
6012,FF 13,MOAL,25,
6013,FF 14,ALJU,8,
6014,FF 14,ALPE4,50,
6015,FF 14,HEHE,7,
6016,FF 14,LOJA,5,
6017,BEL 1,SOLID,60,
6018,BEL 1,ACPL,20,
6019,BEL 1,LOJA,8,
6020,BEL 1,HEHE,2,
6021,BEL 2,HEHE,25,
6022,WG 5,PLMA2,5,
6023,WG 5,HEHE,3,
6024,WG 5,SOLID,20,
6025,WG 5,GECA7,20,
6026,WG 5,VIRI,4,
6027,WG 5,GLHE2,5,
6028,WG 5,TRRE3,1,
6029,WG 5,SOOL,1,yes
6030,WG 5,CEOR7,1,
6031,WG 5,AMBR7,1,yes
6032,WG 5,WISI,10,
6033,WG 4,HETU,80,
6034,WG 4,VIRI,20,
6035,WG 3,QUMO4,1,yes
6036,WG 3,WISI,15,
6037,WG 3,HEHE,45,
6038,WG 2,PHAM4,20,
6039,WG 2,VIRI,30,
6040,WG 2,PLMA2,2,
6041,WG 2,SODU,20,
6042,WG 2,POPE2,7,
6043,WG 2,DUIN2,1,
6044,WG 2,MIVI,1,yes
6049,Knoll 5,LOJA,15,
6050,Knoll 5,PAQU2,2,
6051,Knoll 5,HEHE ,3,
6052,Knoll 5,CACO15,5,
6053,Knoll 6,LOJA,15,
6054,Knoll 6,PAQU2,2,
6055,Knoll 6,HEHE ,3,
6056,Knoll 6,CACO15,5,
6057,Knoll 7,LOJA,25,
6058,Knoll 7 ,CACO15,1,
6059,Knoll 7 ,FRAM2,7,
6060,Knoll 7 ,ALPE4,5,
6061,Knoll 8,TRRE3,5,
6062,Knoll 8,Turf,15,
6063,Knoll 8,Moss,30,
6064,Knoll 9,PAQU2,1,
6065,Knoll 9,HEHE ,1,
6066,Knoll 9,LOJA,1,
6067,Knoll 10,LOJA,40,
6068,Knoll 10,HEHE ,10,
6069,Knoll 11,LOJA,70,
6070,Knoll 11,HEHE ,10,
6071,Knoll 12,COFL,20,
6072,Knoll 12,LOJA,20,
6073,Knoll 12,TOXRA,2,
6074,Knoll 12,HEHE ,15,
6075,Knoll 15,LOJA,25,
6076,Knoll 15,PAQU2,1,
6077,Knoll 16,SAAL5,10,
6078,Knoll 16,LOJA,20,
6079,Knoll 16,HEHE ,2,
6080,Knoll 17,HEHE ,15,
6081,Knoll 17,RUOC,25,
6082,Knoll 17,LOJA,10,
6083,Knoll 17,VIAC,2,
6084,Knoll 17,MALUS,10,
6085,Knoll 17,FRPE,1,
6086,Knoll 18,HEHE,70,
6087,Knoll 18,PAQU2,15,
6088,Knoll 18,Unidentified Herb,5,
6089,Knoll 18,VIAC,1,
6090,Knoll 19,HEHE,8,
6091,Knoll 19,PAQU2,1,
6092,Knoll 19,VIAC,3,
6093,Knoll 19, LITU,1,
6094,Knoll 19,PRNAV,1,
6095,Knoll 19,AMAR3,1,
6096,Knoll 20,ALPE4,20,
6097,Knoll 20,HEHE,15,
6098,Knoll 20, FAGR,1,
6099,Knoll 20,LOJA,12,
6100,Knoll 20,PAQU2,1,
6101,Knoll 20,TOXRA,1,
6102,Knoll 21,ALPE4,20,
6103,Knoll 21,FRVE,60,
6104,Knoll 21,POPE10,1,
6105,Knoll 21,OXAST,9,
6106,Knoll 22,PEFR,50,
6107,Knoll 22,POPE10,50,
6108,Knoll 23,HEHE,15,
6109,Knoll 23,PAQU2,5,
6110,Knoll 23,LOJA,8,
6111,Knoll 23,VIBDE,5,
6112,Knoll 23,VIBAC,5,
6113,Knoll 23,FAUGR,2,
6114,Knoll 24,FAUGR,2,
6115,Knoll 24,FRXPE,8,
6116,Knoll 24,LOJA,5,
6117,Knoll 24,VIAC,8,
6118,Knoll 24,HEHE,10,
6119,Knoll 24,ALPE4,5,
6120,Knoll 24,PAQU2,2,
6121,Knoll 25,HEHE,4,
6122,Knoll 25,POPE10,2,
6123,Knoll 25,LITU,1,
6124,Knoll 25,VIAC,3,
6125,Knoll 26,PAQU2,5,
6126,Knoll 26,LOJA,15,
6127,Knoll 26,HEHE,10,
6128,Knoll 27,VIMA,1,
6129,Knoll 28,VIAC,5,
6130,Knoll 29,VIMA,2,
6131,Knoll 29,COFL,2,
6132,Knoll 29,FAGR,21,
6133,Knoll 33,Moss,5,
6134,Knoll 33,Turf,2,
6135,Knoll 33,LOJA,2,
6136,Knoll 33,ACRU,1,
6137,Knoll 34,VIAC,55,
6138,Knoll 34,SAALS,4,
6139,Knoll 34,MORU,1,
6140,Knoll 37,VIBDE,5,
6141,Knoll 37,ROPS,2,
6142,Knoll 37,CACO15,2,
6143,Knoll 37,HEHE,15,
6144,Knoll 37,PAQU2,15,
6145,Knoll 37,FRVE,6,
6146,Knoll 37,LOJA,15,
6147,Knoll 38,Turf,28,
6148,Knoll 38,LOJA,15,
6149,Knoll 38,HEHE,10,
6150,Knoll 38,LITU,2,
6151,Knoll 42,POPE10,55,
6152,Knoll 42,AMBR7,10,
6153,Knoll 42, CIRALP,10,
6154,Knoll 42,AGAL5,5,
6155,Knoll 42,HEHE,5,
6156,Knoll 42,PAQU2,15,
6157,Knoll 43,HEHE,2,
6158,Knoll 43,PAQU2,1,
6159,Knoll 43,LIBE3,1,
6160,Knoll 43,VIAC,1,
6161,Knoll 43,VILE,8,
6162,Knoll 43,AMAR3,2,
6163,Knoll 44,PAQU2,1,
6164,Knoll 44,FRAM2 ,1,
6165,Knoll 44,CACO15,2,
6166,Knoll 44, ACRU,2,
6167,Knoll 44,HEHE,5,
6168,Knoll 44,LIBE3,5,
,Knoll 45,LOJA,1,
,Knoll 46,VIAC,5,
,Knoll 46,LOJA,1,
,Knoll 46,LIBE3,4,
,Knoll 47,PAQU2,4,
,Knoll 47,VIAC,3,
,Knoll 47, GLTR,1,
,Knoll 47,FRAM2 ,1,
,Knoll 47,AMAR3,1,
,Knoll 51,HEHE,5,
,Knoll 51,VIAC,1,
,Knoll 51,SMRO,3,
,Knoll 51,SAAL5,1,
,Knoll 52,SMRO,5,
,Knoll 52,HEHE,10,
,Knoll 52,LOJA,5,
,Knoll 52,Turf,5,
,Knoll 52,PRNAV,5,
,Knoll 53,Moss,5,
,Knoll 54,LOJA,5,
,Knoll 54,HEHE,20,
,Knoll 54,ALPE4 ,50,
,Knoll 55,HEHE,15,
,Knoll 55,PAQU2,5,
,Knoll 55,LOJA,10,
,Knoll 55,TOXRA,10,
 ,Knoll 56,TOXRA,10,
,Knoll 56,Turf,35,
,Knoll 58,FERN,5,
,Knoll 58, OSCI,1,
,Knoll 58,PAQU2,5,
,Knoll 58,TOXRA,1,
,Knoll 59,LOJA,20,
,Knoll 59,SMRO,15,
,Knoll 59,HEHE,15,
,Knoll 59,CACO15,5,
,Knoll 60,SMRO,30,
,Knoll 60,HEHE,1,
,Knoll 60,FRPE,1,
,Knoll 60,LOJA,18,
,Knoll 61,LOJA,30,
,Knoll 61,HEHE,10,
,Knoll 65,SMRO,5,
,Knoll 65,TOXRA,5,
,Knoll 65,HEHE,10,
,Knoll 65,LOJA,10,
6110,Tyrone St. Pt. 1,,,
6111,Tyrone St. Pt. 2,,,
6112,Tyrone St. Pt. 3,,,
6113,Tyrone St. Pt. 4,,,
6114,Tyrone St. Pt. 5,,,
6115,Tyrone St. Pt. 6,,,
6116,Tyrone St. Pt. 7,,,
6117,Tyrone St. Pt. 8,,,
6118,Tyrone St. Pt. 9,,,
6119,Tyrone St. Pt. 10,,,
6120,Tyrone St. Pt.11,,,
6121,Primson Ave Pt. 1,,,
6122,Primson Ave Pt. 2,,,
6123,Primson Ave Pt. 3,,,
6124,Primson Ave Pt. 4,,,
6125,Primson Ave Pt. 5,,,
6126,Primson Ave Pt. 6,,,
6127,Primson Ave Pt. 7,,,
6128,Primson Ave Pt. 8,,,
6129,Primson Ave Pt. 9,,,
6130, Leidig Rec Center Pt. 1,,,
6131,Leidig Rec Center Pt. 2,,,
6132,Leidig Rec Center Pt. 3,,,
6133,Leidig Rec Center Pt. 4,,,
6134,Leidig Rec Center Pt. 5,,,
6135,Leidig Rec Center Pt. 6,,,
6136,Leidig Rec Center Pt. 7,,,
6137,Leidig Rec Center Pt. 8,,,
6138,Leidig Rec Center Pt. 9 ,,,
6139,Leidig Rec Center Pt. 10,,,
6140,Leidig Rec Center Pt. 11,,,
6141,Leidig Rec Center Pt. 12,,,
6142,Leidig Rec Center Pt. 13,,,
6143,Leidig Rec Center Pt. 14,,,
6144,Loyola Northway Pt. 1,,,
6145,Loyola Northway Pt. 2,,,
6146,Loyola Northway Pt. 3,,,
6147,Loyola Northway Pt. 4,,,
6148,Loyola Northway Pt. 5,,,
6149,Loyola Northway Pt. 6,,,
6150,Ken Oak Rd Pt. 1,,,
6151,Ken Oak Rd Pt. 2,,,
6152,Ken Oak Rd Pt. 3,,,
6153,Ken Oak Rd Pt. 4,,,
6154,Hockley Rd. Pt. 1,,,
6155,Hockley Rd. Pt. 2,,,
6156,Hockley Rd. Pt. 3,,,
6157,Hockley Rd. Pt. 4,,,
6158,Hockley Rd. Pt. 5,,,
6159,Hockley Rd. Pt. 6,,,
6160,Hockley Rd. Pt. 7,,,
6161,Hockley Rd. Pt. 8,,,
6162,Hockley Rd. Pt. 9,,,
6163,Hockley Rd. Pt. 10,,,
6164,Hockley Rd. Pt. 11,,,
6165,Hockley Rd. Pt. 12,,,
6166,Hockley Rd. Pt. 13,,,
6167,Hockley Rd. Pt. 14,,,
6168,Hockley Rd. Pt. 15,,,
6169,Hockley Rd. Pt. 16,,,
6170,Hockley Rd. Pt. 17,,,
6171,Hockley Rd. Pt. 18,,,
6172,Hockley Rd. Pt. 19,,,
6173,Hockley Rd. Pt. 20,,,
6174,Hockley Rd. Pt. 21,,,
6175,Hockley Rd. Pt. 22,,,
6176,Stillmeadow Church Pt. 1,,,
6177,Stillmeadow Church Pt. 2,,,
6178,Stillmeadow Church Pt. 3,,,
6179,Stillmeadow Church Pt. 4,,,
6180,Stillmeadow Church Pt. 5,,,
6181,Stillmeadow Church Pt. 6,,,
6182,Stillmeadow Church Pt. 7,,,
6183,Stillmeadow Church Pt. 8,,,
6184,Stillmeadow Church Pt. 9,,,
6185,Stillmeadow Church Pt. 10,,,
6186,Stillmeadow Church Pt. 11,,,
6187,Stillmeadow Church Pt. 12,,,
6188,Stillmeadow Church Pt. 13,,,
6189,Stillmeadow Church Pt. 14,,,
6190,Stillmeadow Church Pt. 15,,,
6191,Stillmeadow Church Pt. 16,,,
6192,Stillmeadow Church Pt. 17,,,
6193,Stillmeadow Church Pt. 18,,,
6194,Stillmeadow Church Pt. 19,,,
6195,Stillmeadow Church Pt. 20,,,
6196,Stillmeadow Church Pt. 21,,,
6197,Stillmeadow Church Pt. 22,,,
6198,Stillmeadow Church Pt. 23,,,
6199,Stillmeadow Church Pt. 24,,,
6200,Stillmeadow Church Pt. 25,,,
6201,Stillmeadow Church Pt. 26,,,
6202,Stillmeadow Church Pt. 27,,,
6203,Stillmeadow Church Pt. 28,,,
6204,Stillmeadow Church Pt. 29,,,
6205,Stillmeadow Church Pt. 30,,,
6206,Stillmeadow Church Pt. 31,,,
6207,Stillmeadow Church Pt. 32,,,
6208,Stillmeadow Church Pt. 33,,,
6209,Stillmeadow Church Pt. 34,,,
6210,Stillmeadow Church Pt. 35,,,
6211,Stillmeadow Church Pt. 36,,,
6212,Stillmeadow Church Pt. 37,,,
6213,Stillmeadow Church Pt. 38,,,
6214,Stillmeadow Church Pt. 39,,,
6215,Stillmeadow Church Pt. 40,,,
6216,Stillmeadow Church Pt. 41,,,
6217,Stillmeadow Church Pt. 42,,,
6218,Forest Glen Plot 2/ Pt. 1,,,
6219,Forest Glen Plot 2/ Pt. 2,,,
6220,Forest Glen Plot 2/ Pt. 3,,,
6221,Forest Glen Plot 2/ Pt. 4,,,
6222,Forest Glen Plot 2/ Pt. 5,,,
6223,Forest Glen Plot 2/ Pt. 6,,,
6224,Forest Glen Plot 2/ Pt. 7,,,
6225,Forest Glen Plot 2/ Pt. 8,,,
6226,Forest Glen Plot 2/ Pt. 9,,,
6227,Forest Glen Plot 2/ Pt. 10,,,
6228,Forest Glen Plot 2/ Pt. 11,,,
6229,Forest Glen Plot 2/ Pt. 12,,,
6230,Forest Glen Plot 2/ Pt. 13,,,
6231,Forest Glen Plot 2/ Pt. 14,,,
6232,Forest Glen Plot 2/ Pt. 15,,,
6233,Forest Glen Plot 2/ Pt. 16,,,
6234,Forest Glen Plot 2/ Pt. 17,,,
6235,Forest Glen Plot 2/ Pt. 18,,,
6236,Forest Glen Plot 2/ Pt. 19,,,
6237,Forest Glen Plot 2/ Pt. 20,,,
6238,Forest Glen Plot 2/ Pt. 21,,,
6239,Forest Glen Plot 2/ Pt. 22,,,
6240,Forest Glen Plot 2/ Pt. 23,,,
6241,Forest Glen Plot 2/ Pt. 24,,,
6242,Forest Glen Plot 2/ Pt. 25,,,
6243,Forest Glen Plot 2/ Pt. 26,,,
6244,Forest Glen Plot 2/ Pt. 27,,,
6245,Forest Glen Plot 2/ Pt. 28,,,
6246,Forest Glen Plot 2/ Pt. 29,,,
6247,Forest Glen Plot 2/ Pt. 30,,,
6248,Forest Glen Plot 3/ Pt. 1,,,
6249,Forest Glen Plot 3/ Pt. 2,,,
6250,Forest Glen Plot 3/ Pt. 3,,,
6251,Forest Glen Plot 3/ Pt. 4,,,
6252,Forest Glen Plot 3/ Pt. 5,,,
6253,Forest Glen Plot 3/ Pt. 6,,,
6254,Forest Glen Plot 3/ Pt. 7,,,
6255,Forest Glen Plot 3/ Pt. 8,,,
6256,Forest Glen Plot 3/ Pt. 9,,,
6257,Forest Glen Plot 3/ Pt. 10,,,
6258,Forest Glen Plot 3/ Pt. 11,,,
6259,Forest Glen Plot 3/ Pt. 12,,,
6260,Forest Glen Plot 3/ Pt. 13,,,
6261,Forest Glen Plot 3/ Pt. 14,,,
6262,Forest Glen Plot 3/ Pt. 15,,,
6263,Forest Glen Plot 3/ Pt. 16,,,
6264,Forest Glen Plot 3/ Pt. 17,,,
6265,Forest Glen Plot 3/ Pt. 18,,,
6266,Forest Glen Plot 3/ Pt. 19,,,
6267,Forest Glen Plot 3/ Pt. 20,,,
6268,Forest Glen Plot 3/ Pt. 21,,,
6269,Forest Glen Plot 3/ Pt. 22,,,
6270,Forest Glen Plot 3/ Pt. 23,,,
6271,Forest Glen Plot 3/ Pt. 24,,,
6272,Forest Glen Plot 3/ Pt. 25,,,
6273,Forest Glen Plot 3/ Pt. 26,,,
6274,Forest Glen Plot 3/ Pt. 27,,,
6275,Forest Glen Plot 3/ Pt. 28,,,
6276,Forest Glen Plot 3/ Pt. 29,,,
6277,Forest Glen Plot 3/ Pt. 30,,,
6278,Forest Glen Plot 3/ Pt. 31,,,
6279,Forest Glen Plot 3/ Pt. 32,,,
6280,Forest Glen Plot 3/ Pt. 33,,,
6281,Forest Glen Plot 3/ Pt. 34,,,
6282,Forest Glen Plot 3/ Pt. 35,,,
6283,Forest Glen Plot 3/ Pt. 36,,,
6284,Forest Glen Plot 3/ Pt. 37,,,
6285,Forest Glen Plot 3/ Pt. 38,,,
6286,Forest Glen Plot 3/ Pt. 39,,,
6287,Forest Glen Plot 3/ Pt. 40,,,
6288,Forest Glen Plot 3/ Pt. 41,,,
6289,Forest Glen Plot 3/ Pt. 42,,,
6290,Village Square Pt. 1,,,
6291,Village Square Pt. 2,,,
6292,Village Square Pt. 3,,,
6293,Village Square Pt. 4,,,
6294,Village Square Pt. 5,,,
6295,Village Square Pt. 6,,,
6296,Village Square Pt. 7,,,
6297,Village Square Pt. 8,,,
6298,Village Square Pt. 9,,,
6299,Village Square Pt. 10,,,
6300,Village Square Pt. 11,,,
6301,Village Square Pt. 12,,,
6302,Village Square Pt. 13,,,
6303,Village Square Pt. 14,,,
6304,Village Square Pt. 15,,,
6305,Village Square Pt. 16,,,
6306,Village Square Pt. 17,,,
6307,Village Square Pt. 18,,,
6308,Village Square Pt. 19,,,
6309,Village Square Pt. 20,,,
6310,Village Square Pt. 21,,,
6311,Village Square Pt. 22,,,
6312,Village Square Pt. 23,,,
6313,Village Square Pt. 24,,,
6314,Village Square Pt. 25,,,
6315,Village Square Pt. 26,,,
6316,Village Square Pt. 27,,,
6317,Village Square Pt. 28,,,
6318,Village Square Pt. 29,,,
6319,Village Square Pt. 30,,,
6320,Village Square Pt. 31,,,
6321,Village Square Pt. 32,,,
6322,Village Square Pt. 33,,,
6323,Village Square Pt. 34,,,
6324,Village Square Pt. 35,,,
6325,Village Square Pt. 36,,,
6326,Village Square Pt. 37,,,
6327,Village Square Pt. 38,,,
6328,Village Square Pt. 39,,,
6329,Village Square Pt. 40,,,
6330,Village Square Pt. 41,,,
6331,Village Square Pt. 42,,,
6332,Village Square Pt. 43,,,
6333,Village Square Pt. 44,,,
6334,Village Square Pt. 45,,,
6335,Village Square Pt. 46,,,
6336,Village Square Pt. 47,,,
6337,Village Square Pt. 48,,,
6338,Village Square Pt. 49,,,
6339,Village Square Pt. 50,,,
6340,Village Square Pt. 51,,,
6341,Village Square Pt. 52,,,
6342,Village Square Pt. 53,,,
6343,Village Square Pt. 54,,,
6344,Village Square Pt. 55,,,
6345,Village Square Pt. 56,,,
6346,Village Square Pt. 57,,,
6347,Village Square Pt. 58,,,
6348,Village Square Pt. 59,,,
6349,Village Square Pt. 60,,,
6350,Village Square Pt. 61,,,
6351,Village Square Pt. 62,,,
6352,Todd Ave. Pt. 1 ,,,
