"","Augers2018BSampled","GC2018Sampled","Prism2018","PrismData2018BSampled","PrismPlants2018BSampled","PrismSoils2018BSampled","SoilPunch2018"
"Knoll 1",0,0,0,0,0,0,0
"Knoll 2",0,0,0,0,0,0,0
"Knoll 3",0,0,0,0,0,0,0
"Knoll 4",0,0,0,0,0,0,0
"Knoll 5",0,1,0,0,0,0,0
"Knoll 6",0,1,0,0,0,0,0
"Knoll 7",0,0,0,0,0,0,0
"Knoll 8",0,1,0,0,0,0,0
"Knoll 9",0,1,0,0,0,0,0
"Knoll 10",0,1,0,0,0,0,0
"Knoll 11",0,1,0,0,0,0,0
"Knoll 12",0,1,0,0,0,0,0
"Knoll 13",0,0,0,0,0,0,0
"Knoll 14",0,0,0,0,0,0,0
"Knoll 15",0,1,0,0,0,0,0
"Knoll 16",0,1,0,0,0,0,0
"Knoll 17",0,1,0,0,0,0,0
"Knoll 18",0,1,0,0,0,0,0
"Knoll 19",0,1,0,0,0,0,0
"Knoll 20",0,1,0,0,0,0,0
"Knoll 21",0,1,0,0,0,0,0
"Knoll 22",0,1,0,0,0,0,0
"Knoll 23",0,1,0,0,0,0,0
"Knoll 24",0,1,0,0,0,0,0
"Knoll 25",0,1,0,0,0,0,0
"Knoll 26",0,1,0,0,0,0,0
"Knoll 27",0,1,0,0,0,0,0
"Knoll 28",0,1,0,0,0,0,0
"Knoll 29",0,1,0,0,0,0,0
"Knoll 30",0,0,0,0,0,0,0
"Knoll 31",0,0,0,0,0,0,0
"Knoll 32",0,0,0,0,0,0,0
"Knoll 33",0,1,0,0,0,0,0
"Knoll 34",0,1,0,0,0,0,0
"Knoll 35",0,0,0,0,0,0,0
"Knoll 36",0,0,0,0,0,0,0
"Knoll 37",0,1,0,0,0,0,0
"Knoll 38",0,1,0,0,0,0,0
"Knoll 39",0,0,0,0,0,0,0
"Knoll 40",0,0,0,0,0,0,0
"Knoll 41",0,0,0,0,0,0,0
"Knoll 42",0,1,0,0,0,0,0
"Knoll 43",0,1,0,0,0,0,0
"Knoll 44",0,1,0,0,0,0,0
"Knoll 45",0,1,0,0,0,0,0
"Knoll 46",0,1,0,0,0,0,0
"Knoll 47",0,1,0,0,0,0,0
"Knoll 48",0,0,0,0,0,0,0
"Knoll 49",0,0,0,0,0,0,0
"Knoll 50",0,0,0,0,0,0,0
"Knoll 51",0,1,0,0,0,0,0
"Knoll 52",0,1,0,0,0,0,0
"Knoll 53",0,0,0,0,0,0,0
"Knoll 54",0,1,0,0,0,0,0
"Knoll 55",0,1,0,0,0,0,0
"Knoll 56",0,1,0,0,0,0,0
"Knoll 57",0,0,0,0,0,0,0
"Knoll 58",0,1,0,0,0,0,0
"Knoll 59",0,1,0,0,0,0,0
"Knoll 60",0,1,0,0,0,0,0
"Knoll 61",0,1,0,0,0,0,0
"Knoll 62",0,0,0,0,0,0,0
"Knoll 63",0,0,0,0,0,0,0
"Knoll 64",0,0,0,0,0,0,0
"Knoll 65",0,1,0,0,0,0,0
"Knoll 66",0,0,0,0,0,0,0
"TyroneSt 1",0,0,0,1,1,1,0
"TyroneSt 2",0,0,0,1,1,1,0
"TyroneSt 3",0,0,0,1,1,1,0
"TyroneSt 4",0,0,0,1,1,1,0
"TyroneSt 5",0,0,0,1,1,1,0
"TyroneSt 6",0,0,0,1,1,1,0
"TyroneSt 7",0,0,0,1,1,1,0
"TyroneSt 8",0,0,0,1,1,1,0
"TyroneSt 9",0,0,0,1,1,1,0
"TyroneSt 10",0,0,0,1,1,1,0
"TyroneSt 11",0,0,0,0,0,0,0
"Primson 1",0,0,0,1,1,1,0
"Primson 2",0,0,0,1,1,1,0
"Primson 3",0,0,0,1,1,1,0
"Primson 4",1,0,0,1,1,1,0
"Primson 5",0,0,0,1,1,1,0
"Primson 6",0,0,0,1,1,1,0
"Primson 7",0,0,0,1,1,1,0
"Primson 8",0,0,0,1,1,1,0
"Primson 9",0,0,0,1,1,1,0
"LeidigRec 1",0,0,0,1,1,1,0
"LeidigRec 2",0,0,0,1,1,1,0
"LeidigRec 3",0,0,0,1,1,1,0
"LeidigRec 4",0,0,0,1,1,1,0
"LeidigRec 5",0,0,0,1,1,1,0
"LeidigRec 6",0,0,0,1,1,1,0
"LeidigRec 7",0,0,0,1,1,1,0
"LeidigRec 8",0,0,0,1,1,1,0
"LeidigRec 9",0,0,0,0,0,0,0
"LeidigRec 10",0,0,0,1,1,1,0
"LeidigRec 11",0,0,0,1,1,1,0
"LeidigRec 12",0,0,0,1,1,1,0
"LeidigRec 13",0,0,0,1,1,1,0
"LeidigRec 14",0,0,0,1,1,1,0
"KenOak 1",0,0,0,1,1,1,0
"KenOak 2",1,0,0,1,1,1,0
"KenOak 3",0,0,0,1,1,1,0
"KenOak 4",0,0,0,1,1,1,0
"Stillmeadow 1",0,0,0,1,1,1,0
"Stillmeadow 2",0,0,0,1,1,1,0
"Stillmeadow 3",0,0,0,1,1,1,0
"Stillmeadow 4",0,0,0,1,1,1,0
"Stillmeadow 5",0,0,0,1,1,1,0
"Stillmeadow 6",0,0,0,1,1,1,0
"Stillmeadow 7",0,0,0,1,1,1,0
"Stillmeadow 8",0,0,0,1,1,1,0
"Stillmeadow 9",0,0,0,1,1,1,0
"Stillmeadow 10",1,0,0,1,1,1,0
"Stillmeadow 11",0,0,0,1,1,1,0
"Stillmeadow 12",0,0,0,1,1,1,0
"Stillmeadow 13",0,0,0,1,1,1,0
"Stillmeadow 14",0,0,0,1,1,1,0
"Stillmeadow 15",0,0,0,1,1,1,0
"Stillmeadow 16",0,0,0,1,1,1,0
"Stillmeadow 17",0,0,0,1,1,1,0
"Stillmeadow 18",0,0,0,1,1,1,0
"Stillmeadow 19",0,0,0,1,1,1,0
"Stillmeadow 20",0,0,0,1,1,1,0
"Stillmeadow 21",0,0,0,1,1,1,0
"Stillmeadow 22",0,0,0,1,1,1,0
"Stillmeadow 23",0,0,0,1,1,1,0
"Stillmeadow 24",0,0,0,1,1,1,0
"Stillmeadow 25",0,0,0,1,1,1,0
"Stillmeadow 26",0,0,0,1,1,1,0
"Stillmeadow 27",0,0,0,1,1,1,0
"Stillmeadow 28",0,0,0,1,1,1,0
"Stillmeadow 29",0,0,0,1,1,1,0
"Stillmeadow 30",0,0,0,1,1,1,0
"Stillmeadow 31",0,0,0,1,1,1,0
"Stillmeadow 32",0,0,0,1,1,1,0
"Stillmeadow 33",0,0,0,1,1,1,0
"Stillmeadow 34",0,0,0,1,1,1,0
"Stillmeadow 35",0,0,0,1,1,1,0
"Stillmeadow 36",0,0,0,1,1,1,0
"Stillmeadow 37",0,0,0,1,1,1,0
"Stillmeadow 38",0,0,0,1,1,1,0
"Stillmeadow 39",0,0,0,1,1,1,0
"Stillmeadow 40",0,0,0,1,1,1,0
"Stillmeadow 41",0,0,0,1,1,1,0
"Stillmeadow 42",0,0,0,0,1,1,0
"ForestGlen2 1",0,0,0,1,1,1,0
"ForestGlen2 2",0,0,0,1,1,1,0
"ForestGlen2 3",0,0,0,1,0,0,0
"ForestGlen2 4",0,0,0,1,1,1,0
"ForestGlen2 5",0,0,0,1,1,1,0
"ForestGlen2 6",0,0,0,1,1,1,0
"ForestGlen2 7",0,0,0,1,1,1,0
"ForestGlen2 8",0,0,0,1,1,1,0
"ForestGlen2 9",0,0,0,1,1,1,0
"ForestGlen2 10",0,0,0,1,1,1,0
"ForestGlen2 11",0,0,0,1,0,1,0
"ForestGlen2 12",0,0,0,1,0,1,0
"ForestGlen2 13",0,0,0,1,0,1,0
"ForestGlen2 14",0,0,0,1,0,1,0
"ForestGlen2 15",0,0,0,1,1,1,0
"ForestGlen2 16",0,0,0,1,0,1,0
"ForestGlen2 17",0,0,0,1,1,1,0
"ForestGlen2 18",0,0,0,1,1,1,0
"ForestGlen2 19",0,0,0,1,1,1,0
"ForestGlen2 20",0,0,0,1,1,1,0
"ForestGlen2 21",0,0,0,1,0,1,0
"ForestGlen2 22",0,0,0,1,0,1,0
"ForestGlen2 23",0,0,0,1,0,1,0
"ForestGlen2 24",0,0,0,1,0,1,0
"ForestGlen2 25",0,0,0,1,0,1,0
"ForestGlen2 26",0,0,0,1,0,1,0
"ForestGlen2 27",0,0,0,1,1,1,0
"ForestGlen2 28",0,0,0,1,1,1,0
"ForestGlen2 29",0,0,0,1,1,1,0
"ForestGlen2 30",0,0,0,1,0,1,0
"ForestGlen3 1",0,0,0,1,1,1,0
"ForestGlen3 2",0,0,0,1,1,1,0
"ForestGlen3 3",0,0,0,1,1,1,0
"ForestGlen3 4",0,0,0,1,0,1,0
"ForestGlen3 5",0,0,0,1,0,1,0
"ForestGlen3 6",0,0,0,1,1,1,0
"ForestGlen3 7",0,0,0,1,1,1,0
"ForestGlen3 8",0,0,0,1,1,1,0
"ForestGlen3 9",0,0,0,1,1,1,0
"ForestGlen3 10",0,0,0,1,1,1,0
"ForestGlen3 11",0,0,0,1,1,1,0
"ForestGlen3 12",0,0,0,1,0,1,0
"ForestGlen3 13",0,0,0,1,1,1,0
"ForestGlen3 14",0,0,0,1,1,1,0
"ForestGlen3 15",0,0,0,1,1,1,0
"ForestGlen3 16",0,0,0,1,1,1,0
"ForestGlen3 17",0,0,0,1,1,1,0
"ForestGlen3 18",0,0,0,1,1,1,0
"ForestGlen3 19",0,0,0,1,1,1,0
"ForestGlen3 20",0,0,0,1,1,1,0
"ForestGlen3 21",0,0,0,1,1,1,0
"ForestGlen3 22",0,0,0,1,0,1,0
"ForestGlen3 23",0,0,0,1,1,1,0
"ForestGlen3 24",0,0,0,1,1,1,0
"ForestGlen3 25",0,0,0,1,1,1,0
"ForestGlen3 26",0,0,0,1,1,1,0
"ForestGlen3 27",0,0,0,1,1,1,0
"ForestGlen3 28",0,0,0,1,1,1,0
"ForestGlen3 29",0,0,0,1,1,1,0
"ForestGlen3 30",0,0,0,1,0,1,0
"ForestGlen3 31",0,0,0,1,0,1,0
"ForestGlen3 32",0,0,0,1,0,1,0
"ForestGlen3 33",0,0,0,1,0,1,0
"ForestGlen3 34",0,0,0,1,0,1,0
"ForestGlen3 35",0,0,0,1,0,1,0
"ForestGlen3 36",0,0,0,1,0,1,0
"ForestGlen3 37",0,0,0,1,0,1,0
"ForestGlen3 38",0,0,0,1,0,1,0
"ForestGlen3 39",0,0,0,1,0,1,0
"ForestGlen3 40",0,0,0,1,0,1,0
"ForestGlen3 41",0,0,0,1,1,1,0
"ForestGlen3 42",0,0,0,1,1,1,0
"VillageSq 1",0,0,0,1,1,1,0
"VillageSq 2",0,0,0,1,1,1,0
"VillageSq 3",0,0,0,1,1,1,0
"VillageSq 4",0,0,0,1,1,1,0
"VillageSq 5",0,0,0,1,0,1,0
"VillageSq 6",0,0,0,1,1,1,0
"VillageSq 7",0,0,0,1,1,1,0
"VillageSq 8",0,0,0,1,1,1,0
"VillageSq 9",0,0,0,1,1,1,0
"VillageSq 10",1,0,0,1,1,1,0
"VillageSq 11",0,0,0,1,1,1,0
"VillageSq 12",0,0,0,1,1,1,0
"VillageSq 13",0,0,0,1,1,1,0
"VillageSq 14",0,0,0,1,1,1,0
"VillageSq 15",0,0,0,1,1,1,0
"VillageSq 16",0,0,0,1,1,1,0
"VillageSq 17",0,0,0,1,1,1,0
"VillageSq 18",0,0,0,1,1,1,0
"VillageSq 19",0,0,0,1,1,1,0
"VillageSq 20",0,0,0,1,1,1,0
"VillageSq 21",0,0,0,1,1,1,0
"VillageSq 22",0,0,0,1,1,1,0
"VillageSq 23",0,0,0,1,1,1,0
"VillageSq 24",0,0,0,1,1,1,0
"VillageSq 25",0,0,0,1,1,1,0
"VillageSq 26",0,0,0,1,1,1,0
"VillageSq 27",0,0,0,1,1,1,0
"VillageSq 28",0,0,0,1,1,1,0
"VillageSq 29",1,0,0,1,1,1,0
"VillageSq 30",0,0,0,1,1,1,0
"VillageSq 31",0,0,0,1,1,1,0
"VillageSq 32",0,0,0,1,1,1,0
"VillageSq 33",0,0,0,1,1,1,0
"VillageSq 34",0,0,0,1,1,1,0
"VillageSq 35",0,0,0,1,1,1,0
"VillageSq 36",0,0,0,1,1,1,0
"VillageSq 37",0,0,0,1,1,1,0
"VillageSq 38",0,0,0,1,1,1,0
"VillageSq 39",0,0,0,1,1,1,0
"VillageSq 40",0,0,0,1,1,1,0
"VillageSq 41",0,0,0,1,1,1,0
"VillageSq 42",0,0,0,1,1,1,0
"VillageSq 43",0,0,0,1,1,1,0
"VillageSq 44",0,0,0,1,1,1,0
"VillageSq 45",0,0,0,1,1,1,0
"VillageSq 46",0,0,0,1,1,1,0
"VillageSq 47",0,0,0,1,1,1,0
"VillageSq 48",0,0,0,1,1,1,0
"VillageSq 49",0,0,0,1,1,1,0
"VillageSq 50",0,0,0,1,1,1,0
"VillageSq 51",0,0,0,1,1,1,0
"VillageSq 52",0,0,0,1,1,1,0
"VillageSq 53",0,0,0,1,1,1,0
"VillageSq 54",0,0,0,1,1,1,0
"VillageSq 55",0,0,0,1,1,1,0
"VillageSq 56",0,0,0,1,1,1,0
"VillageSq 57",0,0,0,1,1,1,0
"VillageSq 58",0,0,0,1,1,1,0
"VillageSq 59",0,0,0,1,1,1,0
"VillageSq 60",0,0,0,1,1,1,0
"VillageSq 61",0,0,0,1,1,1,0
"VillageSq 62",0,0,0,1,1,1,0
"ToddAve 1",0,0,0,1,0,1,0
"ToddAve 2",0,0,0,1,0,1,0
"ToddAve 3",0,0,0,1,0,1,0
"ToddAve 4",0,0,0,1,0,1,0
"ToddAve 5",0,0,0,0,0,1,0
"ToddAve 6",0,0,0,0,0,0,0
"ToddAve 7",0,0,0,0,0,0,0
"ToddAve 8",0,0,0,0,0,0,0
"ToddAve 9",0,0,0,0,0,0,0
"ToddAve 10",0,0,0,0,0,0,0
"ToddAve 11",0,0,0,0,0,0,0
"ToddAve 12",0,0,0,0,0,0,0
"ToddAve 13",0,0,0,0,0,0,0
"ToddAve 14",0,0,0,0,0,0,0
"ToddAve 15",0,0,0,0,0,0,0
"ToddAve 16",0,0,0,0,0,0,0
"ToddAve 17",0,0,0,0,0,0,0
"ToddAve 18",0,0,0,0,0,0,0
"ToddAve 19",0,0,0,0,0,0,0
"ToddAve 20",0,0,0,0,0,0,0
"ToddAve 21",0,0,0,1,0,1,0
"ToddAve 22",0,0,0,1,0,1,0
"ToddAve 23",0,0,0,1,0,0,0
"ToddAve 24",0,0,0,1,0,0,0
"ToddAve 25",0,0,0,1,0,0,0
"ToddAve 26",0,0,0,0,0,0,0
"ToddAve 27",0,0,0,0,0,0,0
"ToddAve 28",0,0,0,0,0,0,0
"ToddAve 29",0,0,0,0,0,0,0
"ToddAve 30",0,0,0,0,0,0,0
"ToddAve 31",0,0,0,0,0,0,0
"ToddAve 32",0,0,0,0,0,0,0
"ToddAve 33",0,0,0,0,0,0,0
"ToddAve 34",0,0,0,0,0,0,0
"ToddAve 35",0,0,0,0,0,0,0
"ToddAve 36",0,0,0,0,0,0,0
"ToddAve 37",0,0,0,0,0,0,0
"ToddAve 38",0,0,0,0,0,0,0
"ToddAve 39",0,0,0,0,0,0,0
"ToddAve 40",0,0,0,0,0,0,0
"ToddAve 41",0,0,0,0,0,0,0
"ToddAve 42",0,0,0,0,0,0,0
"ToddAve 43",0,0,0,0,0,0,0
"ToddAve 44",0,0,0,1,0,1,0
"ToddAve 45",0,0,0,1,0,0,0
"ToddAve 46",0,0,0,0,0,0,0
"ToddAve 47",0,0,0,0,0,0,0
"ToddAve 48",0,0,0,0,0,0,0
"ToddAve 49",0,0,0,0,0,0,0
"ToddAve 50",0,0,0,0,0,0,0
"ToddAve 51",0,0,0,0,0,0,0
"ToddAve 52",0,0,0,0,0,0,0
"ToddAve 53",0,0,0,0,0,0,0
"ToddAve 54",0,0,0,0,0,0,0
"ToddAve 55",0,0,0,0,0,0,0
"ToddAve 56",0,0,0,0,0,0,0
"ToddAve 57",0,0,0,0,0,0,0
"ToddAve 58",0,0,0,0,0,0,0
"ToddAve 59",0,0,0,0,0,0,0
"ToddAve 60",0,0,0,0,0,0,0
"ToddAve 61",0,0,0,0,0,0,0
"ToddAve 62",0,0,0,0,0,0,0
"ToddAve 63",0,0,0,0,0,0,0
"ToddAve 64",0,0,0,0,0,0,0
"ToddAve 65",0,0,0,0,0,0,0
"ToddAve 66",0,0,0,0,0,0,0
"ToddAve 67",0,0,0,0,0,0,0
"ToddAve 68",0,0,0,0,0,0,0
"ToddAve 69",0,0,0,0,0,0,0
"ToddAve 70",0,0,0,0,0,0,0
"ToddAve 71",0,0,0,0,0,0,0
"ToddAve 72",0,0,0,0,0,0,0
"ToddAve 73",0,0,0,0,0,0,0
"ToddAve 74",0,0,0,0,0,0,0
"ToddAve 75",0,0,0,0,0,0,0
"ToddAve 76",0,0,0,0,0,0,0
"ToddAve 77",0,0,0,0,0,0,0
"ToddAve 78",0,0,0,0,0,0,0
"ToddAve 79",0,0,0,0,0,0,0
"ToddAve 80",0,0,0,0,0,0,0
"ToddAve 81",0,0,0,0,0,0,0
"ToddAve 82",0,0,0,0,0,0,0
"ToddAve 83",0,0,0,0,0,0,0
"ToddAve 84",0,0,0,0,0,0,0
"ToddAve 85",0,0,0,0,0,0,0
"ToddAve 86",0,0,0,0,0,0,0
"ToddAve 87",0,0,0,0,0,0,0
"ToddAve 88",0,0,0,0,0,0,0
"ToddAve 89",0,0,0,0,0,0,0
"ToddAve 90",0,0,0,0,0,0,0
"ToddAve 91",0,0,0,0,0,0,0
"ToddAve 92",0,0,0,0,0,0,0
"ToddAve 93",0,0,0,0,0,0,0
"ToddAve 94",0,0,0,0,0,0,0
"ToddAve 95",0,0,0,0,0,0,0
"ToddAve 96",0,0,0,0,0,0,0
"ToddAve 97",0,0,0,0,0,0,0
"ToddAve 98",0,0,0,0,0,0,0
"ToddAve 99",0,0,0,0,0,0,0
"ToddAve 100",0,0,0,0,0,0,0
"ToddAve 101",0,0,0,0,0,0,0
"ToddAve 102",0,0,0,0,0,0,0
"ToddAve 103",0,0,0,0,0,0,0
"ToddAve 104",0,0,0,0,0,0,0
"ToddAve 105",0,0,0,0,0,0,0
"ToddAve 106",0,0,0,0,0,0,0
"ToddAve 107",0,0,0,0,0,0,0
"ToddAve 108",0,0,0,0,0,0,0
"ToddAve 109",0,0,0,0,0,0,0
"ToddAve 110",0,0,0,0,0,0,0
"ToddAve 111",0,0,0,0,0,0,0
"ToddAve 112",0,0,0,0,0,0,0
"ToddAve 113",0,0,0,0,0,0,0
"ToddAve 114",0,0,0,0,0,0,0
"ToddAve 115",0,0,0,0,0,0,0
"ToddAve 116",0,0,0,0,0,0,0
"ToddAve 117",0,0,0,0,0,0,0
"ToddAve 118",0,0,0,0,0,0,0
"ToddAve 119",0,0,0,0,0,0,0
"ToddAve 120",0,0,0,0,0,0,0
"ToddAve 121",0,0,0,0,0,0,0
"ToddAve 122",0,0,0,0,0,0,0
"ToddAve 123",0,0,0,0,0,0,0
"ToddAve 124",0,0,0,0,0,0,0
"ToddAve 125",0,0,0,0,0,0,0
"ToddAve 126",0,0,0,0,0,0,0
"ToddAve 127",0,0,0,0,0,1,0
"ToddAve 128",0,0,0,0,0,0,0
"ToddAve 129",0,0,0,0,0,0,0
"ToddAve 130",0,0,0,0,0,0,0
"ToddAve 131",0,0,0,0,0,0,0
"ToddAve 132",0,0,0,0,0,0,0
"ToddAve 133",0,0,0,0,0,0,0
"ToddAve 134",0,0,0,0,0,0,0
"ToddAve 135",0,0,0,0,0,0,0
"ToddAve 136",0,0,0,0,0,0,0
"ToddAve 137",0,0,0,0,0,0,0
"ToddAve 138",0,0,0,0,0,0,0
"ToddAve 139",0,0,0,0,0,0,0
"ToddAve 140",0,0,0,0,0,0,0
"ToddAve 141",0,0,0,0,0,0,0
"ToddAve 142",0,0,0,0,0,0,0
"ToddAve 143",0,0,0,0,0,0,0
"ToddAve 144",0,0,0,0,0,0,0
"ToddAve 145",0,0,0,0,0,0,0
"ToddAve 146",0,0,0,0,0,0,0
"ToddAve 147",0,0,0,0,0,0,0
"ToddAve 148",0,0,0,0,0,0,0
"ToddAve 149",0,0,0,0,0,0,0
"ToddAve 150",0,0,0,0,0,0,0
"ToddAve 151",0,0,0,0,0,0,0
"ToddAve 152",0,0,0,0,0,0,0
"ToddAve 153",0,0,0,0,0,0,0
"ToddAve 154",0,0,0,0,0,0,0
"ToddAve 155",0,0,0,0,0,0,0
"ToddAve 156",0,0,0,0,0,0,0
"ToddAve 157",0,0,0,0,0,0,0
"ToddAve 158",0,0,0,0,0,0,0
"ToddAve 159",0,0,0,0,0,0,0
"ToddAve 160",0,0,0,0,0,0,0
"ToddAve 161",0,0,0,0,0,0,0
"ToddAve 162",0,0,0,0,0,0,0
"ToddAve 163",0,0,0,0,0,0,0
"ToddAve 164",0,0,0,0,0,0,0
"ToddAve 165",0,0,0,0,0,0,0
"ToddAve 166",0,0,0,0,0,0,0
"ToddAve 167",0,0,0,0,0,0,0
"ToddAve 168",0,0,0,0,0,0,0
"ToddAve 169",0,0,0,0,0,0,0
"AH 1",0,1,1,0,0,0,1
"AH 10",0,1,1,0,0,0,0
"AH 11",0,1,1,0,0,0,0
"AH 12",0,1,1,0,0,0,1
"AH 13",0,1,1,0,0,0,0
"AH 14",0,1,1,0,0,0,1
"AH 15",0,1,1,0,0,0,0
"AH 16",0,1,1,0,0,0,0
"AH 17",0,1,1,0,0,0,0
"AH 2",0,1,1,0,0,0,0
"AH 3",0,1,1,0,0,0,0
"AH 4",0,1,1,0,0,0,1
"AH 5",0,1,1,0,0,0,0
"AH 6",0,1,1,0,0,0,0
"AH 7",0,1,1,0,0,0,1
"AH 8",0,1,1,0,0,0,1
"AH 9",0,1,1,0,0,0,0
"BEL 1",0,1,1,0,0,0,1
"BEL 2",0,1,1,0,0,0,1
"FF 1",0,1,1,0,0,0,1
"FF 11",0,1,1,0,0,0,1
"FF 12",0,0,1,0,0,0,1
"FF 13",0,1,1,0,0,0,1
"FF 14",0,1,1,0,0,0,1
"FF 2",0,1,1,0,0,0,1
"FF 3",0,1,1,0,0,0,1
"FF 4",0,0,1,0,0,0,1
"FF 5",0,1,1,0,0,0,1
"FF 6",0,1,1,0,0,0,1
"FF 7",0,1,1,0,0,0,0
"FF 9",0,1,1,0,0,0,1
"FRIENDS 1",0,1,1,0,0,0,1
"FRIENDS 10",0,1,1,0,0,0,1
"FRIENDS 11",0,1,1,0,0,0,1
"FRIENDS 12",0,1,1,0,0,0,1
"FRIENDS 13",0,1,1,0,0,0,1
"FRIENDS 14",0,1,1,0,0,0,1
"FRIENDS 15",0,1,1,0,0,0,1
"FRIENDS 16",0,1,1,0,0,0,1
"FRIENDS 17",0,1,1,0,0,0,1
"FRIENDS 2",0,1,1,0,0,0,0
"FRIENDS 3",0,1,1,0,0,0,0
"FRIENDS 4",0,1,1,0,0,0,0
"FRIENDS 5",0,1,1,0,0,0,1
"FRIENDS 6",0,1,1,0,0,0,0
"FRIENDS 7",0,1,1,0,0,0,1
"FRIENDS 8",0,1,1,0,0,0,0
"FRIENDS 9",0,1,1,0,0,0,0
"G 1",0,1,1,0,0,0,0
"G 2",0,1,1,0,0,0,0
"G 3",0,1,1,0,0,0,0
"GILMAN 1",0,1,1,0,0,0,1
"GILMAN 10",0,1,1,0,0,0,1
"GILMAN 11",0,0,1,0,0,0,0
"GILMAN 12",0,1,1,0,0,0,0
"GILMAN 13",0,1,1,0,0,0,1
"GILMAN 14",0,1,1,0,0,0,0
"GILMAN 15",0,1,1,0,0,0,1
"GILMAN 16",0,1,1,0,0,0,0
"GILMAN 17",0,1,1,0,0,0,0
"GILMAN 18",0,1,1,0,0,0,1
"GILMAN 19",0,1,1,0,0,0,1
"GILMAN 2",0,1,1,0,0,0,1
"GILMAN 20",0,1,1,0,0,0,0
"GILMAN 21",0,1,1,0,0,0,1
"GILMAN 22",0,1,1,0,0,0,1
"GILMAN 23",0,1,1,0,0,0,1
"GILMAN 24",0,1,1,0,0,0,0
"GILMAN 3",0,1,1,0,0,0,1
"GILMAN 4",0,1,1,0,0,0,1
"GILMAN 5",0,1,1,0,0,0,1
"GILMAN 6",0,1,1,0,0,0,1
"GILMAN 7",0,1,1,0,0,0,1
"GILMAN 8",0,1,1,0,0,0,1
"GILMAN 9",0,1,1,0,0,0,1
"GS 1",0,1,1,0,0,0,0
"GS 10",0,1,1,0,0,0,1
"GS 12",0,1,1,0,0,0,0
"GS 13",0,1,1,0,0,0,0
"GS 14",0,1,1,0,0,0,1
"GS 15",0,1,1,0,0,0,0
"GS 16",0,1,1,0,0,0,0
"GS 17",0,1,1,0,0,0,0
"GS 18",0,1,1,0,0,0,1
"GS 19",0,1,1,0,0,0,0
"GS 2",0,1,1,0,0,0,1
"GS 20",0,1,1,0,0,0,0
"GS 21",0,1,1,0,0,0,1
"GS 22",0,1,1,0,0,0,0
"GS 23",0,1,1,0,0,0,0
"GS 24",0,1,1,0,0,0,0
"GS 25",0,1,1,0,0,0,0
"GS 26",0,1,1,0,0,0,1
"GS 27",0,1,1,0,0,0,0
"GS 28",0,1,1,0,0,0,1
"GS 29",0,1,1,0,0,0,0
"GS 3",0,1,1,0,0,0,0
"GS 30",0,1,1,0,0,0,0
"GS 31",0,1,1,0,0,0,1
"GS 4",0,1,1,0,0,0,0
"GS 5",0,1,1,0,0,0,1
"GS 6",0,1,1,0,0,0,0
"GS 7",0,1,1,0,0,0,0
"GS 8",0,1,1,0,0,0,1
"GS 9",0,1,1,0,0,0,0
"HEPP 1",0,0,1,0,0,0,1
"HEPP 10",0,1,1,0,0,0,1
"HEPP 11",0,1,1,0,0,0,1
"HEPP 12",0,1,1,0,0,0,1
"HEPP 13",0,1,1,0,0,0,1
"HEPP 2",0,0,1,0,0,0,1
"HEPP 3",0,1,1,0,0,0,1
"HEPP 4",0,1,1,0,0,0,1
"HEPP 5",0,1,1,0,0,0,1
"HEPP 6",0,1,1,0,0,0,1
"HEPP 7",0,1,1,0,0,0,1
"HEPP 8",0,1,1,0,0,0,1
"HEPP 9",0,1,1,0,0,0,1
"HR 1",0,1,1,0,0,0,1
"HR 10",0,1,1,0,0,0,1
"HR 11",0,1,1,0,0,0,1
"HR 12",0,1,1,0,0,0,1
"HR 13",0,1,1,0,0,0,0
"HR 14",0,1,1,0,0,0,1
"HR 15",0,1,1,0,0,0,1
"HR 16",0,1,1,0,0,0,1
"HR 17",0,1,1,0,0,0,1
"HR 18",0,1,1,0,0,0,1
"HR 19",0,1,1,0,0,0,1
"HR 2",0,1,1,0,0,0,1
"HR 20",0,1,1,0,0,0,1
"HR 3",0,1,1,0,0,0,1
"HR 4",0,1,1,0,0,0,1
"HR 5",0,1,1,0,0,0,1
"HR 6",0,1,1,0,0,0,1
"HR 7",0,1,1,0,0,0,1
"HR 8",0,1,1,0,0,0,1
"HR 9",0,1,1,0,0,0,1
"JH 1",0,1,1,0,0,0,1
"JH 10",0,1,1,0,0,0,1
"JH 11",0,1,1,0,0,0,1
"JH 12",0,1,1,0,0,0,1
"JH 13",0,1,1,0,0,0,1
"JH 14",0,1,1,0,0,0,1
"JH 15",0,1,1,0,0,0,1
"JH 3",0,1,1,0,0,0,1
"JH 4",0,1,1,0,0,0,1
"JH 5",0,1,1,0,0,0,1
"JH 6",0,1,1,0,0,0,1
"JH 7",0,1,1,0,0,0,1
"JH 8",0,1,1,0,0,0,1
"JH 9",0,1,1,0,0,0,1
"JHU 1",0,1,1,0,0,0,0
"JHU 10",0,1,1,0,0,0,0
"JHU 11",0,1,1,0,0,0,1
"JHU 12",0,1,1,0,0,0,1
"JHU 13",0,1,1,0,0,0,1
"JHU 14",0,1,1,0,0,0,0
"JHU 16",0,1,1,0,0,0,0
"JHU 17",0,1,1,0,0,0,0
"JHU 18",0,1,1,0,0,0,0
"JHU 19",0,1,1,0,0,0,1
"JHU 2",0,1,1,0,0,0,0
"JHU 20",0,1,1,0,0,0,0
"JHU 21",0,1,1,0,0,0,0
"JHU 22",0,1,1,0,0,0,0
"JHU 23",0,1,1,0,0,0,1
"JHU 24",0,1,1,0,0,0,1
"JHU 25",0,1,1,0,0,0,0
"JHU 26",0,1,1,0,0,0,1
"JHU 27",0,1,1,0,0,0,0
"JHU 28",0,1,1,0,0,0,0
"JHU 29",0,1,1,0,0,0,1
"JHU 3",0,1,1,0,0,0,0
"JHU 30",0,1,1,0,0,0,0
"JHU 32",0,1,1,0,0,0,1
"JHU 33",0,1,1,0,0,0,0
"JHU 35",0,1,1,0,0,0,0
"JHU 36",0,1,1,0,0,0,0
"JHU 38",0,1,1,0,0,0,1
"JHU 39",0,1,1,0,0,0,0
"JHU 4",0,1,1,0,0,0,0
"JHU 40",0,1,1,0,0,0,0
"JHU 41",0,1,1,0,0,0,1
"JHU 42",0,1,1,0,0,0,0
"JHU 43",0,0,1,0,0,0,0
"JHU 44",0,1,1,0,0,0,0
"JHU 45",0,1,1,0,0,0,1
"JHU 46",0,1,1,0,0,0,1
"JHU 47",0,1,1,0,0,0,0
"JHU 48",0,1,1,0,0,0,0
"JHU 5",0,1,1,0,0,0,0
"JHU 50",0,1,1,0,0,0,1
"JHU 51",0,1,1,0,0,0,0
"JHU 52",0,1,1,0,0,0,0
"JHU 53",0,1,1,0,0,0,1
"JHU 54",0,1,1,0,0,0,0
"JHU 55",0,1,1,0,0,0,0
"JHU 56",0,1,1,0,0,0,1
"JHU 57",0,1,1,0,0,0,0
"JHU 58",0,1,1,0,0,0,0
"JHU 59",0,0,1,0,0,0,0
"JHU 6",0,1,1,0,0,0,1
"JHU 60",0,1,1,0,0,0,1
"JHU 61",0,1,1,0,0,0,0
"JHU 62",0,1,1,0,0,0,1
"JHU 63",0,1,1,0,0,0,0
"JHU 64",0,1,1,0,0,0,0
"JHU 7",0,1,1,0,0,0,0
"JHU 8",0,1,1,0,0,0,0
"JHU 9",0,1,1,0,0,0,1
"LOYOLA 10",0,1,1,0,0,0,1
"LOYOLA 12",0,1,1,0,0,0,1
"LOYOLA 14",0,1,1,0,0,0,0
"LOYOLA 16",0,0,1,0,0,0,1
"LOYOLA 18",0,1,1,0,0,0,1
"LOYOLA 2",0,1,1,1,1,1,0
"LOYOLA 20",0,1,1,0,0,0,0
"LOYOLA 22",0,1,1,0,0,0,1
"LOYOLA 24",0,1,1,0,0,0,1
"LOYOLA 26",0,1,1,0,0,0,1
"LOYOLA 30",0,1,1,0,0,0,0
"LOYOLA 34",0,1,1,0,0,0,1
"LOYOLA 36",0,1,1,0,0,0,1
"LOYOLA 4",1,1,1,1,1,1,1
"LOYOLA 40",0,1,1,0,0,0,0
"LOYOLA 42",0,1,1,0,0,0,0
"LOYOLA 52",0,1,1,0,0,0,1
"LOYOLA 54",0,1,1,0,0,0,0
"LOYOLA 56",0,1,1,0,0,0,1
"LOYOLA 58",0,1,1,0,0,0,1
"LOYOLA 6",0,1,1,1,1,1,0
"LOYOLA 60",0,1,1,0,0,0,1
"LOYOLA 62",0,1,1,0,0,0,0
"LOYOLA 64",0,1,1,0,0,0,1
"LOYOLA 8",0,1,1,0,0,0,1
"MDSB 10",0,1,1,0,0,0,1
"MDSB 11",0,1,1,0,0,0,1
"MDSB 12",0,1,1,0,0,0,1
"MDSB 13",0,1,1,0,0,0,1
"MDSB 14",0,1,1,0,0,0,0
"MDSB 15",0,1,1,0,0,0,0
"MDSB 16",0,1,1,0,0,0,1
"MDSB 17",0,1,1,0,0,0,0
"MDSB 18",0,1,1,0,0,0,0
"MDSB 19",0,1,1,0,0,0,1
"MDSB 2",0,1,1,0,0,0,1
"MDSB 20",0,1,1,0,0,0,0
"MDSB 21",0,1,1,0,0,0,0
"MDSB 22",0,1,1,0,0,0,1
"MDSB 23",0,1,1,0,0,0,0
"MDSB 24",0,1,1,0,0,0,0
"MDSB 25",0,1,1,0,0,0,1
"MDSB 26",0,1,1,0,0,0,0
"MDSB 27",0,1,1,0,0,0,0
"MDSB 28",0,1,1,0,0,0,1
"MDSB 29",0,1,1,0,0,0,0
"MDSB 3",0,1,1,0,0,0,1
"MDSB 30",0,1,1,0,0,0,0
"MDSB 31",0,1,1,0,0,0,1
"MDSB 32",0,1,1,0,0,0,0
"MDSB 33",0,1,1,0,0,0,0
"MDSB 34",0,1,1,0,0,0,1
"MDSB 35",0,1,1,0,0,0,0
"MDSB 36",0,1,1,0,0,0,0
"MDSB 37",0,1,1,0,0,0,1
"MDSB 38",0,1,1,0,0,0,0
"MDSB 39",0,1,1,0,0,0,0
"MDSB 4",0,1,1,0,0,0,1
"MDSB 40",0,1,1,0,0,0,1
"MDSB 41",0,1,1,0,0,0,0
"MDSB 42",0,1,1,0,0,0,0
"MDSB 43",0,1,1,0,0,0,1
"MDSB 44",0,1,1,0,0,0,0
"MDSB 45",0,1,1,0,0,0,1
"MDSB 46",0,1,1,0,0,0,0
"MDSB 47",0,1,1,0,0,0,0
"MDSB 48",0,1,1,0,0,0,1
"MDSB 49",0,1,1,0,0,0,0
"MDSB 5",0,1,1,0,0,0,1
"MDSB 6",0,1,1,0,0,0,1
"MDSB 7",0,1,1,0,0,0,1
"MDSB 8",0,1,1,0,0,0,0
"MDSB 9",0,1,1,0,0,0,1
"ND 1",0,1,1,0,0,0,1
"ND 12",0,1,1,0,0,0,1
"ND 13",0,1,1,0,0,0,1
"ND 14",0,1,1,0,0,0,1
"ND 18",0,1,1,0,0,0,1
"ND 19",0,1,1,0,0,0,0
"ND 22",0,1,1,0,0,0,1
"ND 23",0,1,1,0,0,0,1
"ND 24",0,1,1,0,0,0,1
"ND 25",0,1,1,0,0,0,0
"ND 28",0,1,1,0,0,0,1
"ND 30",0,1,1,0,0,0,1
"ND 32",0,0,1,0,0,0,0
"ND 34",0,1,1,0,0,0,1
"ND 37",0,1,0,0,0,0,1
"ND 38",0,1,1,0,0,0,1
"ND 4",0,1,1,0,0,0,1
"ND 5",0,1,1,0,0,0,1
"ND 7",0,1,1,0,0,0,1
"ND 9",0,1,1,0,0,0,1
"NMN 1",0,1,1,0,0,0,1
"NMN 2",0,1,1,0,0,0,1
"NMN 3",0,1,1,0,0,0,1
"RPCS 1",0,1,1,0,0,0,1
"RPCS 10",0,1,1,0,0,0,0
"RPCS 11",0,1,1,0,0,0,0
"RPCS 12",0,1,1,0,0,0,0
"RPCS 13",0,1,1,0,0,0,1
"RPCS 14",0,1,1,0,0,0,0
"RPCS 15",0,1,1,0,0,0,0
"RPCS 16",0,1,1,0,0,0,0
"RPCS 17",0,1,1,0,0,0,1
"RPCS 18",0,1,1,0,0,0,0
"RPCS 19",0,1,1,0,0,0,0
"RPCS 2",0,1,1,0,0,0,0
"RPCS 20",0,1,1,0,0,0,1
"RPCS 21",0,1,1,0,0,0,0
"RPCS 22",0,1,1,0,0,0,0
"RPCS 23",0,1,1,0,0,0,1
"RPCS 3",0,1,1,0,0,0,0
"RPCS 4",0,1,1,0,0,0,0
"RPCS 5",0,1,1,0,0,0,0
"RPCS 6",0,1,1,0,0,0,1
"RPCS 7",0,1,1,0,0,0,0
"RPCS 8",0,1,1,0,0,0,0
"RPCS 9",0,1,1,0,0,0,1
"SETON 1",0,1,1,0,0,0,0
"SETON 10",0,1,1,0,0,0,0
"SETON 11",0,1,1,0,0,0,0
"SETON 12",0,1,1,0,0,0,0
"SETON 13",0,1,1,0,0,0,1
"SETON 14",0,1,1,0,0,0,0
"SETON 15",0,0,1,0,0,0,1
"SETON 16",0,1,1,0,0,0,0
"SETON 17",0,1,1,0,0,0,1
"SETON 18",0,1,1,0,0,0,0
"SETON 19",0,1,1,0,0,0,0
"SETON 2",0,1,1,0,0,0,1
"SETON 20",0,1,1,0,0,0,1
"SETON 21",0,1,1,0,0,0,0
"SETON 22",0,1,1,0,0,0,0
"SETON 23",0,1,1,0,0,0,1
"SETON 24",0,1,1,0,0,0,0
"SETON 25",0,1,1,0,0,0,0
"SETON 26",0,1,1,0,0,0,1
"SETON 27",0,1,1,0,0,0,0
"SETON 28",0,1,1,0,0,0,0
"SETON 29",0,1,1,0,0,0,1
"SETON 3",0,0,1,0,0,0,0
"SETON 30",0,1,1,0,0,0,0
"SETON 31",0,1,1,0,0,0,0
"SETON 4",0,1,1,0,0,0,0
"SETON 5",0,1,1,0,0,0,0
"SETON 6",0,1,1,0,0,0,1
"SETON 7",0,1,1,0,0,0,0
"SETON 8",0,0,1,0,0,0,0
"SETON 9",0,1,1,0,0,0,1
"SGDW 1",0,1,1,0,0,0,1
"SGDW 10",0,1,1,0,0,0,1
"SGDW 11",0,1,1,0,0,0,1
"SGDW 12",0,1,1,0,0,0,1
"SGDW 2",0,1,1,0,0,0,1
"SGDW 3",0,1,1,0,0,0,1
"SGDW 4",0,1,1,0,0,0,1
"SGDW 5",0,1,1,0,0,0,1
"SGDW 6",0,1,1,0,0,0,1
"SGDW 7",0,1,1,0,0,0,1
"SGDW 8",0,1,1,0,0,0,1
"SGDW 9",0,1,1,0,0,0,1
"SINAI 1",0,1,1,0,0,0,0
"SINAI 10",0,1,1,0,0,0,0
"SINAI 11",0,1,1,0,0,0,0
"SINAI 12",0,1,1,0,0,0,0
"SINAI 13",0,1,1,0,0,0,1
"SINAI 14",0,1,1,0,0,0,0
"SINAI 15",0,1,1,0,0,0,0
"SINAI 16",0,1,1,0,0,0,1
"SINAI 17",0,1,1,0,0,0,0
"SINAI 18",0,1,1,0,0,0,0
"SINAI 19",0,1,1,0,0,0,1
"SINAI 2",0,1,1,0,0,0,0
"SINAI 20",0,1,1,0,0,0,0
"SINAI 21",0,1,1,0,0,0,0
"SINAI 22",0,1,1,0,0,0,0
"SINAI 23",0,1,1,0,0,0,1
"SINAI 24",0,1,1,0,0,0,0
"SINAI 25",0,1,1,0,0,0,0
"SINAI 26",0,1,1,0,0,0,1
"SINAI 27",0,1,1,0,0,0,1
"SINAI 28",0,1,1,0,0,0,0
"SINAI 29",0,1,1,0,0,0,0
"SINAI 3",0,1,1,0,0,0,0
"SINAI 30",0,1,1,0,0,0,0
"SINAI 31",0,1,1,0,0,0,1
"SINAI 32",0,1,1,0,0,0,0
"SINAI 33",0,1,1,0,0,0,0
"SINAI 34",0,1,1,0,0,0,1
"SINAI 4",0,1,1,0,0,0,1
"SINAI 5",0,1,1,0,0,0,0
"SINAI 6",0,1,1,0,0,0,0
"SINAI 7",0,1,1,0,0,0,1
"SINAI 8",0,1,1,0,0,0,0
"SINAI 9",0,1,1,0,0,0,1
"SW 10",0,1,1,0,0,0,1
"SW 11",0,1,1,0,0,0,0
"SW 12",0,1,1,0,0,0,1
"SW 13",0,1,1,0,0,0,1
"SW 14",0,1,0,0,0,0,1
"SW 4",0,1,1,0,0,0,1
"SW 5",0,1,1,0,0,0,1
"SW 6",0,1,1,0,0,0,1
"SW 8",0,1,1,0,0,0,1
"SW 9",0,1,1,0,0,0,1
"W 1",0,1,1,0,0,0,0
"W 2",0,1,1,0,0,0,0
"W 3",0,1,1,0,0,0,0
"W 4",0,1,1,0,0,0,0
"WG 2",0,1,1,0,0,0,1
"WG 3",0,1,1,0,0,0,1
"WG 4",0,1,1,0,0,0,1
"WG 5",0,1,1,0,0,0,0
"Hockley 1",0,0,0,1,1,1,0
"Hockley 2",0,0,0,1,1,1,0
"Hockley 3",0,0,0,1,1,1,0
"Hockley 4",0,0,0,1,1,1,0
"Hockley 5",0,0,0,1,1,1,0
"Hockley 6",1,0,0,1,1,1,0
"Hockley 7",0,0,0,1,1,1,0
"Hockley 8",0,0,0,1,1,1,0
"Hockley 9",0,0,0,1,1,1,0
"Hockley 10",0,0,0,1,1,1,0
"Hockley 11",0,0,0,1,1,1,0
"Hockley 12",0,0,0,1,1,1,0
"Hockley 13",0,0,0,1,1,1,0
"Hockley 14",0,0,0,1,1,1,0
"Hockley 15",0,0,0,1,1,1,0
"Hockley 16",0,0,0,1,1,1,0
"Hockley 17",0,0,0,1,1,1,0
"Hockley 18",0,0,0,1,1,1,0
"Hockley 19",0,0,0,1,1,1,0
"Hockley 20",0,0,0,1,1,1,0
"Hockley 21",0,0,0,1,1,1,0
