Plot Name/ Pt. #,Trees Name (1),Trees Name (2),"
Trees Name (3)","
Trees Name (4)","
Trees Name (5)","
Trees Name (6)","
Trees Name (7)",Trees Name (8),Trees Name (9),Trees Name (10),Trees Name (11),Trees Name (12),Trees Name (13),Trees Name (14),Trees Name (15),Trees Name (16),Tree Name (17),Tree Name (18),Tree Name (19),Tree 1 (Stem 1) Schumaker Scale,Tree 1 (Stem 2) Schumaker Scale,Tree 1 (Stem 3) Schumaker Scale,Tree 1 (Stem 4) Schumaker Scale,Tree 2 (Stem 1) Schumaker Scale,Tree 2 (Stem 2) Schumaker Scale,Tree 2 (Stem 3) Schumaker Scale,Tree 2 (Stem 4) Schumaker Scale,Tree 3 (Stem 1) Schumaker Scale,Tree 3 (Stem 2) Schumaker Scale,Tree 3 (Stem 3) Schumaker Scale,Tree 3 (Stem 4) Schumaker Scale,Tree 4 (Stem 1) Schumaker Scale,Tree 4 (Stem 2) Schumaker Scale,Tree 4 (Stem 3) Schumaker Scale,Tree 5 (Stem 1) Schumaker Scale,Tree 5 (Stem 2) Schumaker Scale,Tree 5 (Stem 3) Schumaker Scale,Tree 6 (Stem 1) Schumaker Scale,Tree 6 (Stem 2) Schumaker Scale,Tree 6 (Stem 3) Schumaker Scale,Tree 7 (Stem 1) Schumaker Scale,Tree 7 (Stem 2) Schumaker Scale,Tree 7 (Stem 3) Schumaker Scale,Tree 7 (Stem 4) Schumaker Scale,Tree 8 (Stem 1) Schumaker Scale,Tree 8 (Stem 2) Schumaker Scale,Tree 9 (Stem1) Schumaker Scale,Tree 9 (Stem 2) Schumaker Scale,Tree 9 (Stem 3) Schumaker Scale,Tree 10 (Stem 1) Schumaker Scale ,Tree 10 (Stem 2) Schumaker Scale,Tree 11 (Stem 1) Schumaker Scale ,Tree 11 (Stem 2) Schumaker Scale ,Tree 12 (Stem 1) Schumaker Scale,Tree 12 (Stem 2) Schumaker Scale,Tree 13 (Stem 1) Schumaker Scale ,Tree 14 (Stem 1) Schumaker Scale,Tree 15 (Stem 1) Schumaker Scale,Tree 16 (Stem 1) Schumaker Scale,Tree 17 (Stem 1) Schumaker Scale,Tree 18 (Stem 1) Schumaker Scale,Tree 19 (Stem 1) Schumaker Scale
Knoll Pt. 1,N/A,N/A,N/A,N/A,N/A,N/A,N/A,N/A,N/A,N/A,N/A,N/A,N/A,N/A,N/A,N/A,N/A,N/A,N/A,N/A,N/A,N/A,N/A,N/A,N/A,N/A,N/A,N/A,N/A,N/A,N/A,N/A,N/A,N/A,N/A,N/A,N/A,N/A,N/A,N/A,N/A,N/A,N/A,N/A,N/A,N/A,N/A,N/A,N/A,N/A,N/A,N/A,N/A,N/A,N/A,N/A,N/A,N/A,N/A,N/A,N/A,N/A
Knoll Pt. 2,N/A,N/A,N/A,N/A,N/A,N/A,N/A,N/A,N/A,N/A,N/A,N/A,N/A,N/A,N/A,N/A,N/A,N/A,N/A,N/A,N/A,N/A,N/A,N/A,N/A,N/A,N/A,N/A,N/A,N/A,N/A,N/A,N/A,N/A,N/A,N/A,N/A,N/A,N/A,N/A,N/A,N/A,N/A,N/A,N/A,N/A,N/A,N/A,N/A,N/A,N/A,N/A,N/A,N/A,N/A,N/A,N/A,N/A,N/A,N/A,N/A,N/A
Knoll Pt. 3,N/A,N/A,N/A,N/A,N/A,N/A,N/A,N/A,N/A,N/A,N/A,N/A,N/A,N/A,N/A,N/A,N/A,N/A,N/A,N/A,N/A,N/A,N/A,N/A,N/A,N/A,N/A,N/A,N/A,N/A,N/A,N/A,N/A,N/A,N/A,N/A,N/A,N/A,N/A,N/A,N/A,N/A,N/A,N/A,N/A,N/A,N/A,N/A,N/A,N/A,N/A,N/A,N/A,N/A,N/A,N/A,N/A,N/A,N/A,N/A,N/A,N/A
Knoll Pt. 4,N/A,N/A,N/A,N/A,N/A,N/A,N/A,N/A,N/A,N/A,N/A,N/A,N/A,N/A,N/A,N/A,N/A,N/A,N/A,N/A,N/A,N/A,N/A,N/A,N/A,N/A,N/A,N/A,N/A,N/A,N/A,N/A,N/A,N/A,N/A,N/A,N/A,N/A,N/A,N/A,N/A,N/A,N/A,N/A,N/A,N/A,N/A,N/A,N/A,N/A,N/A,N/A,N/A,N/A,N/A,N/A,N/A,N/A,N/A,N/A,N/A,N/A
Knoll Pt. 5,LITU,PRSE,QURU,PRSE,PRSE,MORU,PRSE,MORU,PRSE,ROPS,CAGL,PATO,PATO,FRAM,ACRU,LITU,FRPE,FRAM,FRAM,0,N/A,N/A,N/A,0,N/A,N/A,N/A,0,N/A,N/A,N/A,1,N/A,N/A,1,N/A,N/A,2,N/A,N/A,0,N/A,N/A,N/A,1,N/A,1,N/A,N/A,2,N/A,3,N/A,1,1,1,1,1,0,1,1,1
Knoll Pt. 6,ACRU,FRAM,PATO,PATO,MORU,CAGL,PATO,SAAL,SAAL,QURU,FAGR,QUAL,CACO,LITU,ROPS,CATO,N/A,N/A,N/A,2,2,1,2,1,N/A,N/A,N/A,2,N/A,N/A,N/A,1,N/A,N/A,2,N/A,N/A,2,2,N/A,1,N/A,N/A,N/A,1,N/A,1,N/A,N/A,1,N/A,1,N/A,1,N/A,1,1,1,0,N/A,N/A,N/A
Knoll Pt. 7 ,CATO,PRAV,QURU,CAGL,QURU,FAGR,FRPE,QUPH,QUPH,N/A,N/A,N/A,N/A,N/A,N/A,N/A,N/A,N/A,N/A,0,N/A,N/A,N/A,1,N/A,N/A,N/A,0,N/A,N/A,N/A,1,N/A,N/A,1,N/A,N/A,0,N/A,N/A,1,N/A,N/A,N/A,1,N/A,0,N/A,N/A,N/A,N/A,N/A,N/A,N/A,N/A,N/A,N/A,N/A,N/A,N/A,N/A,N/A
Knoll Pt. 8,QURU,QUCO,QUCO,QUPH,QUPH,QUPH,N/A,N/A,N/A,N/A,N/A,N/A,N/A,N/A,N/A,N/A,N/A,N/A,N/A,0,N/A,N/A,N/A,0,N/A,N/A,N/A,0,N/A,N/A,N/A,1,N/A,N/A,1,N/A,N/A,1,N/A,N/A,N/A,N/A,N/A,N/A,N/A,N/A,N/A,N/A,N/A,N/A,N/A,N/A,N/A,N/A,N/A,N/A,N/A,N/A,N/A,N/A,N/A,N/A
Knoll Pt. 9,CATO,ZDEAD,QURU,QURU,QUCO,QUPH,QUCO,QUCO,QURU,QUCO,QURU,QUCO,N/A,N/A,N/A,N/A,N/A,N/A,N/A,2,N/A,N/A,N/A,0,N/A,N/A,N/A,1,N/A,N/A,N/A,1,N/A,N/A,1,N/A,N/A,1,N/A,N/A,1,N/A,N/A,N/A,0,N/A,1,N/A,N/A,0,N/A,0,N/A,1,N/A,N/A,N/A,N/A,N/A,N/A,N/A,N/A
Knoll Pt. 10,QUAL,CAGL,QURU,QUCO,QUCO,FRPE,FAGR,PRSE,NYSY,QURU,QUCO,QURU,QUCO,QUAL,N/A,N/A,N/A,N/A,N/A,1,N/A,N/A,N/A,1,N/A,N/A,N/A,0,N/A,N/A,N/A,1,N/A,N/A,0,N/A,N/A,1,N/A,N/A,0,N/A,N/A,N/A,2,N/A,1,N/A,N/A,1,N/A,0,N/A,1,N/A,1,0,N/A,N/A,N/A,N/A,N/A
Knoll Pt. 11,QUAL,ACRU,FAGR,FAGR,ZDEAD,QUAL,FAGR,FAGR,CATO,FRAM,LITU,QURU,QUCO,PRSE,CACO,NYSY,FRPE,N/A,N/A,1,N/A,N/A,N/A,1,N/A,N/A,N/A,0,N/A,N/A,N/A,1,N/A,N/A,1,N/A,N/A,1,N/A,N/A,0,N/A,N/A,N/A,1,N/A,2,N/A,N/A,0,N/A,1,N/A,1,N/A,0,0,1,1,1,N/A,N/A
Knoll Pt. 12,LITU,QUAL,LITU,ACRU,PRSE,LITU,QURU,QUVE,FRAM,ACRU,CACO,COFL,PRSE,MORU,FRPE,CACO,QUAL,N/A,N/A,2,N/A,N/A,N/A,0,N/A,N/A,N/A,2,N/A,N/A,N/A,1,N/A,N/A,1,N/A,N/A,1,N/A,N/A,1,N/A,N/A,N/A,1,N/A,1,N/A,N/A,2,1,0,N/A,0,N/A,0,1,0,1,1,N/A,N/A
Knoll Pt. 13,N/A,N/A,N/A,N/A,N/A,N/A,N/A,N/A,N/A,N/A,N/A,N/A,N/A,N/A,N/A,N/A,N/A,N/A,N/A,N/A,N/A,N/A,N/A,N/A,N/A,N/A,N/A,N/A,N/A,N/A,N/A,N/A,N/A,N/A,N/A,N/A,N/A,N/A,N/A,N/A,N/A,N/A,N/A,N/A,N/A,N/A,N/A,N/A,N/A,N/A,N/A,N/A,N/A,N/A,N/A,N/A,N/A,N/A,N/A,N/A,N/A,N/A
Knoll Pt. 14,N/A,N/A,N/A,N/A,N/A,N/A,N/A,N/A,N/A,N/A,N/A,N/A,N/A,N/A,N/A,N/A,N/A,N/A,N/A,N/A,N/A,N/A,N/A,N/A,N/A,N/A,N/A,N/A,N/A,N/A,N/A,N/A,N/A,N/A,N/A,N/A,N/A,N/A,N/A,N/A,N/A,N/A,N/A,N/A,N/A,N/A,N/A,N/A,N/A,N/A,N/A,N/A,N/A,N/A,N/A,N/A,N/A,N/A,N/A,N/A,N/A,N/A
Knoll Pt. 15,NYSY,NYSY,ZDEAD,NYSY,NYSY,QURU,FRAM,NYSY,QURU,FRPE,NYSY,NYSY,N/A,N/A,N/A,N/A,N/A,N/A,N/A,1,N/A,N/A,N/A,0,N/A,N/A,N/A,0,N/A,N/A,N/A,0,N/A,N/A,0,N/A,N/A,0,N/A,N/A,1,1,0,1,0,N/A,1,N/A,N/A,0,N/A,0,N/A,1,N/A,N/A,N/A,N/A,N/A,N/A,N/A,N/A
Knoll Pt. 16,NYSY,FAGR,NYSY,LITU,PRSE,ZDEAD,NYSY,NYSY,NYSY,NYSY,N/A,N/A,N/A,N/A,N/A,N/A,N/A,N/A,N/A,0,N/A,N/A,N/A,0,N/A,N/A,N/A,1,N/A,N/A,N/A,1,N/A,N/A,1,N/A,N/A,1,N/A,N/A,1,N/A,N/A,N/A,1,N/A,0,N/A,N/A,1,N/A,N/A,N/A,N/A,N/A,N/A,N/A,N/A,N/A,N/A,N/A,N/A
Knoll Pt. 17,NYSY,CATO,NYSY,NYSY,FAGR,QUVE,LITU,QUAL,LITU,CATO,FAGR,N/A,N/A,N/A,N/A,N/A,N/A,N/A,N/A,1,N/A,N/A,N/A,1,N/A,N/A,N/A,1,N/A,N/A,N/A,2,N/A,N/A,1,N/A,N/A,1,N/A,N/A,2,N/A,N/A,N/A,1,N/A,1,N/A,N/A,N/A,N/A,N/A,N/A,N/A,N/A,N/A,N/A,N/A,N/A,N/A,N/A,N/A
Knoll Pt. 18,SAAL,LITU,ZDEAD,CATO,PRSE,LITU,NYSY,LITU,LITU,NYSY,FAGR,N/A,N/A,N/A,N/A,N/A,N/A,N/A,N/A,0,N/A,N/A,N/A,1,N/A,N/A,N/A,1,N/A,N/A,N/A,1,N/A,N/A,2,N/A,N/A,1,N/A,N/A,3,N/A,N/A,N/A,1,N/A,1,1,N/A,2,N/A,2,N/A,1,N/A,2,N/A,N/A,N/A,N/A,N/A,N/A
Knoll Pt. 19,QUAL,QURU,CATO,LITU,NYSY,NYSY,NYSY,FAGR,ZDEAD,QURU,LITU,N/A,N/A,N/A,N/A,N/A,N/A,N/A,N/A,1,N/A,N/A,N/A,1,N/A,N/A,N/A,2,N/A,N/A,N/A,1,N/A,N/A,1,N/A,N/A,1,N/A,N/A,1,N/A,N/A,N/A,0,N/A,1,N/A,N/A,1,N/A,1,N/A,N/A,N/A,N/A,N/A,N/A,N/A,N/A,N/A,N/A
Knoll Pt. 20,LITU,QURU,CACO,ZDEAD,QURU,QUCO,QUCO,QUCO,FRAM,PRSE,QUCO,N/A,N/A,N/A,N/A,N/A,N/A,N/A,N/A,1,1,N/A,N/A,0,N/A,N/A,N/A,1,N/A,N/A,N/A,0,N/A,N/A,0,N/A,N/A,0,N/A,N/A,3,N/A,N/A,N/A,1,N/A,1,1,N/A,1,N/A,1,1,N/A,N/A,N/A,N/A,N/A,N/A,N/A,N/A,N/A
Knoll Pt. 21,QUCO,QUCO,QUCO,QUCO,QUMA2,QUMA2,QUMA2,QUCO,N/A,N/A,N/A,N/A,N/A,N/A,N/A,N/A,N/A,N/A,N/A,0,N/A,N/A,N/A,0,N/A,N/A,N/A,1,N/A,N/A,N/A,1,N/A,N/A,1,N/A,N/A,0,N/A,N/A,0,N/A,N/A,N/A,1,N/A,N/A,N/A,N/A,N/A,N/A,N/A,N/A,N/A,N/A,N/A,N/A,N/A,N/A,N/A,N/A,N/A
Knoll Pt. 22,FRPE,QUCO,QUMA2,QUMA2,QUMA2,N/A,N/A,N/A,N/A,N/A,N/A,N/A,N/A,N/A,N/A,N/A,N/A,N/A,N/A,3,N/A,N/A,N/A,1,N/A,N/A,N/A,2,N/A,N/A,N/A,2,N/A,N/A,2,N/A,N/A,N/A,N/A,N/A,N/A,N/A,N/A,N/A,N/A,N/A,N/A,N/A,N/A,N/A,N/A,N/A,N/A,N/A,N/A,N/A,N/A,N/A,N/A,N/A,N/A,N/A
Knoll Pt. 23,PRAV,FRPE,QUAL,CAGL,QUMA2,CATO,QUCO,QUCO,NYSY,N/A,N/A,N/A,N/A,N/A,N/A,N/A,N/A,N/A,N/A,1,N/A,N/A,N/A,3,3,N/A,N/A,3,N/A,N/A,N/A,1,N/A,N/A,1,N/A,N/A,1,N/A,N/A,1,N/A,N/A,N/A,1,N/A,1,N/A,N/A,N/A,N/A,N/A,N/A,N/A,N/A,N/A,N/A,N/A,N/A,N/A,N/A,N/A
Knoll Pt. 24,FAGR,FAGR,FRPE,LITU,QUAL,QURU,LITU,QURU,FRPE,PATO,FRPE,PRSE,N/A,N/A,N/A,N/A,N/A,N/A,N/A,1,N/A,N/A,N/A,1,N/A,N/A,N/A,1,N/A,N/A,N/A,1,N/A,N/A,2,N/A,N/A,0,N/A,N/A,1,1,N/A,N/A,0,N/A,1,N/A,N/A,0,N/A,1,N/A,2,N/A,N/A,N/A,N/A,N/A,N/A,N/A,N/A
Knoll Pt. 25,FRPE,LITU,FAGR,FAGR,ZDEAD,SAAL,QUAL,QUAL,LITU,LITU,SAAL,NYSY,NYSY,NYSY,NYSY,N/A,N/A,N/A,N/A,1,N/A,N/A,N/A,1,N/A,N/A,N/A,1,N/A,N/A,N/A,0,N/A,N/A,1,N/A,N/A,1,N/A,N/A,1,N/A,N/A,N/A,1,N/A,1,1,N/A,0,N/A,1,N/A,1,N/A,1,0,2,N/A,N/A,N/A,N/A
Knoll Pt. 26,PRSE,ZDEAD,LITU,ACRU,NYSY,NYSY,QUAL,LITU,LITU,N/A,N/A,N/A,N/A,N/A,N/A,N/A,N/A,N/A,N/A,0,N/A,N/A,N/A,0,N/A,N/A,N/A,1,1,N/A,N/A,1,N/A,N/A,1,N/A,N/A,1,N/A,N/A,1,N/A,N/A,N/A,0,N/A,1,N/A,N/A,N/A,N/A,N/A,N/A,N/A,N/A,N/A,N/A,N/A,N/A,N/A,N/A,N/A
Knoll Pt. 27,NYSY,PRSE,PRSE,NYSY,PRSE,NYSY,FAGR,QUAL,LITU,NYSY,ACRU,NYSY,N/A,N/A,N/A,N/A,N/A,N/A,N/A,0,N/A,N/A,N/A,0,N/A,N/A,N/A,0,N/A,N/A,N/A,0,N/A,N/A,0,N/A,N/A,0,N/A,N/A,0,N/A,N/A,N/A,0,N/A,1,N/A,N/A,0,N/A,0,N/A,1,N/A,N/A,N/A,N/A,N/A,N/A,N/A,N/A
Knoll Pt. 28,LITU,QUAL,ACRU,ZDEAD,NYSY,FAGR,ZDEAD,NYSY,FAGR,NYSY,NYSY,N/A,N/A,N/A,N/A,N/A,N/A,N/A,N/A,1,N/A,N/A,N/A,0,N/A,N/A,N/A,0,N/A,N/A,N/A,0,N/A,N/A,0,N/A,N/A,1,N/A,N/A,0,N/A,N/A,N/A,0,N/A,0,N/A,N/A,0,N/A,1,N/A,N/A,N/A,N/A,N/A,N/A,N/A,N/A,N/A,N/A
Knoll Pt. 29,NYSY,FAGR,QURU,NYSY,QURU,QUAL,CACO,QURU,NYSY,NYSY,NYSY,LITU,QURU,N/A,N/A,N/A,N/A,N/A,N/A,1,N/A,N/A,N/A,0,N/A,N/A,N/A,0,N/A,N/A,N/A,0,N/A,N/A,0,N/A,N/A,0,N/A,N/A,0,N/A,N/A,N/A,1,N/A,1,N/A,N/A,1,N/A,0,N/A,1,N/A,2,N/A,N/A,N/A,N/A,N/A,N/A
Knoll Pt. 30,N/A,N/A,N/A,N/A,N/A,N/A,N/A,N/A,N/A,N/A,N/A,N/A,N/A,N/A,N/A,N/A,N/A,N/A,N/A,N/A,N/A,N/A,N/A,N/A,N/A,N/A,N/A,N/A,N/A,N/A,N/A,N/A,N/A,N/A,N/A,N/A,N/A,N/A,N/A,N/A,N/A,N/A,N/A,N/A,N/A,N/A,N/A,N/A,N/A,N/A,N/A,N/A,N/A,N/A,N/A,N/A,N/A,N/A,N/A,N/A,N/A,N/A
Knoll Pt. 31,N/A,N/A,N/A,N/A,N/A,N/A,N/A,N/A,N/A,N/A,N/A,N/A,N/A,N/A,N/A,N/A,N/A,N/A,N/A,N/A,N/A,N/A,N/A,N/A,N/A,N/A,N/A,N/A,N/A,N/A,N/A,N/A,N/A,N/A,N/A,N/A,N/A,N/A,N/A,N/A,N/A,N/A,N/A,N/A,N/A,N/A,N/A,N/A,N/A,N/A,N/A,N/A,N/A,N/A,N/A,N/A,N/A,N/A,N/A,N/A,N/A,N/A
Knoll Pt. 32,N/A,N/A,N/A,N/A,N/A,N/A,N/A,N/A,N/A,N/A,N/A,N/A,N/A,N/A,N/A,N/A,N/A,N/A,N/A,N/A,N/A,N/A,N/A,N/A,N/A,N/A,N/A,N/A,N/A,N/A,N/A,N/A,N/A,N/A,N/A,N/A,N/A,N/A,N/A,N/A,N/A,N/A,N/A,N/A,N/A,N/A,N/A,N/A,N/A,N/A,N/A,N/A,N/A,N/A,N/A,N/A,N/A,N/A,N/A,N/A,N/A,N/A
Knoll Pt. 33,QURU,QUCO,QUVE,QUPR,FAGR,QURU,LITU,QUVE,QURU,N/A,N/A,N/A,N/A,N/A,N/A,N/A,N/A,N/A,N/A,0,N/A,N/A,N/A,0,N/A,N/A,N/A,0,N/A,N/A,N/A,0,0,N/A,0,N/A,N/A,1,N/A,N/A,1,N/A,N/A,N/A,0,N/A,1,N/A,N/A,N/A,N/A,N/A,N/A,N/A,N/A,N/A,N/A,N/A,N/A,N/A,N/A,N/A
Knoll Pt. 34,QUAL,QURU,FAGR,NYSY,ZDEAD,LITU,QURU,QURU,QUPR,QUVE,N/A,N/A,N/A,N/A,N/A,N/A,N/A,N/A,N/A,0,N/A,N/A,N/A,0,N/A,N/A,N/A,0,N/A,N/A,N/A,0,N/A,N/A,0,N/A,N/A,0,N/A,N/A,0,N/A,N/A,N/A,0,N/A,0,0,N/A,N/A,N/A,N/A,N/A,N/A,N/A,N/A,N/A,N/A,N/A,N/A,N/A,N/A
Knoll Pt. 35,N/A,N/A,N/A,N/A,N/A,N/A,N/A,N/A,N/A,N/A,N/A,N/A,N/A,N/A,N/A,N/A,N/A,N/A,N/A,N/A,N/A,N/A,N/A,N/A,N/A,N/A,N/A,N/A,N/A,N/A,N/A,N/A,N/A,N/A,N/A,N/A,N/A,N/A,N/A,N/A,N/A,N/A,N/A,N/A,N/A,N/A,N/A,N/A,N/A,N/A,N/A,N/A,N/A,N/A,N/A,N/A,N/A,N/A,N/A,N/A,N/A,N/A
Knoll Pt. 36,N/A,N/A,N/A,N/A,N/A,N/A,N/A,N/A,N/A,N/A,N/A,N/A,N/A,N/A,N/A,N/A,N/A,N/A,N/A,N/A,N/A,N/A,N/A,N/A,N/A,N/A,N/A,N/A,N/A,N/A,N/A,N/A,N/A,N/A,N/A,N/A,N/A,N/A,N/A,N/A,N/A,N/A,N/A,N/A,N/A,N/A,N/A,N/A,N/A,N/A,N/A,N/A,N/A,N/A,N/A,N/A,N/A,N/A,N/A,N/A,N/A,N/A
Knoll Pt. 37,LITU,ZDEAD,ZDEAD,NYSY,ACRU,SAAL,NYSY,PRSE,FRAM,QUAL,QUAL,QUAL,QUAL,N/A,N/A,N/A,N/A,N/A,N/A,1,N/A,N/A,N/A,1,N/A,N/A,N/A,5,N/A,N/A,N/A,5,N/A,N/A,1,N/A,N/A,1,N/A,N/A,1,N/A,N/A,N/A,1,N/A,2,N/A,N/A,1,N/A,1,N/A,1,N/A,3,N/A,N/A,N/A,N/A,N/A,N/A
Knoll Pt. 38,QUAL,FRAM,PRSE,FAGR,LITU,PRSE,CATO,LITU,FAGR,FAGR,N/A,N/A,N/A,N/A,N/A,N/A,N/A,N/A,N/A,3,N/A,N/A,N/A,2,N/A,N/A,N/A,1,N/A,N/A,N/A,1,N/A,N/A,2,N/A,N/A,1,N/A,N/A,3,N/A,N/A,N/A,1,N/A,2,N/A,N/A,1,N/A,N/A,N/A,N/A,N/A,N/A,N/A,N/A,N/A,N/A,N/A,N/A
Knoll Pt. 39,N/A,N/A,N/A,N/A,N/A,N/A,N/A,N/A,N/A,N/A,N/A,N/A,N/A,N/A,N/A,N/A,N/A,N/A,N/A,N/A,N/A,N/A,N/A,N/A,N/A,N/A,N/A,N/A,N/A,N/A,N/A,N/A,N/A,N/A,N/A,N/A,N/A,N/A,N/A,N/A,N/A,N/A,N/A,N/A,N/A,N/A,N/A,N/A,N/A,N/A,N/A,N/A,N/A,N/A,N/A,N/A,N/A,N/A,N/A,N/A,N/A,N/A
Knoll Pt. 40,N/A,N/A,N/A,N/A,N/A,N/A,N/A,N/A,N/A,N/A,N/A,N/A,N/A,N/A,N/A,N/A,N/A,N/A,N/A,N/A,N/A,N/A,N/A,N/A,N/A,N/A,N/A,N/A,N/A,N/A,N/A,N/A,N/A,N/A,N/A,N/A,N/A,N/A,N/A,N/A,N/A,N/A,N/A,N/A,N/A,N/A,N/A,N/A,N/A,N/A,N/A,N/A,N/A,N/A,N/A,N/A,N/A,N/A,N/A,N/A,N/A,N/A
Knoll Pt. 41,N/A,N/A,N/A,N/A,N/A,N/A,N/A,N/A,N/A,N/A,N/A,N/A,N/A,N/A,N/A,N/A,N/A,N/A,N/A,N/A,N/A,N/A,N/A,N/A,N/A,N/A,N/A,N/A,N/A,N/A,N/A,N/A,N/A,N/A,N/A,N/A,N/A,N/A,N/A,N/A,N/A,N/A,N/A,N/A,N/A,N/A,N/A,N/A,N/A,N/A,N/A,N/A,N/A,N/A,N/A,N/A,N/A,N/A,N/A,N/A,N/A,N/A
Knoll Pt. 42,FRAM,CACO,LITU,FRAM,FRAM,MOAL,FRPE,MOAL,CACO,N/A,N/A,N/A,N/A,N/A,N/A,N/A,N/A,N/A,N/A,1,N/A,N/A,N/A,3,N/A,N/A,N/A,1,N/A,N/A,N/A,1,N/A,N/A,1,N/A,N/A,1,1,N/A,3,N/A,N/A,N/A,2,N/A,0,0,N/A,N/A,N/A,N/A,N/A,N/A,N/A,N/A,N/A,N/A,N/A,N/A,N/A,N/A
Knoll Pt. 43,FRPE,FRAM,PRSE,FRAM,CACO,QUAL,FRPE,PRAV,ACRU,CAGL,PRSE,PRSE,N/A,N/A,N/A,N/A,N/A,N/A,N/A,1,N/A,N/A,N/A,1,N/A,N/A,N/A,1,N/A,N/A,N/A,1,N/A,N/A,0,N/A,N/A,1,N/A,N/A,0,N/A,N/A,N/A,0,N/A,1,N/A,N/A,0,N/A,1,1,0,N/A,N/A,N/A,N/A,N/A,N/A,N/A,N/A
Knoll Pt. 44,PRSE,LITU,FRPE,PRSE,ZDEAD,PRAV,FAGR,LITU,FAGR,N/A,N/A,N/A,N/A,N/A,N/A,N/A,N/A,N/A,N/A,1,N/A,N/A,N/A,2,N/A,N/A,N/A,1,N/A,N/A,N/A,0,N/A,N/A,0,N/A,N/A,0,N/A,N/A,1,N/A,N/A,N/A,0,N/A,1,N/A,N/A,N/A,N/A,N/A,N/A,N/A,N/A,N/A,N/A,N/A,N/A,N/A,N/A,N/A
Knoll Pt. 45,FAGR,LITU,LITU,FAGR,ZDEAD,FRAM,FAGR,ACRU,QUAL,N/A,N/A,N/A,N/A,N/A,N/A,N/A,N/A,N/A,N/A,0,N/A,N/A,N/A,0,N/A,N/A,N/A,0,N/A,N/A,N/A,0,N/A,N/A,0,N/A,N/A,1,N/A,N/A,0,N/A,N/A,N/A,1,N/A,0,N/A,N/A,N/A,N/A,N/A,N/A,N/A,N/A,N/A,N/A,N/A,N/A,N/A,N/A,N/A
Knoll Pt. 46,FAGR,ZDEAD,ACRU,FAGR,QUAL,FAGR,SAAL,QUAL,LITU,PRSE,FAGR,FAGR,N/A,N/A,N/A,N/A,N/A,N/A,N/A,1,N/A,N/A,N/A,0,N/A,N/A,N/A,0,N/A,N/A,N/A,0,N/A,N/A,0,N/A,N/A,0,N/A,N/A,0,N/A,N/A,N/A,0,N/A,0,N/A,N/A,0,N/A,0,N/A,0,N/A,N/A,N/A,N/A,N/A,N/A,N/A,N/A
Knoll Pt. 47,QUAL,NYSY,ACRU,FAGR,QURU,CATO,NYSY,FAGR,NYSY,N/A,N/A,N/A,N/A,N/A,N/A,N/A,N/A,N/A,N/A,1,N/A,N/A,N/A,0,N/A,N/A,N/A,0,N/A,N/A,N/A,0,N/A,N/A,0,N/A,N/A,0,N/A,N/A,0,N/A,N/A,N/A,0,N/A,1,N/A,N/A,N/A,N/A,N/A,N/A,N/A,N/A,N/A,N/A,N/A,N/A,N/A,N/A,N/A
Knoll Pt. 48,QURU,FAGR,ZDEAD,FAGR,NYSY,FAGR,LITU,QURU,QUVE,CAGL,FAGR,N/A,N/A,N/A,N/A,N/A,N/A,N/A,N/A,0,N/A,N/A,N/A,1,N/A,N/A,N/A,1,N/A,N/A,N/A,0,0,0,0,N/A,N/A,0,N/A,N/A,1,N/A,N/A,N/A,0,N/A,0,N/A,N/A,0,N/A,0,N/A,N/A,N/A,N/A,N/A,N/A,N/A,N/A,N/A,N/A
Knoll Pt. 49,N/A,N/A,N/A,N/A,N/A,N/A,N/A,N/A,N/A,N/A,N/A,N/A,N/A,N/A,N/A,N/A,N/A,N/A,N/A,N/A,N/A,N/A,N/A,N/A,N/A,N/A,N/A,N/A,N/A,N/A,N/A,N/A,N/A,N/A,N/A,N/A,N/A,N/A,N/A,N/A,N/A,N/A,N/A,N/A,N/A,N/A,N/A,N/A,N/A,N/A,N/A,N/A,N/A,N/A,N/A,N/A,N/A,N/A,N/A,N/A,N/A,N/A
Knoll Pt. 50,N/A,N/A,N/A,N/A,N/A,N/A,N/A,N/A,N/A,N/A,N/A,N/A,N/A,N/A,N/A,N/A,N/A,N/A,N/A,N/A,N/A,N/A,N/A,N/A,N/A,N/A,N/A,N/A,N/A,N/A,N/A,N/A,N/A,N/A,N/A,N/A,N/A,N/A,N/A,N/A,N/A,N/A,N/A,N/A,N/A,N/A,N/A,N/A,N/A,N/A,N/A,N/A,N/A,N/A,N/A,N/A,N/A,N/A,N/A,N/A,N/A,N/A
Knoll Pt. 51,ROPS,QURU,LITU,FAGR,ZDEAD,QUVE,LITU,ROPS,PRSE,PRSE,LITU,N/A,N/A,N/A,N/A,N/A,N/A,N/A,N/A,0,N/A,N/A,N/A,2,N/A,N/A,N/A,1,N/A,N/A,N/A,1,N/A,N/A,1,N/A,N/A,0,N/A,N/A,1,N/A,N/A,N/A,2A,2A,3,N/A,N/A,2,2,1,N/A,N/A,N/A,N/A,N/A,N/A,N/A,N/A,N/A,N/A
Knoll Pt. 52,PRSE,PRSE,LITU,ACRU,QUAL,LITU,QUVE,FAGR,QURU,QURU,PRSE,QURU,N/A,N/A,N/A,N/A,N/A,N/A,N/A,1,N/A,N/A,N/A,1,N/A,N/A,N/A,1,N/A,N/A,N/A,1,N/A,N/A,0,N/A,N/A,0,N/A,N/A,0,N/A,N/A,N/A,0,N/A,1,N/A,N/A,1,N/A,2A,N/A,1,N/A,N/A,N/A,N/A,N/A,N/A,N/A,N/A
Knoll Pt. 53,FAGR,ZDEAD,FAGR,FAGR,CATO,ZDEAD,QURU,LITU,QUAL,ZDEAD,QURU,N/A,N/A,N/A,N/A,N/A,N/A,N/A,N/A,0,N/A,N/A,N/A,1,N/A,N/A,N/A,1,N/A,N/A,N/A,0,N/A,N/A,0,N/A,N/A,0,N/A,N/A,0,N/A,N/A,N/A,0,N/A,2,N/A,N/A,0,N/A,1,N/A,N/A,N/A,N/A,N/A,N/A,N/A,N/A,N/A,N/A
Knoll Pt. 54,PRSE,FAGR,PRSE,PRSE,FAGR,FAGR,LITU,LITU,PLOC,PRSE,ACRU,FRAM,LITU,N/A,N/A,N/A,N/A,N/A,N/A,0,0,N/A,N/A,0,N/A,N/A,N/A,0,N/A,N/A,N/A,0,N/A,N/A,1,N/A,N/A,1,N/A,N/A,3,N/A,N/A,N/A,1,N/A,1,N/A,N/A,1,N/A,1,N/A,1,N/A,1,N/A,N/A,N/A,N/A,N/A,N/A
Knoll Pt. 55,ACRU,ACRU,ZDEAD,FAGR,ACRU,FRAM,ACRU,ACRU,N/A,N/A,N/A,N/A,N/A,N/A,N/A,N/A,N/A,N/A,N/A,1,N/A,N/A,N/A,1,N/A,N/A,N/A,3,N/A,N/A,N/A,1,N/A,N/A,1,N/A,N/A,1,N/A,N/A,1,1,N/A,N/A,1,1,N/A,N/A,N/A,N/A,N/A,N/A,N/A,N/A,N/A,N/A,N/A,N/A,N/A,N/A,N/A,N/A
Knoll Pt. 56,PLOC,ACRU,ACRU,ACRU,ACRU,FRAM,FAGR,N/A,N/A,N/A,N/A,N/A,N/A,N/A,N/A,N/A,N/A,N/A,N/A,1,N/A,N/A,N/A,0,N/A,N/A,N/A,3,N/A,N/A,N/A,3,2,N/A,1,1,N/A,1,N/A,N/A,1,N/A,N/A,N/A,N/A,N/A,N/A,N/A,N/A,N/A,N/A,N/A,N/A,N/A,N/A,N/A,N/A,N/A,N/A,N/A,N/A,N/A
Knoll Pt. 57,N/A,N/A,N/A,N/A,N/A,N/A,N/A,N/A,N/A,N/A,N/A,N/A,N/A,N/A,N/A,N/A,N/A,N/A,N/A,N/A,N/A,N/A,N/A,N/A,N/A,N/A,N/A,N/A,N/A,N/A,N/A,N/A,N/A,N/A,N/A,N/A,N/A,N/A,N/A,N/A,N/A,N/A,N/A,N/A,N/A,N/A,N/A,N/A,N/A,N/A,N/A,N/A,N/A,N/A,N/A,N/A,N/A,N/A,N/A,N/A,N/A,N/A
Knoll Pt. 58,FRAM,CACO,CACO,FRAM,PRSE,ACRU,FRAM,MOAL,FRAM,PLOC,N/A,N/A,N/A,N/A,N/A,N/A,N/A,N/A,N/A,3,N/A,N/A,N/A,4,4,N/A,N/A,2,2,N/A,N/A,2,N/A,N/A,4,N/A,N/A,3,N/A,N/A,1,N/A,N/A,N/A,5,5,1,N/A,N/A,0,N/A,N/A,N/A,N/A,N/A,N/A,N/A,N/A,N/A,N/A,N/A,N/A
Knoll Pt. 59,QURU,PLOC,ACRU,FAGR,ACRU,FRAM,FRAM,FRPE,FRAM,FRPE,ACRU,N/A,N/A,N/A,N/A,N/A,N/A,N/A,N/A,1,N/A,N/A,N/A,1,1,N/A,N/A,3,N/A,N/A,N/A,1,N/A,N/A,1,N/A,N/A,2,N/A,N/A,1,N/A,N/A,N/A,1,N/A,1,N/A,N/A,0,N/A,1,N/A,N/A,N/A,N/A,N/A,N/A,N/A,N/A,N/A,N/A
Knoll Pt. 60,FRAM,ACRU,ACRU,ACRU,PLOC,ACRU,ACRU,N/A,N/A,N/A,N/A,N/A,N/A,N/A,N/A,N/A,N/A,N/A,N/A,1,N/A,N/A,N/A,1,N/A,N/A,N/A,1,N/A,N/A,N/A,1,1,N/A,1,1,N/A,0,N/A,N/A,1,N/A,N/A,N/A,N/A,N/A,N/A,N/A,N/A,N/A,N/A,N/A,N/A,N/A,N/A,N/A,N/A,N/A,N/A,N/A,N/A,N/A
Knoll Pt. 61,PLOC,LITU,ACRU,FAGR,ACRU,PRSE,ACRU,LITU,ACRU,N/A,N/A,N/A,N/A,N/A,N/A,N/A,N/A,N/A,N/A,2,N/A,N/A,N/A,4,N/A,N/A,N/A,1,N/A,N/A,N/A,2,N/A,N/A,1,N/A,N/A,1,N/A,N/A,1,1,1,N/A,1,N/A,1,1,N/A,N/A,N/A,N/A,N/A,N/A,N/A,N/A,N/A,N/A,N/A,N/A,N/A,N/A
Knoll Pt. 62,N/A,N/A,N/A,N/A,N/A,N/A,N/A,N/A,N/A,N/A,N/A,N/A,N/A,N/A,N/A,N/A,N/A,N/A,N/A,N/A,N/A,N/A,N/A,N/A,N/A,N/A,N/A,N/A,N/A,N/A,N/A,N/A,N/A,N/A,N/A,N/A,N/A,N/A,N/A,N/A,N/A,N/A,N/A,N/A,N/A,N/A,N/A,N/A,N/A,N/A,N/A,N/A,N/A,N/A,N/A,N/A,N/A,N/A,N/A,N/A,N/A,N/A
Knoll Pt. 63,N/A,N/A,N/A,N/A,N/A,N/A,N/A,N/A,N/A,N/A,N/A,N/A,N/A,N/A,N/A,N/A,N/A,N/A,N/A,N/A,N/A,N/A,N/A,N/A,N/A,N/A,N/A,N/A,N/A,N/A,N/A,N/A,N/A,N/A,N/A,N/A,N/A,N/A,N/A,N/A,N/A,N/A,N/A,N/A,N/A,N/A,N/A,N/A,N/A,N/A,N/A,N/A,N/A,N/A,N/A,N/A,N/A,N/A,N/A,N/A,N/A,N/A
Knoll Pt. 64,N/A,N/A,N/A,N/A,N/A,N/A,N/A,N/A,N/A,N/A,N/A,N/A,N/A,N/A,N/A,N/A,N/A,N/A,N/A,N/A,N/A,N/A,N/A,N/A,N/A,N/A,N/A,N/A,N/A,N/A,N/A,N/A,N/A,N/A,N/A,N/A,N/A,N/A,N/A,N/A,N/A,N/A,N/A,N/A,N/A,N/A,N/A,N/A,N/A,N/A,N/A,N/A,N/A,N/A,N/A,N/A,N/A,N/A,N/A,N/A,N/A,N/A
Knoll Pt. 65,FRPE,ZDEAD,FRPE,LITU,CACO,CACO,CACO,CACO,FRAM,QUVE,N/A,N/A,N/A,N/A,N/A,N/A,N/A,N/A,N/A,1,N/A,N/A,N/A,1,N/A,N/A,N/A,1,N/A,N/A,N/A,1,N/A,N/A,3,N/A,N/A,1,1,N/A,2,N/A,N/A,N/A,2,1,1,1,N/A,1,N/A,N/A,N/A,N/A,N/A,N/A,N/A,N/A,N/A,N/A,N/A,N/A
