Plot Name/ Pt. #,GPS Coordinates,Date,Picture # (Ground Cover / Canopy),% Ground Cover,% Bare Ground,%  Unaccounted (Leaf Litter),Average Penetrometer,Soil Horizon: O,Soil Horizon: A,Soil Horizon: B,Depth: O,Depth: A,Depth: B,alldata,Hue: A,Hue: B,Value/ Chroma: O,Value/Chroma : A,Value/Chroma: B,Color Name: O,Color Name : A,Color Name: B ,Soil Texture: O,Soil Texture: A,Soil Texture: B,Additional Notes:
Knoll Pt. 1,"39.25179593207702, 76.71109583586306",06/27/18,N/A,N/A,N/A,N/A,N/A,N/A,N/A,N/A,N/A,N/A,N/A,N/A,N/A,N/A,N/A,N/A,N/A,N/A,N/A,N/A,N/A,N/A,N/A,
Knoll Pt. 2,"39.25180217391687, 76.71084436344121",06/27/18,N/A,N/A,N/A,N/A,N/A,N/A,N/A,N/A,N/A,N/A,N/A,N/A,N/A,N/A,N/A,N/A,N/A,N/A,N/A,N/A,N/A,N/A,N/A,
Knoll Pt. 3,"39.25178995133415, 76.71062471112796",06/27/18,N/A,N/A,N/A,N/A,N/A,N/A,N/A,N/A,N/A,N/A,N/A,N/A,N/A,N/A,N/A,N/A,N/A,N/A,N/A,N/A,N/A,N/A,N/A,
Knoll Pt. 4,"39.25195863394831, 76.71109831234021",06/27/18,N/A,N/A,N/A,N/A,N/A,N/A,N/A,N/A,N/A,N/A,N/A,N/A,N/A,N/A,N/A,N/A,N/A,N/A,N/A,N/A,N/A,N/A,N/A,
Knoll Pt. 5,"39.25196302248538, 76.71086584399008",06/27/18,103- 0529/ 103- 0530,25,75,0,120,no,yes,no ,no ,14 cm ,N/A,N/A,10YR ,N/A,N/A,5/2,N/A,N/A,Grayish brown ,N/A,N/A,Sandy clay loam,N/A,
Knoll Pt. 6,"39.25196474110599, 76.71062196857484",06/27/18,103- 0379 - 103- 0381,70,0,30,223,yes,yes,no , 8 cm,14 cm,N/A,10YR,10YR,N/A,2/2,4/4,N/A,Very dark brown ,dark yellowish brown ,N/A, Clay loam,Silty clay loam ,N/A,
Knoll Pt. 7 ,"39.25196349251782, 76.71037651529557",06/28/18,103- 0376/ 103- 0378,20,5,75,185,yes,yes,yes,4 cm,6 cm,5 cm,10YR,10YR,10YR,3/2,3/3,4/6, Very dark grayish brown ,Dark brown ,Dark yellowish brown ,Sandy loam ,Clay loam , Sandy clay loam ,
Knoll Pt. 8,"39.25198371907671, 76.7101271744548",06/28/18,103- 0402/ 103- 0403,50,50,0,166,no,yes,yes,N/A,3 cm,15 cm,N/A,10YR,10YR,N/A,3/4,4/6,N/A,dark yellowish brown ,Dark yellowish brown ,N/A,Sandy clay loam ,Sandy clay,
Knoll Pt. 9,"39.25214325470508, 76.71012850861474",06/28/18,103- 0404/ 103- 0406,100,0,0,219,yes,yes,yes,3 cm,9 cm ,5 cm,10YR,10YR,10YR,2/2,3/2,4/3,Very dark brown ,Very dark grayish brown ,Brown ,Silty clay loam ,Silty clay loam ,Sandy clay loam,
Knoll Pt. 10,"39.25214606202349, 76.71037257903338",06/28/18,103- 0407/ 103- 0405,50,0,50,180,yes,yes,no ,4 cm,7 cm,N/A,10YR,10YR,N/A,3/2,4/4,N/A,Very dark grayish brown,Dark yellowish brown,N/A ,Sandy clay loam ,Sandy clay loam ,N/A,
Knoll Pt. 11,"39.25214594925202, 76.71062081050499",06/29/18,103- 0409/ 103- 0410,100,0,0,193,yes,yes,yes,2 cm,10 cm,4 cm,10YR,10YR,10YR,3/4,4/3,5/6,Dark yellowish brown,Brown,Yellowish brown ,Sandy clay ,Sandy clay loam,Sandy clay loam,
Knoll Pt. 12,"39.25214373796936, 76.71086038536932",06/29/18,103- 0413/ 103- 0414,59,11,30,225,yes,yes,yes,3 cm,2 cm,19 cm,10YR,10YR,10YR,3/2,4/3,5/4,Very dark grayish brown ,Brown ,Yellowish brown ,Silty clay loam ,Sandy clay loam ,Sandy clay loam,
Knoll Pt. 13,"39.25214640080615, 76.71109061647915",06/29/18,N/A,N/A,N/A,N/A,N/A,N/A,N/A,N/A,N/A,N/A,N/A,N/A,N/A,N/A,N/A,N/A,N/A,N/A,N/A,N/A,N/A,N/A,N/A,
Knoll Pt. 14,"39.25214093921919, 76.71133860272558",06/29/18,N/A,N/A,N/A,N/A,N/A,N/A,N/A,N/A,N/A,N/A,N/A,N/A,N/A,N/A,N/A,N/A,N/A,N/A,N/A,N/A,N/A,N/A,N/A,
Knoll Pt. 15,"39.25231107601297, 76.71133623213287",06/29/18,103- 0418/ 103- 0419,26,0,74,183,no ,yes,yes,N/A,11 cm,9 cm,N/A,10YR,10YR,N/A,3/2,5/6,N/A,Very dark grayish brown ,Yellowish brown,N/A,Clay loam,Sandy loam,
Knoll Pt. 16,"39.25231581998527, 76.71110450449973",06/29/18,103- 0416/ 103- 0417,32,0,68,120,yes,yes,yes,5.5 cm,5.0 cm,7.5 cm,10YR,10YR,10YR,3/2,3/1,4/6,Very dark grayish brown,Very dark gray,Dark yellowish brown ,Silty clay,Clay loam,Sandy clay,
Knoll Pt. 17,"39.25231841259799, 76.71086466039701",07/03/18,103- 0430/ 103- 0431,63,10,27,105,no,yes,no,N/A,18 cm,N/A,N/A,10YR,N/A,N/A,4/2,N/A,N/A,Brown,N/A,N/A,Silty clay,N/A,
 Knoll Pt. 18,"39.25231644281617, 76.71062086198748",07/03/18,103- 0432/ 103- 0433,0,0,100,254,no,yes,yes,N/A,6 cm,8 cm,N/A,10YR,10YR,N/A,4/2,4/3,N/A,Dark grayish brown,Brown,N/A,Sandy clay loam,Loamy sand,
Knoll Pt. 19,"39.25231978895913, 76.71038650403243",07/03/18,103- 0434/ 103- 0435,15,0,85,260,yes,yes,yes,3 cm,9cm,6 cm,10YR,10YR,10YR,3/2,4/2,4/3,Very dark grayish brown,Dark grayish brown,Brown,Sandy clay loam,Sandy clay,Sandy clay,
Knoll Pt. 20,"39.25232072667718, 76.71013292993439",07/03/18,103- 0436/ 103- 0437,50,0,50,245,no,yes,no,N/A,13 cm,N/A,N/A,10YR,N/A,N/A,3/3,N/A,N/A,Dark brown,N/A,N/A,Clay,N/A,
Knoll Pt. 21,"39.25232000913211, 76.70988944558097",07/03/18,103- 0439/ 103- 0440,90,10,0,194,no,yes,yes,N/A,11.5 cm ,17 cm,N/A,10YR,10YR,N/A,3/2,3/3,N/A,Very dark grayish brown,Dark brown,N/A,Silty clay,Silty clay,
Knoll Pt. 22,"39.25249410184023, 76.70966498691537",07/05/18,103- 0443/ 103- 0444,100,0,0,254,yes,no ,no,7 cm,N/A,N/A,10YR,N/A,N/A,2/2,N/A,N/A,Very dark brown,N/A,N/A,Clay loam,N/A,N/A,
Knoll Pt. 23,"39.25249591193368, 76.70989217430655",07/05/18,103- 0441/ 103- 0442,40,50,10,348,no,yes,no,N/A,13 cm,N/A,N/A,10YR,N/A,N/A,4/2,N/A,N/A,Dark grayish brown,N/A,N/A,Sandy clay loam,N/A,
Knoll Pt. 24,"39.25248220672346, 76.71013148682621",07/05/18,103- 0445/ 103- 0446,40,0,60,240,yes,yes,no,11 cm,5 cm,N/A,10YR,10YR,N/A,4/4,5/4,N/A,Dark yellowish brown,Yellowish brown,N/A,Sandy clay loam,Sandy loam,N/A,
Knoll Pt. 25,"39.25249072544958, 76.71037182028189",07/05/18,103- 0447/ 103- 0448,10,30,70,215,no,yes,no,N/A,15 cm,N/A,N/A,10YR,N/A,N/A,3/2,N/A,N/A,Very dark grayish brown,N/A,N/A,Sandy clay loam,N/A,
Knoll Pt. 26,"39.25248798177651, 76.71061961179986",07/05/18,103- 0449/ 103- 0450,30,0,70,95,no,yes,yes,N/A,12 cm,5.5 cm,N/A,10YR,10YR,N/A,3/2,4/3,N/A,Very dark grayish brown ,Brown,N/A,Silty clay,Silty clay,
Knoll Pt. 27,"39.25248853295189, 76.71085634484572",07/05/18,103- 0451/ 103- 0452,1,0,99,290,no,yes,no,N/A,6 cm,N/A,N/A,10YR,N/A,N/A,3/3,N/A,N/A,Dark brown,N/A,N/A,Silty clay,N/A,
Knoll Pt. 28,"39.25249017529482, 76.71109575899504",07/05/18,103- 0453/ 103- 0454,5,0,95,254,no,yes,no,N/A,5 cm,N/A,N/A,10YR,N/A,N/A,3/2,N/A,N/A,Very dark grayish brown,N/A,N/A,Silty clay,N/A,
Knoll Pt. 29,"39.25248956293299, 76.7113360619858",06/29/18,103- 0420/ 103- 0421,25,75,0,200,no,yes,no,N/A,4 cm,N/A,N/A,10 YR,N/A,N/A,4/2,N/A,N/A,Dark grayish brown,N/A,N/A,Sandy loam,N/A,
Knoll Pt. 30,"39.25249353037985, 76.71157793887755",06/29/18,N/A,N/A,N/A,N/A,N/A,N/A,N/A,N/A,N/A,N/A,N/A,N/A,N/A,N/A,N/A,N/A,N/A,N/A,N/A,N/A,N/A,N/A,N/A,
Knoll Pt. 31,"39.25248793200555, 76.71180779892812",06/29/18,N/A,N/A,N/A,N/A,N/A,N/A,N/A,N/A,N/A,N/A,N/A,N/A,N/A,N/A,N/A,N/A,N/A,N/A,N/A,N/A,N/A,N/A,N/A,
Knoll Pt. 32,"39.25265187227077, 76.71179910311059",06/29/18,N/A,N/A,N/A,N/A,N/A,N/A,N/A,N/A,N/A,N/A,N/A,N/A,N/A,N/A,N/A,N/A,N/A,N/A,N/A,N/A,N/A,N/A,N/A,
Knoll Pt. 33,"39.25265662251049, 76.71157153631238",06/29/18,103- 0422/ 103- 0423,10,10,80,166,yes,yes,yes,3 cm,6 cm,8 cm,10YR,10YR,10YR,3/2,4/2,4/3,Very dark grayish brown,Dark grayish brown,Brown,Loamy sand,Sandy clay laom,Sandy loam,
Knoll Pt. 34,"39.25265892352476, 76.71133937191156",07/03/18,103- 0428/ 103- 0429,60,0,40,160,yes,yes,no,2 cm,13 cm,N/A,10YR,10YR,N/A,3/2,4/3,N/A,Very dark grayish brown,Brown,N/A,Clay,Silty clay,N/A,
Knoll Pt. 35,"39.25265878530214, 76.71108814046778",07/06/18,N/A,N/A,N/A,N/A,N/A,N/A,N/A,N/A,N/A,N/A,N/A,N/A,N/A,N/A,N/A,N/A,N/A,N/A,N/A,N/A,N/A,N/A,N/A,
Knoll Pt. 36,"39.25266506287354, 76.71085511415949",07/06/18,N/A,N/A,N/A,N/A,N/A,N/A,N/A,N/A,N/A,N/A,N/A,N/A,N/A,N/A,N/A,N/A,N/A,N/A,N/A,N/A,N/A,N/A,N/A,
Knoll Pt. 37,"39.252660548916, 76.71062146687285",07/06/18,103- 0465/ 103- 0466,60,0,40,38,no,yes,no,N/A,13 cm,N/A,N/A,10YR,N/A,N/A,2/2,N/A,N/A,Very dark brown,N/A,N/A,clay,N/A,
Knoll Pt. 38,"39.25266480928021, 76.71038170232784",07/06/18,103- 0467/ 103- 0468,55,20,25,210,no,yes,no,N/A,16 cm,N/A,N/A,10YR,N/A,N/A,3/2,N/A,N/A,Very dark grayish brown,N/A,N/A,Silty clay,N/A,
Knoll Pt. 39,"39.25264722081599, 76.71012074051241",07/06/18,N/A,N/A,N/A,N/A,N/A,N/A,N/A,N/A,N/A,N/A,N/A,N/A,N/A,N/A,N/A,N/A,N/A,N/A,N/A,N/A,N/A,N/A,N/A,
Knoll Pt. 40,"39.25265893939565, 76.70989249447641",07/06/18,N/A,N/A,N/A,N/A,N/A,N/A,N/A,N/A,N/A,N/A,N/A,N/A,N/A,N/A,N/A,N/A,N/A,N/A,N/A,N/A,N/A,N/A,N/A,
Knoll Pt. 41,"39.25265561787801, 76.70964729535538",07/06/18,N/A,N/A,N/A,N/A,N/A,N/A,N/A,N/A,N/A,N/A,N/A,N/A,N/A,N/A,N/A,N/A,N/A,N/A,N/A,N/A,N/A,N/A,N/A,
Knoll Pt. 42,"39.25281935967415, 76.70964525138908",07/06/18,103- 0463/ 103- 0464,95,0,5,225,no,yes,no,N/A,8 cm,N/A,N/A,10YR,N/A,N/A,3/2,N/A,N/A,Very dark grayish brown,N/A,N/A,Silty clay,N/A,
Knoll Pt. 43,"39.25281377888097, 76.70988354308786",07/06/18,103- 0461/ 103- 0462,15,0,85,214,no,yes,no,N/A,9 cm,N/A,N/A,10YR,N/A,N/A,3/2,N/A,N/A,Very dark grayish brown,N/A,N/A,Silty clay,N/A,
Knoll Pt. 44,"39.25282725450956, 76.71013318776026",07/05/18,103- 0459/ 103- 0460,16,20,64,210,yes,yes,yes,4 cm,8 cm,7 cm,10YR,10YR,10YR,4/2,4/3,5/4,Dark grayish brown,Brown,Yellowish brown,Sandy clay,Sandy clay,Sandy clay,
Knoll Pt. 45,"39.25283843028048, 76.71038185401231",07/05/18,103- 0457/ 103- 0458,1,5,94,120,no,yes,no,N/A,10 cm,N/A,N/A,10YR,N/A,N/A,3/3,N/A,N/A,Dark brown ,N/A,N/A,Silt loam,N/A,
Knoll Pt. 46,"39.25283574035195, 76.71061976041798",07/05/18,103- 0455/ 103- 0456,10,0,90,200,no,yes,no,N/A,8 cm,N/A,N/A,10YR,N/A,N/A,3/2,N/A,N/A,Very dark grayish brown,N/A,N/A,Sandy clay,N/A,
Knoll Pt. 47,"39.25282101352613, 76.71085633212874",07/03/18,103- 0426/ 103- 0427,10,20,70,220,yes,yes,no,1 cm,3 cm,N/A,10YR,10YR,N/A,4/2,5/4,N/A,Dark grayish brown,Yellowish brown,N/A,Loam,Sandy clay loam,N/A,
Knoll Pt. 48,"39.25281997101679, 76.71030260194323",06/29/18,103- 0424/ 103- 0425,0,0,100,170,no,yes,no,N/A,20 cm,N/A,N/A,10YR,N/A,N,3/3,N/A,Dark brown,N/A,N/A,N/A,Clay loam,N/A,
Knoll Pt. 49,"39.25284046590418, 76.71109993741035",07/06/18,N/A,N/A,N/A,N/A,N/A,N/A,N/A,N/A,N/A,N/A,N/A,N/A,N/A,N/A,N/A,N/A,N/A,N/A,N/A,N/A,N/A,N/A,N/A,
Knoll Pt. 50,"39.25282885460611, 76.7113455510686",07/06/18,N/A,N/A,N/A,N/A,N/A,N/A,N/A,N/A,N/A,N/A,N/A,N/A,N/A,N/A,N/A,N/A,N/A,N/A,N/A,N/A,N/A,N/A,N/A,
Knoll Pt. 51,"39.25282751982216, 76.71157357915816",07/06/18,103- 0471/ 103- 0472,10,40,50,90,yes,yes,no,4 cm,7 cm,N/A,10YR,10YR,N/A,5/3,3/2,N/A,Brown,Very dark grayish brown,N/A,Sandy clay loam,Sandy clay loam,N/A,
Knoll Pt. 52,"39.25299712002486, 76.7113446986459",07/06/18,103- 0469/ 103- 0470,30,70,0,226,no,yes,no,N/A,9 cm,N/A,N/A,10YR,N/A,N/A,4/3,N/A,N/A,Brown,N/A,N/A,Sandy clay loam,N/A,
Knoll Pt. 53,"39.25300034314274, 76.7110970628995",07/06/18,103- 0476/ 103- 0477,5,95,0,220,no,yes,yes,N/A,8 cm,4 cm,N/A,10YR,10YR,N/A,4/2,5/4,N/A,Dark grayish brown,Yellowish brown,N/A,Sandy clay,Sandy clay loam,
Knoll Pt. 54,"39.25299116922074, 76.71085730753788",07/10/18,103- 0478/ 103- 0479,75,15,10,250,yes,no ,no,4.5 cm,N/A,N/A,10YR,N/A,N/A,6/2,N/A,N/A,Light grayish brown,N/A,N/A,Sandy clay,N/A,N/A,
Knoll Pt. 55,"39.25300234319937, 76.71061983251822",07/10/18,103- 0480/ 103- 0481,40,0,60,90,no,yes,no,N/A,21 cm,N/A,N/A,10YR,N/A,N/A,2/1,N/A,N/A,Black,N/A,N/A,Clay,N/A,
Knoll Pt. 56,"39.25301493172007, 76.71037819642126",07/10/18,103- 0482/ 103- 0483,45,50,5,44,no,yes,no,N/A,20 cm,N/A,N/A,10YR,N/A,N/A,3/1,N/A,N/A,Very dary gray,N/A,N/A,Silty clay,N/A,
Knoll Pt. 57,"39.25300198298611, 76.71012607987625",07/10/18,N/A,N/A,N/A,N/A,N/A,N/A,N/A,N/A,N/A,N/A,N/A,N/A,N/A,N/A,N/A,N/A,N/A,N/A,N/A,N/A,N/A,N/A,N/A,
Knoll Pt. 58,"39.25300701825952, 76.7098918212865",07/10/18,103- 0484/ 103- 0485,12,88,0,60,yes,no ,no,18 cm,N/A,N/A,10YR,N/A,N/A,2/1,N/A,N/A,Black,N/A,N/A,Silty clay,N/A,N/A,
Knoll Pt. 59,"39.25300242152564, 76.70964724111542",07/10/18,103- 0486/ 103- 0487,55,5,40,270,no,yes,no,N/A,15 cm,N/A,N/A,10YR,N/A,N/A,4/2,N/A,N/A,Dark grayish brown,N/A,N/A,Sandy clay loam,N/A,
Knoll Pt. 60,"39.25317815533712, 76.71013154129685",07/10/18,103- 0490/ 103- 0491,50,0,50,214,no,yes,no,N/A,16 cm,N/A,N/A,10YR,N/A,N/A,5/2,N/A,N/A,Grayish brown,N/A,N/A,Sandy clay loam,N/A,
Knoll Pt. 61,"39.25317735819953, 76.71038098735026",07/06/18,103- 0473/ 103-0474,40,30,30,194,yes,yes,no,3 cm,12.5 cm,N/A,10YR,10YR,N/A,4/4,4/6,N/A,Dark yellowish brown,Dark yellowish brown,N/A,Silty clay,Silty clay,N/A,
Knoll Pt. 62,"39.25317612071236, 76.710618290819",07/06/18,N/A,N/A,N/A,N/A,N/A,N/A,N/A,N/A,N/A,N/A,N/A,N/A,N/A,N/A,N/A,N/A,N/A,N/A,N/A,N/A,N/A,N/A,N/A,
Knoll Pt. 63,"39.25320027501174, 76.71085814934592",07/06/18,N/A,N/A,N/A,N/A,N/A,N/A,N/A,N/A,N/A,N/A,N/A,N/A,N/A,N/A,N/A,N/A,N/A,N/A,N/A,N/A,N/A,N/A,N/A,
Knoll Pt. 64,"39.25317794770351, 76.71109572912698",07/06/18,N/A,N/A,N/A,N/A,N/A,N/A,N/A,N/A,N/A,N/A,N/A,N/A,N/A,N/A,N/A,N/A,N/A,N/A,N/A,N/A,N/A,N/A,N/A,
Knoll Pt. 65,"39.25335238129546, 76.71086937474549",07/10/18,103- 0488/ 103- 0489,30,0,70,280,yes,yes,no,5 cm,8 cm,N/A,10YR,10YR,N/A,3/3,4/4,N/A,Dark brown,Dark yellowish brown,N/A,Sandy clay,Silty clay,N/A,
Tyrone St. Pt. 1,"39.28099214985424, 76.66020813156899",07/12/18,N/A,N/A,N/A,N/A,N/A,N/A,N/A,N/A,N/A,N/A,N/A,N/A,N/A,N/A,N/A,N/A,N/A,N/A,N/A,N/A,N/A,N/A,N/A,
Tyrone St. Pt. 2,"39.2809912896976, 76.6600118347741",07/12/18,103- 0531/ 103- 0532,80,20,0,180,no,yes,yes,N/A,8 cm,2 cm,N/A,10YR,10YR,N/A,5/4,4/4,N/A,Yellowish brown,Dark yellowish brown,N/A,Sandy clay,Sandy clay,
Tyrone St. Pt. 3,"39.28118288455317, 76.66020141378897",07/12/18,103- 0525/ 103- 0526,90,10,0,290,no,yes,no,N/A,12 cm,N/A,N/A,10YR,N/A,N/A,4/2,N/A,N/A,Dark grayish brown,N/A,N/A,Sandy clay,N/A,
Tyrone St. Pt. 4,"39.28117486070829, 76.6600001904668",07/12/18,103- 0527/ 103- 0528,70,15,15,55,yes,yes,no,7 cm,9 cm,N/A,10YR,10YR,N/A,5/2,4/2,N/A,Grayish brown,Dark grayish brown,N/A,Sandy clay loam,Sandy loam,N/A,
Tyrone St. Pt. 5,"39.28135699175191, 76.66019189111636",07/12/18,103- 0529/ 103-0530,25,75,0,115,no,yes,no,N/A,14 cm,N/A,N/A,10YR,N/A,N/A,5/2,N/A,N/A,Grayish brown,N/A,N/A,Sandy clay loam,N/A,
Tyrone St. Pt. 6,"39.2813535477111, 76.65999550078067",07/12/18,N/A,N/A,N/A,N/A,N/A,N/A,N/A,N/A,N/A,N/A,N/A,N/A,N/A,N/A,N/A,N/A,N/A,N/A,N/A,N/A,N/A,N/A,N/A,
Tyrone St. Pt. 7,"39.28153097491804, 76.66019121614855",07/12/18,103- 0559/ 103- 0560,15,85,0,60,no,yes,no,N/A,14 cm,N/A,N/A,10YR,N/A,N/A,2/2,N/A,N/A,Very dark brown,N/A,N/A,Sandy loam,N/A,
Tyrone St. Pt. 8,"39.28152275404153, 76.65998751573027",07/12/18,103- 0557/ 103- 0558,20,80,0,110,no,yes,no,N/A,12.5 cm,N/A,N/A,10YR,N/A,N/A,2/2,N/A,N/A,Very dark brown,N/A,N/A,Sandy loam,N/A,
Tyrone St. Pt. 9,"39.28170671602508, 76.66017829363352",07/12/18,103- 0555/ 103- 0556,30,0,100,90,no,yes,no,N/A,10 cm,N/A,N/A,10YR,N/A,N/A,2/1,N/A,N/A,Black,N/A,N/A,Loamy sand,N/A,
Tyrone St. Pt. 10,"39.28171028900796, 76.65998780228615",07/12/18,N/A,N/A,N/A,N/A,N/A,N/A,N/A,N/A,N/A,N/A,N/A,N/A,N/A,N/A,N/A,N/A,N/A,N/A,N/A,N/A,N/A,N/A,N/A,
Tyrone St. Pt.11,"39.28188306178822, 76.66017239872004",07/12/18,N/A,N/A,N/A,N/A,N/A,N/A,N/A,N/A,N/A,N/A,N/A,N/A,N/A,N/A,N/A,N/A,N/A,N/A,N/A,N/A,N/A,N/A,N/A,
Primson Ave Pt. 1,"39.27408995417078, 76.6754388633654",07/11/18,103- 0509/ 103- 0510,100,0,50,240,yes,yes,no,3 cm,7 cm,N/A,10YR,10YR,N/A,4/2,5/2,N/A,Dark grayish brown,Grayish brown,N/A,Silty clay loam ,Sandy clay loam,N/A,
Primson Ave Pt. 2,"39.27425297755781, 76.67535249709884",07/11/18,N/A,N/A,N/A,N/A,N/A,N/A,N/A,N/A,N/A,N/A,N/A,N/A,N/A,N/A,N/A,N/A,N/A,N/A,N/A,N/A,N/A,N/A,N/A,
Primson Ave Pt. 3,"39.27441821885309, 76.67526728089214",07/11/18,103- 0511/ 103- 0512,40,60,0,85,no,yes,no,N/A,15 cm,N/A,N/A,N/A,N/A,N/A,N/A,N/A,N/A,N/A,N/A,N/A,Sand,N/A,****sand has too many colors to accurately choose one on the Munsell Color Book
Primson Ave Pt. 4,"39.2745725190473, 76.67517623556164",07/11/18,103- 0513/ 103- 0514,50,50,0,6,no,yes,no,N/A,10 cm,N/A,N/A,10YR,N/A,N/A,4/2,N/A,N/A,Dark grayish brown,N/A,N/A,Sandy loam,N/A,
Primson Ave Pt. 5,"39.27435183393061, 76.67504696574203",07/11/18,103- 0521/ 103- 0522,75,0,100,225,no,yes,no,N/A,11 cm,N/A,N/A,10YR,N/A,N/A,3/2,N/A,N/A,Very dark grayish brown ,N/A,N/A,Silty clay,N/A,
Primson Ave Pt. 6,"39.27419115487122, 76.67514594694241",07/12/18,103- 0523/ 103- 0524,60,40,0,226,no,yes,no,N/A,8 cm,N/A,N/A,10YR,N/A,N/A,3/4,N/A,N/A,Dark yellowish brown,N/A,N/A,Clay,N/A,
Primson Ave Pt. 7,"39.27401674752907, 76.6752352244967",07/12/18,N/A,N/A,N/A,N/A,N/A,N/A,N/A,N/A,N/A,N/A,N/A,N/A,N/A,N/A,N/A,N/A,N/A,N/A,N/A,N/A,N/A,N/A,N/A,
Primson Ave Pt. 8,"39.28093497965276, 76.69230458105682",07/12/18,N/A,N/A,N/A,N/A,N/A,N/A,N/A,N/A,N/A,N/A,N/A,N/A,N/A,N/A,N/A,N/A,N/A,N/A,N/A,N/A,N/A,N/A,N/A,
Primson Ave Pt. 9,"39.28061972766047, 76.69231442275668",07/12/18,N/A,N/A,N/A,N/A,N/A,N/A,N/A,N/A,N/A,N/A,N/A,N/A,N/A,N/A,N/A,N/A,N/A,N/A,N/A,N/A,N/A,N/A,N/A,
 Leidig Rec Center Pt. 1,"39.28093497965276, 76.69230458105682",07/10/18,103- 0497/ 103- 0498,75,0,100,220,no,yes,no,N/A,11 cm,N/A,N/A,10YR,N/A,N/A,3/2,N/A,N/A,Very dark grayish brown,N/A,N/A,Silty clay,N/A,
Leidig Rec Center Pt. 2,"39.28061972766047, 76.69231442275668",07/10/18,103- 0495/ 103- 0496,100,0,0,210,no,yes,no,N/A,17 cm,N/A,N/A,10YR,N/A,N/A,2/2,N/A,N/A,Very dark brown,N/A,N/A,Silty clay,N/A,
Leidig Rec Center Pt. 3,"39.28032519160205, 76.69234674112519",07/10/18,103- 0493/ 103- 0494,100,0,100,150,yes,yes,no,4 cm,10 cm,N/A,10YR,10YR,N/A,4/2,3/2,N/A,Dark grayish brown ,Very dark grayish brown ,N/A,Silty clay,Silty clay,N/A,
Leidig Rec Center Pt. 4,"39.28090914206726, 76.69196429872693",07/10/18,N/A,N/A,N/A,N/A,N/A,N/A,N/A,N/A,N/A,N/A,N/A,N/A,N/A,N/A,N/A,N/A,N/A,N/A,N/A,N/A,N/A,N/A,N/A,
Leidig Rec Center Pt. 5,"39.28059559126472, 76.69195769521919",07/10/18,N/A,N/A,N/A,N/A,N/A,N/A,N/A,N/A,N/A,N/A,N/A,N/A,N/A,N/A,N/A,N/A,N/A,N/A,N/A,N/A,N/A,N/A,N/A,
Leidig Rec Center Pt. 6,"39.2803061553228, 76.69197494379475",07/10/18,103- 0507/ 103- 0508,80,20,0,340,yes,no ,no,3 cm,N/A,N/A,10YR,N/A,N/A,2/2,N/A,N/A,Very dark brown ,N/A,N/A,Silty clay loam ,N/A,N/A,
Leidig Rec Center Pt. 7,"39.28028474747409, 76.69161366151387",07/11/18,103- 0505/ 103- 0506,95,5,0,204,no,yes,no,N/A,15 cm,N/A,N/A,10YR,N/A,N/A,2/2,N/A,N/A,Very dark brown,N/A,N/A,Silty clay loam ,N/A,
Leidig Rec Center Pt. 8,"39.28059079488056, 76.6915831155505",07/10/18,103- 0503/ 103- 0504,60,40,0,270,no,yes,no,N/A,7 cm,N/A,N/A,10YR,N/A,N/A,4/3,N/A,N/A,Dark yellowish brown,N/A,N/A,Silty clay,N/A,
Leidig Rec Center Pt. 9 ,"39.28057643072399, 76.69120845087286",07/10/18,103- 0501/ 103- 0502,100,0,0,234,no,yes,yes,N/A,11 cm,5 cm,N/A,10YR,10YR,N/A,2/2,3/2,N/A,Very dark brown,Very dark grayish brown,N/A,Silty clay,Silty clay,
Leidig Rec Center Pt. 10,"39.28027537312345, 76.69122864744871",07/10/18,N/A,N/A,N/A,N/A,N/A,N/A,N/A,N/A,N/A,N/A,N/A,N/A,N/A,N/A,N/A,N/A,N/A,N/A,N/A,N/A,N/A,N/A,N/A,
Leidig Rec Center Pt. 11,"39.27997866969889, 76.69125016239187",07/10/18,N/A,N/A,N/A,N/A,N/A,N/A,N/A,N/A,N/A,N/A,N/A,N/A,N/A,N/A,N/A,N/A,N/A,N/A,N/A,N/A,N/A,N/A,N/A,
Leidig Rec Center Pt. 12,"39.27996088533122, 76.69086342028921",07/10/18,103- 0499/ 103- 0500,100,0,5,245,no,yes,yes,N/A,12 cm,6 cm,N/A,10YR,10YR,N/A,3/4,5/6,N/A,Dark yellowish brown,Yellowish brown,N/A,Silty clay,Silty clay,
Leidig Rec Center Pt. 13,"39.28026243222032, 76.6908484588336",07/10/18,N/A,N/A,N/A,N/A,N/A,N/A,N/A,N/A,N/A,N/A,N/A,N/A,N/A,N/A,N/A,N/A,N/A,N/A,N/A,N/A,N/A,N/A,N/A,
Leidig Rec Center Pt. 14,"39.28055696878985, 76.6908285116408",07/10/18,N/A,N/A,N/A,N/A,N/A,N/A,N/A,N/A,N/A,N/A,N/A,N/A,N/A,N/A,N/A,N/A,N/A,N/A,N/A,N/A,N/A,N/A,N/A,
Loyola Northway Pt. 1,,07/13/18,103- 0563/ 103- 0564,40,60,0,63,no,yes,no,N/A,21 cm,N/A,N/A,10YR,N/A,N/A,4/6,N/A,N/A,Dark yellowish brown,N/A,N/A,Clay,N/A,
Loyola Northway Pt. 2,,07/13/18,N/A,N/A,N/A,N/A,N/A,N/A,N/A,N/A,N/A,N/A,N/A,N/A,N/A,N/A,N/A,N/A,N/A,N/A,N/A,N/A,N/A,N/A,N/A,
Loyola Northway Pt. 3,,07/13/18,103- 0561/ 103- 0562,100,0,0,155,no,yes,yes,N/A,8 cm,9 cm,N/A,10YR,10YR,N/A,3/3,4/4,N/A,Dark brown,Dark yellowish brown ,N/A,Silty clay,Clay,
Loyola Northway Pt. 4,,07/13/18,103- 0565/ 103- 0566,70,30,0,95,no,yes,no,N/A,10 cm,N/A,N/A,10YR,N/A,N/A,3/3,N/A,N/A,Dark brown,N/A,N/A,Silty clay,N/A,
Loyola Northway Pt. 5,,07/13/18,N/A,N/A,N/A,N/A,N/A,N/A,N/A,N/A,N/A,N/A,N/A,N/A,N/A,N/A,N/A,N/A,N/A,N/A,N/A,N/A,N/A,N/A,N/A,
Loyola Northway Pt. 6,,07/13/18,N/A,N/A,N/A,N/A,N/A,N/A,N/A,N/A,N/A,N/A,N/A,N/A,N/A,N/A,N/A,N/A,N/A,N/A,N/A,N/A,N/A,N/A,N/A,
Ken Oak Rd Pt. 1,"39.35890043052896, 76.66866217326422",07/13/18,103- 0573/ 103- 0574,80,20,0,91,no,yes,yes,N/A,7 cm,11 cm,N/A,5YR,5YR,N/A,3/4,3/3,N/A,Dark reddish brown,Dark reddish brown,N/A,Silty clay,Loamy sand,
Ken Oak Rd Pt. 2,"39.35910740958244, 76.66871508014509",07/13/18,103- 0576/ 103- 0577,100,0,0,90,yes,yes,no,4 cm,8 cm,N/A,7.5YR,7.5YR,N/A,3/4,3/3,N/A,Very yellowish brown,Dark brown,N/A,Silty clay,Loamy sand,N/A,
Ken Oak Rd Pt. 3,"39.3593159043652, 76.66877085794057",07/13/18,103- 0586/ 103- 0587,100,0,0,305,yes,yes,no,4 cm,7 cm,N/A,5YR,5YR,N/A,3/3,3/4,N/A,Dark reddish brown,Dark reddish brown,N/A,Silty clay,Silty clay,N/A,
Ken Oak Rd Pt. 4,"39.35870945372564, 76.66860260526714",07/13/18,193- 0589/ 103- 0590,100,0,0,330,no,yes,no,N/A,20 cm,N/A,N/A,10YR,N/A,N/A,3/3,N/A,N/A,Dark brown,N/A,N/A,Silty clay,N/A,
Hockley Rd. Pt. 1,,07/20/18,104- 0626/ 104- 0627,50,50,0,70,no,yes,yes,N/A,19 cm,10 cm,N/A,10YR,10YR,N/A,3/3,5/4,N/A,Dark brown,Yellowish brown,N/A,Sandy clay loam,Sandy clay loam,
Hockley Rd. Pt. 2,,07/20/18,104- 0622/ 104- 0623,75,0,100,120,no,yes,yes,N/A,9 cm,13 cm,N/A,10YR,10YR,N/A,3/2,5/6,N/A,Very dark grayish brown,Yellowish brown,N/A,Silty clay,Silty clay,
Hockley Rd. Pt. 3,,07/20/18,104- 0618/ 104- 0619,90,10,0,140,no,yes,yes,N/A,13 cm,8 cm,N/A,10YR,10YR,N/A,3/2,3/4,N/A,Very dark grayish brown,Dark yellowish brown,N/A,Silty clay,Silty clay,
Hockley Rd. Pt. 4,,07/18/18,103- 0614/ 103- 0615,25,0,100,130,no,yes,yes,N/A,17 cm,5 cm,N/A,10YR,10YR,N/A,2/1,5/4,N/A,Black,Yellowish brown,N/A,Silty clay,Silty clay,
Hockley Rd. Pt. 5,,07/18/20,103- 0610/ 103- 0611,100,0,0,70,yes,yes,yes,2 cm,24 cm,24 cm,10YR,10YR,10YR,3/1,4/2,4/2,Very dark gray,Dark grayish brown,Dark grayish brown,Clay,Silty clay,Silty clay,A and B horizons were mixed together
Hockley Rd. Pt. 6,,07/18/18,103- 0591/ 103- 0592,60,0,100,38,yes,yes,yes,8 cm,16 cm,10 cm,10YR,10YR,10YR,2/1,4/2,5/4,Black,Dark grayish brown,Yellowish brown,Sandy clay,Silty clay,Silty clay,
Hockley Rd. Pt. 7,,07/18/18,103- 0608/ 103- 0609,0,0,100,84,no,yes,yes,N/A,15 cm,5 cm,N/A,10YR,10YR,N/A,2/2,5/4,N/A,Very dark brown,Yellowish brown,N/A,Silty clay,Silty clay,
Hockley Rd. Pt. 8,,07/18/18,103- 0612/ 103- 0613,55,20,80,90,no,yes,no,N/A,18 cm,N/A,N/A,10YR,N/A,N/A,3/2,N/A,N/A,Very dark grayish brown,N/A,N/A,Silty clay,N/A,
Hockley Rd. Pt. 9,,07/20/18,104- 0616/ 104- 0617,15,0,100,90,no,yes,yes,N/A,15 cm,5 cm,N/A,10YR,10YR,N/A,3/2,5/4,N/A,Very dark grayish brown,Yellowish brown,N/A,Silty clay,Silty clay,
Hockley Rd. Pt. 10,,07/20/18,104- 0620/ 104- 0621,15,0,100,110,no,yes,yes,N/A,13 cm,22 cm,N/A,10YR,10YR,N/A,3/2,5/4,N/A,Very dark grayish brown,Yellowish brown,N/A,Silty clay,Silty clay,
Hockley Rd. Pt. 11,,07/20/18,104- 0624/ 104- 0625,80,20,0,50,no,yes,yes,N/A,13 cm,5 cm,N/A,10YR,10YR,N/A,3/2,4/3,N/A,Very dark grayish brown,Brown,N/A,Sandy clay loam,Sandy clay loam,
Hockley Rd. Pt. 12,,07/20/18,104- 0628/ 104- 0629,70,30,0,110,no,yes,yes,N/A,15 cm,8.5 cm,N/A,10YR,10YR,N/A,3/1,3/4,N/A,Very dark grayish brown,Dark yellowish brown,N/A,Sandy clay,Sandy clay loam,
Hockley Rd. Pt. 13,,07/20/18,N/A,N/A,N/A,N/A,N/A,N/A,N/A,N/A,N/A,N/A,N/A,N/A,N/A,N/A,N/A,N/A,N/A,N/A,N/A,N/A,N/A,N/A,N/A,
Hockley Rd. Pt. 14,,07/20/18,N/A,N/A,N/A,N/A,N/A,N/A,N/A,N/A,N/A,N/A,N/A,N/A,N/A,N/A,N/A,N/A,N/A,N/A,N/A,N/A,N/A,N/A,N/A,
Hockley Rd. Pt. 15,,07/20/18,N/A,N/A,N/A,N/A,N/A,N/A,N/A,N/A,N/A,N/A,N/A,N/A,N/A,N/A,N/A,N/A,N/A,N/A,N/A,N/A,N/A,N/A,N/A,
Hockley Rd. Pt. 16,,07/20/18,N/A,N/A,N/A,N/A,N/A,N/A,N/A,N/A,N/A,N/A,N/A,N/A,N/A,N/A,N/A,N/A,N/A,N/A,N/A,N/A,N/A,N/A,N/A,
Hockley Rd. Pt. 17,,07/20/18,N/A,N/A,N/A,N/A,N/A,N/A,N/A,N/A,N/A,N/A,N/A,N/A,N/A,N/A,N/A,N/A,N/A,N/A,N/A,N/A,N/A,N/A,N/A,
Hockley Rd. Pt. 18,,07/20/18,N/A,N/A,N/A,N/A,N/A,N/A,N/A,N/A,N/A,N/A,N/A,N/A,N/A,N/A,N/A,N/A,N/A,N/A,N/A,N/A,N/A,N/A,N/A,
Hockley Rd. Pt. 19,,07/20/18,N/A,N/A,N/A,N/A,N/A,N/A,N/A,N/A,N/A,N/A,N/A,N/A,N/A,N/A,N/A,N/A,N/A,N/A,N/A,N/A,N/A,N/A,N/A,
Hockley Rd. Pt. 20,,07/20/18,N/A,N/A,N/A,N/A,N/A,N/A,N/A,N/A,N/A,N/A,N/A,N/A,N/A,N/A,N/A,N/A,N/A,N/A,N/A,N/A,N/A,N/A,N/A,
Hockley Rd. Pt. 21,,07/20/18,N/A,N/A,N/A,N/A,N/A,N/A,N/A,N/A,N/A,N/A,N/A,N/A,N/A,N/A,N/A,N/A,N/A,N/A,N/A,N/A,N/A,N/A,N/A,
Hockley Rd. Pt. 22,,07/20/18,N/A,N/A,N/A,N/A,N/A,N/A,N/A,N/A,N/A,N/A,N/A,N/A,N/A,N/A,N/A,N/A,N/A,N/A,N/A,N/A,N/A,N/A	,N/A,
Stillmeadow Church Pt. 1,"39.28143996343575, 76.69900577348429",07/27/18,N/A,N/A,N/A,N/A,N/A,N/A,N/A,N/A,N/A,N/A,N/A,N/A,N/A,N/A,N/A,N/A,N/A,N/A,N/A,N/A,N/A,N/A,N/A,
Stillmeadow Church Pt. 2,"39.28172302093878, 76.69899730141199",07/27/18,104- 0630/ 104- 0631,80,20,0,100,no,yes,no,N/A,16 cm,N/A,N/A,10YR,N/A,N/A,3/3,N/A,N/A,Dark brown,N/A,N/A,Clay,N/A,
Stillmeadow Church Pt. 3,"39.28202137350846, 76.6990277999152",07/27/18,N/A,N/A,N/A,N/A,N/A,N/A,N/A,N/A,N/A,N/A,N/A,N/A,N/A,N/A,N/A,N/A,N/A,N/A,N/A,N/A,N/A,N/A,N/A,
Stillmeadow Church Pt. 4,"39.28203034440904, 76.69936691599708",07/27/18,N/A,N/A,N/A,N/A,N/A,N/A,N/A,N/A,N/A,N/A,N/A,N/A,N/A,N/A,N/A,N/A,N/A,N/A,N/A,N/A,N/A,N/A,N/A,
Stillmeadow Church Pt. 5,"39.28172328466101, 76.69939064984756",07/27/18,104-0632/ 104- 0633,70,30,0,60,no,yes,yes ,N/A,9 cm,15 cm,N/A,10YR,10YR,N/A,3/3,3/4,N/A,Dark brown ,Dark yellowish brown,N/A,Silty clay,Clay,
Stillmeadow Church Pt. 6,"39.28170680011274, 76.69976960848921",07/27/18,104- 0633/ 104- 0634,90,10,0,120,no,yes,yes,N/A,8.5 cm ,4.5 cm,N/A,10YR,Gley1,N/A,2/2,3/2,N/A,Very dark brown,Very darj grayish green,N/A,Silty clay,Loamy sand,
Stillmeadow Church Pt. 7,"39.2820376583669, 76.69978143146399",07/27/18,N/A,N/A,N/A,N/A,N/A,N/A,N/A,N/A,N/A,N/A,N/A,N/A,N/A,N/A,N/A,N/A,N/A,N/A,N/A,N/A,N/A,N/A,N/A,
Stillmeadow Church Pt. 8,"39.28232389691547, 76.69977404287985",07/27/18,N/A,N/A,N/A,N/A,N/A,N/A,N/A,N/A,N/A,N/A,N/A,N/A,N/A,N/A,N/A,N/A,N/A,N/A,N/A,N/A,N/A,N/A,N/A,
Stillmeadow Church Pt. 9,"39.28232031662653, 76.70013499114225",07/27/18,N/A,N/A,N/A,N/A,N/A,N/A,N/A,N/A,N/A,N/A,N/A,N/A,N/A,N/A,N/A,N/A,N/A,N/A,N/A,N/A,N/A,N/A,N/A,
Stillmeadow Church Pt. 10,"39.28203166631241, 76.70013920277513",07/27/18,104- 0637/ 104- 0638,50,50,0,40,no ,yes,yes,N/A,7 cm,12 cm,N/A,10YR,10YR,N/A,3/2,4/2,N/A,Very dark grayish brown,Dark grayish brown,N/A,Silty clay,Silty clay ,
Stillmeadow Church Pt. 11,"39.28172313565791, 76.70011517770872",07/27/18,,N/A,N/A,N/A,N/A,N/A,N/A,N/A,N/A,N/A,N/A,N/A,N/A,N/A,N/A,N/A,N/A,N/A,N/A,N/A,N/A,N/A,N/A,
Stillmeadow Church Pt. 12,"39.28170084039676, 76.70049970063865",07/27/18,104- 0652/ 104- 0653,20,80,0,70,no ,yes,no,N/A,12cm,N/A,N/A,10YR,N/A,N/A,3/2,N/A,N/A,Very dark grayish brown,N/A,N/A,Silty clay ,N/A,
Stillmeadow Church Pt. 13,"39.28201168449238, 76.70050564295119",07/27/18,104- 0650/ 104- 0651,60,15,20,50,no ,yes,yes,N/A,10 cm,5.5 cm,N/A,10YR,2.5Y,N/A,2/2,3/3,N/A,Very dark brown ,Dark olive brown,N/A,Silty clay ,Silty clay,
Stillmeadow Church Pt. 14,"39.2823239502141, 76.70051269099338",07/30/18,N/A,N/A,N/A,N/A,N/A,N/A,N/A,N/A,N/A,N/A,N/A,N/A,N/A,N/A,N/A,N/A,N/A,N/A,N/A,N/A,N/A,N/A,N/A,
Stillmeadow Church Pt. 15,"39.28231392215995, 76.70088285502528",07/30/18,N/A,N/A,N/A,N/A,N/A,N/A,N/A,N/A,N/A,N/A,N/A,N/A,N/A,N/A,N/A,N/A,N/A,N/A,N/A,N/A,N/A,N/A,N/A,
Stillmeadow Church Pt. 16,"39.28201295420249, 76.7008643456181",07/30/18,104- 0678/ 104- 0679,50,50,0,150,no ,yes,yes,N/A,7 cm ,15 cm,N/A,10YR,10YR,N/A,3/3,4/3,N/A,Dark brown,Brown,N/A, Silty clay,Clay,
Stillmeadow Church Pt. 17,"39.28171152134694, 76.70086505812067",07/27/18,104- 0654/ 104- 0655,100,0,0,50,no,yes,yes,N/A,5 cm,14 cm,N/A,10YR,10YR,N/A,2/1,4/2,N/A,Black,Dark grayish brown,N/A,Silty clay,Silty clay,
Stillmeadow Church Pt. 18,"39.28142983600046, 76.70087219279694",07/30/18,104- 0661/ 104-0662,60,0,40,170,no,yes,yes,N/A,16 cm,8 cm,N/A,10YR,7.5YR,N/A,4/4,4/6,N/A,Dark yellowish brown,Strong Brown,N/A,Silty clay,Silty clay,
Stillmeadow Church Pt. 19,"39.28114076783005, 76.70122492782573",07/27/18,104- 0656/ 104- 0657,30,0,70,50,no,yes,yes,N/A,8 cm,14 cm,N/A,10YR,2.5Y,N/A,3/2,4/2,N/A,Very dark grayish brown,Dark grayish brown,N/A,Silty clay,Silty clay,
Stillmeadow Church Pt. 20,"39.28144039596449, 76.7012274513081",07/30/18,104- 0658/ 104- 0660,40,0,60,80,no,yes,yes,N/A,6 cm,18 cm,N/A,10YR,10YR,N/A,4/3,4/4,N/A,Dark yellowish brown,Dark yellowish brown,N/A,Silty clay,Silty clay,
Stillmeadow Church Pt. 21,"39.28170135486901, 76.70124471202659",07/30/18,104- 0674/ 104- 0675,70,30,0,120,no,yes,no,N/A,15 cm,N/A,N/A,7.5YR,N/A,N/A,3/4,N/A,N/A,Dark brown,N/A,N/A,Silty clay,N/A,
Stillmeadow Church Pt. 22,"39.2817020782844, 76.70160747733814",07/30/18,104- 0676/ 104- 0677,10,50,40,85,no,yes,yes,N/A,6.5 cm,12.5 cm,N/A,10YR,10YR,N/A,3/1,4/2,N/A,Very dark gray,Dark grayish brown,N/A,Silty clay,Silty clay,
Stillmeadow Church Pt. 23,"39.28143205508984, 76.70160215749579",07/30/18,104- 0670/ 104- 0671,25,75,0,140,no,yes,yes,N/A,6 cm,15 cm,N/A,7.5YR,7.5YR,N/A,2.5/2,3/4,N/A,Very dark brown,Dark brown,N/A,Silty clay,Silty clay,
Stillmeadow Church Pt. 24,"39.28114351792091, 76.70159896393491",07/30/18,104- 0672/ 104- 0673,36,0,64,80,no,yes,yes,N/A,4 cm,13 cm,N/A,10YR,10YR,N/A,3/2,4/4,N/A,Very dark grayish brown,Dark yellowish brown,N/A,Silty clay,Silty clay,
Stillmeadow Church Pt. 25,"39.28112376483699, 76.70195637826438",07/30/18,104- 0680/ 104- 0681,5,0,95,130,no,yes,yes,N/A,7 cm,13 cm,N/A,7.5YR,10YR,N/A,4/4,3/2,N/A,Brown,Very dark grayish brown,N/A,Silty clay,Sandy clay,
Stillmeadow Church Pt. 26,"39.28140723319641, 76.70195329949397",07/30/18,104- 0682/ 104- 0683,30,20,50,80,no,yes,yes,N/A,11 cm,13 cm,N/A,7.5YR,7.5YR,N/A,3/3,4/4,N/A,Dark brown,Brown,N/A,Silty clay,Silty clay,
Stillmeadow Church Pt. 27,"39.28142998762281, 76.7022976211648",07/30/18,104- 0687/ 104- 0688,30,0,70,60,no,yes,yes,N/A,15 cm,5 cm,N/A,10YR,7.5YR,N/A,3/3,4/6,N/A,Dark brown,Strong Brown,N/A,Clay,Sandy clay,
Stillmeadow Church Pt. 28,"39.28112966216077, 76.70231955253382",07/30/18,104- 0684/ 104- 0685,15,80,5,80,no,yes,yes,N/A,6 cm,15 cm,N/A,10YR,5YR,N/A,3/2,4/6,N/A,Very dark grayish brown,Yellowish red,N/A,Silty clay,Silty clay,
Stillmeadow Church Pt. 29,"39.28112713326135, 76.70269265650633",07/31/18,104- 0691/ 104- 0693,5,95,0,0,no,yes,yes,N/A,6 cm,10 cm,N/A,10YR,7.5YR,N/A,3/3,4/6,N/A,Dark brown,Strong Brown,N/A,Sandy clay,Clay,
Stillmeadow Church Pt. 30,"39.28142074829518, 76.70268680691254",07/30/18,104- 0689/ 104- 0690,15,15,70,80,no,yes,yes,N/A,6 cm,13 cm,N/A,10YR,7.5YR,N/A,2/2,4/4,N/A,Very dark brown,Brown,N/A,Sandy clay loam,Sandy clay loam,
Stillmeadow Church Pt. 31,"39.28140997422972, 76.70307933006966",07/31/18,N/A,N/A,N/A,N/A,N/A,N/A,N/A,N/A,N/A,N/A,N/A,N/A,N/A,N/A,N/A,N/A,N/A,N/A,N/A,N/A,N/A,N/A,N/A,
Stillmeadow Church Pt. 32,"39.28111871096704, 76.7030536389461",07/31/18,104- 0694/ 104-0695,70,10,20,50,yes,yes,yes,3 cm,6 cm,11 cm,10YR,10YR,7.5YR,2/1,3/3,4/6,Black,Dark brown,Strong Brown,Silty clay loam,Sandy clay,Clay,
Stillmeadow Church Pt. 33,"39.28111281136134, 76.70343078891254",07/31/18,104- 0696/ 104- 0697,85,15,0,50,no,yes,yes,N/A,5 cm,6 cm,N/A,10YR,10YR,N/A,3/2,3/6,N/A,Very dark grayish brown,Dark yellowish brown,N/A,Sandy clay loam,Sandy clay loam,
Stillmeadow Church Pt. 34,"39.28141367964228, 76.70343525409434",07/31/18,N/A,N/A,N/A,N/A,N/A,N/A,N/A,N/A,N/A,N/A,N/A,N/A,N/A,N/A,N/A,N/A,N/A,N/A,N/A,N/A,N/A,N/A,N/A,
Stillmeadow Church Pt. 35,"39.28168660860924, 76.70341757710787",07/31/18,N/A,N/A,N/A,N/A,N/A,N/A,N/A,N/A,N/A,N/A,N/A,N/A,N/A,N/A,N/A,N/A,N/A,N/A,N/A,N/A,N/A,N/A,N/A,
Stillmeadow Church Pt. 36,"39.28168527522887, 76.70377791854943",07/31/18,N/A,N/A,N/A,N/A,N/A,N/A,N/A,N/A,N/A,N/A,N/A,N/A,N/A,N/A,N/A,N/A,N/A,N/A,N/A,N/A,N/A,N/A,N/A,
Stillmeadow Church Pt. 37,"39.28140729573217, 76.70378469187766",07/31/18,N/A,N/A,N/A,N/A,N/A,N/A,N/A,N/A,N/A,N/A,N/A,N/A,N/A,N/A,N/A,N/A,N/A,N/A,N/A,N/A,N/A,N/A,N/A,
Stillmeadow Church Pt. 38,"39.28112146710664, 76.70377462140381",07/31/18,104- 0698/ 104- 0699,40,60,0,70,no,yes,yes,N/A,8 cm,15 cm,N/A,10YR,7.5YR,N/A,3/2,4/4,N/A,Very dark grayish brown,Brown,N/A,Silty clay,Sandy clay,
Stillmeadow Church Pt. 39,"39.28109790315414, 76.70415638893029",07/31/18,104- 0700/ 104- 0771,50,50,0,80,no,no ,yes,N/A,N/A,21 cm,N/A,N/A,7.5 YR,N/A,N/A,3/4,N/A,N/A,Dark yellowish brown,N/A,N/A,Sandy clay,
Stillmeadow Church Pt. 40,"39.28140019179828, 76.70414734712603",07/31/18,N/A,N/A,N/A,N/A,N/A,N/A,N/A,N/A,N/A,N/A,N/A,N/A,N/A,N/A,N/A,N/A,N/A,N/A,N/A,N/A,N/A,N/A,N/A,
Stillmeadow Church Pt. 41,"39.28167701355667, 76.70416023125733",07/31/18,N/A,N/A,N/A,N/A,N/A,N/A,N/A,N/A,N/A,N/A,N/A,N/A,N/A,N/A,N/A,N/A,N/A,N/A,N/A,N/A,N/A,N/A,N/A,
Stillmeadow Church Pt. 42,"39.2814031898042, 76.70451719597737",07/31/18,N/A,N/A,N/A,N/A,N/A,N/A,N/A,N/A,N/A,N/A,N/A,N/A,N/A,N/A,N/A,N/A,N/A,N/A,N/A,N/A,N/A,N/A,N/A,
Forest Glen Plot 2/ Pt. 1,"39.31817323935952, 76.69347572984145",08/01/18,104- 0713/ 104- 0715,60,10,30,70,no,yes,yes,N/A,5 cm,14.5 cm,N/A,7.5YR,7.5YR,N/A,3/3,4/4,N/A,Dark brown,Brown,N/A,Silty clay,Silty clay,
Forest Glen Plot 2/ Pt. 2,"39.31817533214412, 76.69308697930838",08/01/18,104- 0725/ 104- 0726,30,70,0,120,no,yes,no,N/A,17 cm,N/A,N/A,10YR,N/A,N/A,3/1,N/A,N/A,Very dark gray,N/A,N/A,Silty clay loam ,N/A,
Forest Glen Plot 2/ Pt. 3,"39.31818054047623, 76.69272622889132",,,,,,,,,,,,,,,,,,,,,,,,,
Forest Glen Plot 2/ Pt. 4,"39.31786321345618, 76.69270938626602",08/02/18,104- 0736/ 104- 0737,0,95,5,50,no,yes,no,N/A,16 cm,N/A,N/A,10YR,N/A,N/A,3/2,N/A,N/A,Very dark grayish brown,N/A,N/A,Silty clay loam,N/A,Point is at the top of a floodplain
Forest Glen Plot 2/ Pt. 5,"39.31786712739137, 76.69308237907788",08/02/18,104- 0733/ 104- 0734,0,0,100,30,no,yes,no,N/A,20.5 cm,N/A,10YR,N/A,N/A,N/A,3/2,N/A,N/A,Very dark grayish brown,N/A,N/A,Silty clay loam,N/A,
Forest Glen Plot 2/ Pt. 6,"39.31787076782895, 76.69348865617361",08/01/18,104- 0716/ 104- 0717,2,15,83,150,yes,no,yes,6.5 cm,N/A,22 cm,10YR,N/A,10YR,2/1,N/A,3/6,Black,N/A,Dark yellowish brown,Silt loam,N/A,Silty clay,
Forest Glen Plot 2/ Pt. 7,"39.31754613349077, 76.69347279189259",08/01/18,104- 0718/ 104- 0719,75,25,0,55,yes,no,yes,5 cm,N/A,15 cm,10YR,N/A,7.5YR,2/1,N/A,4/4,Black,N/A,Dark yellowish brown,Sandy clay,N/A,Sandy clay,Point is on an informal path with litter present
Forest Glen Plot 2/ Pt. 8,"39.31754928569559, 76.69308197061297",08/06/18,104- 0757/ 104- 0758,0,0,100,28,no,yes,no,N/A,5 cm,N/A,N/A,10YR,N/A,N/A,2/1,N/A,N/A,Black,N/A,N/A,Silty clay,N/A,
Forest Glen Plot 2/ Pt. 9,"39.31723218626192, 76.6930925248179",08/06/18,104- 0759/ 104- 0760,5,90,5,130,no,yes,no,N/A,4 cm,N/A,N/A,10YR,N/A,N/A,2/2,N/A,N/A,Very dark brown,N/A,N/A,Silty clay,N/A,
Forest Glen Plot 2/ Pt. 10,"39.31723427716475, 76.69347739900461",08/01/18,104- 0721/ 104- 0722,5,20,75,120,no,yes,no,N/A,17 cm,N/A,N/A,10YR,N/A,N/A,3/1,N/A,N/A,Very dark gray,N/A,N/A,Silty clay,N/A,Point is on an informal path with litter present
Forest Glen Plot 2/ Pt. 11,"39.31723250052627, 76.69387509555283",08/14/18,N/A,N/A,N/A,N/A,N/A,N/A,N/A,N/A,N/A,N/A,N/A,N/A,N/A,N/A,N/A,N/A,N/A,N/A,N/A,N/A,N/A,N/A,N/A,N/A
Forest Glen Plot 2/ Pt. 12,"39.3172178132431, 76.6942756535573",08/14/18,N/A,N/A,N/A,N/A,N/A,N/A,N/A,N/A,N/A,N/A,N/A,N/A,N/A,N/A,N/A,N/A,N/A,N/A,N/A,N/A,N/A,N/A,N/A,N/A
Forest Glen Plot 2/ Pt. 13,"39.31722832820516, 76.6946648453861",08/14/18,N/A,N/A,N/A,N/A,N/A,N/A,N/A,N/A,N/A,N/A,N/A,N/A,N/A,N/A,N/A,N/A,N/A,N/A,N/A,N/A,N/A,N/A,N/A,N/A
Forest Glen Plot 2/ Pt. 14,"39.31692329015632, 76.69466994723297",08/14/18,N/A,N/A,N/A,N/A,N/A,N/A,N/A,N/A,N/A,N/A,N/A,N/A,N/A,N/A,N/A,N/A,N/A,N/A,N/A,N/A,N/A,N/A,N/A,N/A
Forest Glen Plot 2/ Pt. 15,"39.31691202392891, 76.69427944704934",08/14/18,104- 0822/ 104- 0823,15,0,100,170,no ,yes,yes,N/A,2 cm,15.5 cm,N/A,10YR,7.5 YR,N/A,3/2,4/4,N/A,Very dark grayish brown,Dark yellowish brown,N/A,Silty clay loam,Sandy clay,Right by townhomes 
Forest Glen Plot 2/ Pt. 16,"39.31691664603512, 76.69386566828229",08/06/18,104- 0767/ 104- 0768,0,0,100,120,no ,yes,no,N/A,5.5 cm,N/A,N/A,10YR,N/A,N/A,2/2,N/A,N/A,Very dark brown,N/A,N/A,Silty clay,N/A,
Forest Glen Plot 2/ Pt. 17,"39.31691229226701, 76.69349670101501",08/01/18,104- 0723/ 104- 0724,20,0,80,120,no ,yes,yes,N/A,5 cm,9 cm,N/A,10YR,10YR,N/A,3/1,4/4,N/A,Very dark gray,Dark yellowish brown,N/A,Silty clay,Clay,Litter
Forest Glen Plot 2/ Pt. 18,"39.31661412643868, 76.69347377289964",08/14/18,104- 0814/ 104- 0815,55,0,100,120,no,yes,no,N/A,11 cm,6 cm,N/A,10YR,10YR,N/A,2/2,4/4,N/A,Very dark brown,Dark yellowish brown,N/A,Silty clay,Clay,
Forest Glen Plot 2/ Pt. 19,"39.31661066901446, 76.69387475220707",08/14/18,104- 0818/ 104- 0819,100,0,0,170,no,yes,yes,N/A,4 cm,7 cm,N/A,10YR,10YR,N/A,3/2,4/2,N/A,Very dark grayish brown,Dark grayish brown,N/A,Clay loam,Sandy clay,
Forest Glen Plot 2/ Pt. 20,"39.31660844398186, 76.69427723019736",08/14/18,104- 0820/ 104- 0821,18,10,72,80,yes,yes,yes,7.5 cm,4 cm,8.5 cm,10YR,2.5Y,7.5YR,2/2,3/3,5/8,Very dark brown,Dark olive brown,Yellowish brown,Silt loam,Silty clay loam,Sandy loam,
Forest Glen Plot 2/ Pt. 21,"39.31659186893191, 76.69466589039823",08/14/18,N/A,N/A,N/A,N/A,N/A,N/A,N/A,N/A,N/A,N/A,N/A,N/A,N/A,N/A,N/A,N/A,N/A,N/A,N/A,N/A,N/A,N/A,N/A,N/A
Forest Glen Plot 2/ Pt. 22,"39.31628986037858, 76.69581758867645",08/14/18,N/A,N/A,N/A,N/A,N/A,N/A,N/A,N/A,N/A,N/A,N/A,N/A,N/A,N/A,N/A,N/A,N/A,N/A,N/A,N/A,N/A,N/A,N/A,N/A
Forest Glen Plot 2/ Pt. 23,"39.31628422637656, 76.69544408570637",08/14/18,N/A,N/A,N/A,N/A,N/A,N/A,N/A,N/A,N/A,N/A,N/A,N/A,N/A,N/A,N/A,N/A,N/A,N/A,N/A,N/A,N/A,N/A,N/A,N/A
Forest Glen Plot 2/ Pt. 24,"39.31629060594879, 76.69504371169683",08/14/18,N/A,N/A,N/A,N/A,N/A,N/A,N/A,N/A,N/A,N/A,N/A,N/A,N/A,N/A,N/A,N/A,N/A,N/A,N/A,N/A,N/A,N/A,N/A,N/A
Forest Glen Plot 2/ Pt. 25,"39.31627776882724, 76.6946645472726",08/14/18,N/A,N/A,N/A,N/A,N/A,N/A,N/A,N/A,N/A,N/A,N/A,N/A,N/A,N/A,N/A,N/A,N/A,N/A,N/A,N/A,N/A,N/A,N/A,N/A
Forest Glen Plot 2/ Pt. 26,"39.31627935195203, 76.69427992279641",08/14/18,N/A,N/A,N/A,N/A,N/A,N/A,N/A,N/A,N/A,N/A,N/A,N/A,N/A,N/A,N/A,N/A,N/A,N/A,N/A,N/A,N/A,N/A,N/A,N/A
Forest Glen Plot 2/ Pt. 27,"39.31628489721234, 76.69386908404491",08/14/18,104-0812/ 104- 0813,80,20,0,195,no,yes,no,N/A,11 cm,N/A,N/A,2.5Y,N/A,N/A,3/3,N/A,N/A,Dark olive brown,N/A,N/A,Sandy clay loam,N/A,
Forest Glen Plot 2/ Pt. 28,"39.31629050045957, 76.69348733728447",08/14/18,104- 0816/ 104- 0817,100,0,0,160,no,yes,no,N/A,16 cm,N/A,N/A,10YR,N/A,N/A,3/4,N/A,N/A,Dark yellowish brown,N/A,N/A,Sandy clay,N/A,
Forest Glen Plot 2/ Pt. 29,"39.3159689883672, 76.69388021501794",08/14/18,104- 0808/ 104- 0809,1,99,0,110,no ,yes,yes,N/A,5 cm,13 cm,N/A,10YR,10YR,N/A,3/1,4/4,N/A,Very dark gray,Dark yellowish brown,N/A,Silty clay loam,Sandy clay,Closer to very steep cliff 
Forest Glen Plot 2/ Pt. 30,"39.31597301822933, 76.69428803121379",08/14/18,N/A,N/A,N/A,N/A,N/A,N/A,N/A,N/A,N/A,N/A,N/A,N/A,N/A,N/A,N/A,N/A,N/A,N/A,N/A,N/A,N/A,N/A,N/A,N/A
Forest Glen Plot 3/ Pt. 1,"39.31596466053724, 76.69466835125392",08/02/18,104- 0741/ 104- 0742,10,90,0,110,yes ,no,no,4 cm,N/A,N/A,10YR,N/A,N/A,2/1,N/A,N/A,Black,N/A,N/A,Sandy loam,N/A,N/A,"Soil is very shallow, rocky with open area between two forest plots."
Forest Glen Plot 3/ Pt. 2,"39.31596038781198, 76.69505747572399",08/02/18,104- 0739/ 104- 0740,4,0,96,65,no,yes,no,N/A,16 cm,N/A,N/A,10YR,N/A,N/A,2/2,N/A,N/A,Very dark brown,N/A,N/A,Silty clay,N/A,"At top of floodplain, bottom of steep slope."
Forest Glen Plot 3/ Pt. 3,"39.31596762076492, 76.69545053686912",08/02/18,104- 0743/ 104- 0744,90,10,0,150,no,yes,no,N/A,6 cm,N/A,N/A,10YR,N/A,N/A,2/1,N/A,N/A,Black,N/A,N/A,Sandy loam,N/A,On an informal path inbetween two forest plots.
Forest Glen Plot 3/ Pt. 4,"39.31596924707432, 76.69583300601325",08/02/18,N/A,N/A,N/A,N/A,N/A,N/A,N/A,N/A,N/A,N/A,N/A,N/A,N/A,N/A,N/A,N/A,N/A,N/A,N/A,N/A,N/A,N/A,N/A,N/A
Forest Glen Plot 3/ Pt. 5,"39.31565357338122, 76.69621926168711",08/02/18,N/A,N/A,N/A,N/A,N/A,N/A,N/A,N/A,N/A,N/A,N/A,N/A,N/A,N/A,N/A,N/A,N/A,N/A,N/A,N/A,N/A,N/A,N/A,N/A
Forest Glen Plot 3/ Pt. 6,"39.31565157194089, 76.69583393240654",08/02/18,104- 0745/ 104- 0746,40,60,0,120,no,yes,no,N/A,6 cm,N/A,N/A,10YR,N/A,N/A,2/1,N/A,N/A,Black,N/A,N/A,Loam,N/A,"On an informal path between two forestplots, very muddy."
Forest Glen Plot 3/ Pt. 7,"39.31564763035105, 76.69543109136789",08/07/18,104- 0806/ 104- 0807,90,0,100,180,no,yes,no,N/A,13 cm,N/A,N/A,10YR,N/A,N/A,3/2,N/A,N/A,Very dark grayish brown,N/A,N/A,Silty clay loam,N/A,
Forest Glen Plot 3/ Pt. 8,"39.31563853900235, 76.69505526718882",08/06/18,104- 0761/ 104- 0762,30,20,50,160,no,yes,no,N/A,8.5 cm,N/A,N/A,10YR,N/A,N/A,2/2,N/A,N/A,Very dark brown,N/A,N/A,Silty clay,N/A,All vines are Vitis riparia
Forest Glen Plot 3/ Pt. 9,"39.31565310455355, 76.69468016873057",08/07/18,104- 0804/ 104- 0805,10,90,0,155,no,yes,no,N/A,13 cm,N/A,N/A,10YR,N/A,N/A,3/1,N/A,N/A,Very dark gray,N/A,N/A,Silty clay loam,N/A,
Forest Glen Plot 3/ Pt. 10,"39.31565065677063, 76.69427500701292",08/02/18,104- 0747/ 104- 0748,2,96,2,165,no,yes,no,N/A,12 cm,N/A,N/A,10YR,N/A,N/A,2/1,N/A,N/A,Black,N/A,N/A,Silty clay,N/A,On informal path
Forest Glen Plot 3/ Pt. 11,"39.3178614541275, 76.69232798021112",08/02/18,104- 0755/ 104- 0756,100,0,0,70,yes,yes,no,4 cm,6 cm,N/A,10YR,2.5Y,N/A,2/1,4/2,N/A,Black,Dark grayish brown,N/A,Silty clay loam,Sandy clay loam,N/A,Right at the top of flood plain on cliff
Forest Glen Plot 3/ Pt. 12,"39.31753722292344, 76.69270607362661",08/14/18,N/A,N/A,N/A,N/A,N/A,N/A,N/A,N/A,N/A,N/A,N/A,N/A,N/A,N/A,N/A,N/A,N/A,N/A,N/A,N/A,N/A,N/A,N/A,N/A
Forest Glen Plot 3/ Pt. 13,"39.31754431063604, 76.69230325242728",08/02/18,104- 0749/ 104- 0750,35,65,0,140,no ,yws,no,N/A,4 cm,N/A,N/A,10YR,N/A,N/A,2/1,N/A,N/A,Black ,N/A,N/A,Silt clay loam,N/A,On informal path
Forest Glen Plot 3/ Pt. 14,"39.31754989265694, 76.69193143529085",08/02/18,104- 0801/ 104- 0803,15,75,10,120,no,yes,yes,N/A,9 cm,11 cm,N/A,10YR,10YR,N/A,3/2,3/6,N/A,Very dark grayish brown,Dark yellowish brown,N/A,Silty clay,Clay,
Forest Glen Plot 3/ Pt. 15,"39.31721775438732, 76.69193202488036",08/06/18,104- 0765/ 104- 0764,60,40,0,110,no,yes,no,N/A,11 cm,N/A,N/A,10YR,N/A,N/A,2/1,N/A,N/A,Black,N/A,N/A,Silty clay,N/A,
Forest Glen Plot 3/ Pt. 16,"39.31722629250112, 76.69232940321967",08/06/18,104- 0767/ 104- 0768,0,0,100,120,no,yes,no,N/A,5.5 cm,N/A,N/A,10YR,N/A,N/A,2/2,N/A,N/A,Very dark brown,N/A,N/A,Silty clay ,N/A,
Forest Glen Plot 3/ Pt. 17,"39.31721203563923, 76.69271016676598",08/07/18,104- 0797/ 104- 0798,35,0,100,170,no,yes,no,N/A,14 cm,N/A,N/A,10YR,N/A,N/A,3/1,N/A,N/A,Very dark gray,N/A,N/A,Silt loam,N/A,
Forest Glen Plot 3/ Pt. 18,"39.31691315383633, 76.69309642555332",08/02/18,104- 0751/ 104- 0752,1,99,0,155,no ,yes,no,N/A,5 cm ,N/A,N/A,10YR,N/A,N/A,2/1,N/A,N/A,Black,N/A,N/A,Silt loam,N/A,Point is on an informal path; soil is very rocky
Forest Glen Plot 3/ Pt. 19,"39.31691367076483, 76.69271721061838",08/02/18,104-0753/ 104-0754,10,80,10,120,no,yes,no,N/A,8 cm,N/A,N/A,10YR,N/A,N/A,2/1,N/A,N/A,Black,N/A,N/A,Silt loam,N/A,Point is on an informal path
Forest Glen Plot 3/ Pt. 20,"39.31691200739361, 76.69231632965057",07/08/18,104- 0793/ 104- 0794,22,0,100,120,no,yes,yes,N/A,10 cm,12 cm,N/A,2.5Y,2.5Y,N/A,3/2,4/3,N/A,Very dark grayish brown,Olive brown,N/A,Silty clay ,Clay,
Forest Glen Plot 3/ Pt. 21,"39.31691499780906, 76.69194038361314",08/06/18,104- 0769/ 104- 0770,70,0,30,120,no ,yes,no,N/A,12 cm,N/A,N/A,10YR,N/A,N/A,3/2,N/A,N/A,Very dark grayish brown,N/A,N/A,Silty clay ,N/A,
Forest Glen Plot 3/ Pt. 22,"39.31660595816854, 76.69193712630815",08/14/18,N/A,N/A,N/A,N/A,N/A,N/A,N/A,N/A,N/A,N/A,N/A,N/A,N/A,N/A,N/A,N/A,N/A,N/A,N/A,N/A,N/A,N/A,N/A,N/A
Forest Glen Plot 3/ Pt. 23,"39.31660137561242, 76.69232317943917",08/14/18,104- 0810/ 104- 0811,6,94,0,no,yes,no,N/A,N/A,13 cm,N/A,N/A,5YR,N/A,N/A,4/2,N/A,N/A,olive gray,N/A,N/A,Sandy clay,N/A,On edge of steep cliff with hybrid oaks.
Forest Glen Plot 3/ Pt. 24,"39.31660236546036, 76.6927108331881",08/06/18,104- 0773/ 104- 0774,45,0,55,170,yes,yes,yes,7 cm,5 cm,9 cm,10YR,10YR,10YR,2/2,3/3,4/4,Very dark brown,Dark brown,Dark yellowish brown,Silty clay,Silty clay,Clay,
Forest Glen Plot 3/ Pt. 25,"39.31660591134376, 76.69309882772964",08/06/18,104- 0771/ 104- 0772,35,5,60,100,no ,yes,yes,N/A,11 cm,9.5 cm,N/A,10YR,10YR,N/A,3/3,3/4,N/A,Dark brown,Dark yellowish brown,N/A,Silty clay ,Clay,
Forest Glen Plot 3/ Pt. 26,"39.31629046703206, 76.69309488990615",08/07/18,104- 0791/ 104- 0792,10,0,100,140,no,yes,yes,N/A,12 cm,8 cm,N/A,10YR,10YR,N/A,3/1,3/4,N/A,Very dark gray,Dark yellowish brown,N/A,Silty clay loam,Clay,
Forest Glen Plot 3/ Pt. 27,"39.31628599569788, 76.69271134595169",08/07/18,104- 0789/ 104- 0890,27,0,100,110,no,yes,yes,N/A,8 cm,13 cm,N/A,10YR,10YR,N/A,3/2,4/4,N/A,Very dark grayish brown,Dark yellowish brown,N/A,Silty clay,Clay,
Forest Glen Plot 3/ Pt. 28,"39.3162825297652, 76.69231597929401",08/06/18,104- 0775/ 104- 0776,35,0,100,130,yes,yes,yes,9.5 cm,5.5 cm,8.5 cm,10YR,10YR,7.5YR,3/1,3/2,4/4,Very dark gray,Very dark grayish brown,Dark yellowish brown,Silty clay,Silty clay,Clay,
Forest Glen Plot 3/ Pt. 29,"39.31596877555895, 76.69232683366228",08/06/18,104- 0779/ 104- 0780,5,0,100,170,yes,yes,no,4 cm,12 cm,N/A,10YR,10YR,N/A,2/2,3/2,N/A,Very dark brown,Very dark grayish brown,N/A,Silty clay loam,Silty clay,N/A,
Forest Glen Plot 3/ Pt. 30,"39.31596716637133, 76.69271235215027",08/06/18,N/A,N/A,N/A,N/A,N/A,N/A,N/A,N/A,N/A,N/A,N/A,N/A,N/A,N/A,N/A,N/A,N/A,N/A,N/A,N/A,N/A,N/A,N/A, Cliff made it impossible to analyze other points
Forest Glen Plot 3/ Pt. 31,"39.31597078735945, 76.69307042139786",08/06/18,N/A,N/A,N/A,N/A,N/A,N/A,N/A,N/A,N/A,N/A,N/A,N/A,N/A,N/A,N/A,N/A,N/A,N/A,N/A,N/A,N/A,N/A,N/A,
Forest Glen Plot 3/ Pt. 32,"39.3159749178573, 76.69349851942282",08/06/18,N/A,N/A,N/A,N/A,N/A,N/A,N/A,N/A,N/A,N/A,N/A,N/A,N/A,N/A,N/A,N/A,N/A,N/A,N/A,N/A,N/A,N/A,N/A,
Forest Glen Plot 3/ Pt. 33,"39.31566056473964, 76.69385403332156",08/06/18,N/A,N/A,N/A,N/A,N/A,N/A,N/A,N/A,N/A,N/A,N/A,N/A,N/A,N/A,N/A,N/A,N/A,N/A,N/A,N/A,N/A,N/A,N/A,
Forest Glen Plot 3/ Pt. 34,"39.31566202421809, 76.69349367223396",08/06/18,N/A,N/A,N/A,N/A,N/A,N/A,N/A,N/A,N/A,N/A,N/A,N/A,N/A,N/A,N/A,N/A,N/A,N/A,N/A,N/A,N/A,N/A,N/A,
Forest Glen Plot 3/ Pt. 35,"39.3156531485155, 76.69309219295383",08/06/18,N/A,N/A,N/A,N/A,N/A,N/A,N/A,N/A,N/A,N/A,N/A,N/A,N/A,N/A,N/A,N/A,N/A,N/A,N/A,N/A,N/A,N/A,N/A,
Forest Glen Plot 3/ Pt. 36,"39.3156520497276, 76.69270631968247",08/06/18,N/A,N/A,N/A,N/A,N/A,N/A,N/A,N/A,N/A,N/A,N/A,N/A,N/A,N/A,N/A,N/A,N/A,N/A,N/A,N/A,N/A,N/A,N/A,
Forest Glen Plot 3/ Pt. 37,"39.31532952110505, 76.6927010711342",08/06/18,N/A,N/A,N/A,N/A,N/A,N/A,N/A,N/A,N/A,N/A,N/A,N/A,N/A,N/A,N/A,N/A,N/A,N/A,N/A,N/A,N/A,N/A,N/A,
Forest Glen Plot 3/ Pt. 38,"39.31533345084511, 76.69308382334424",08/06/18,N/A,N/A,N/A,N/A,N/A,N/A,N/A,N/A,N/A,N/A,N/A,N/A,N/A,N/A,N/A,N/A,N/A,N/A,N/A,N/A,N/A,N/A,N/A,
Forest Glen Plot 3/ Pt. 39,"39.31533423604684, 76.69349445896708",08/06/18,N/A,N/A,N/A,N/A,N/A,N/A,N/A,N/A,N/A,N/A,N/A,N/A,N/A,N/A,N/A,N/A,N/A,N/A,N/A,N/A,N/A,N/A,N/A,
Forest Glen Plot 3/ Pt. 40,"39.31533014782107, 76.69386156405015",08/06/18,N/A,N/A,N/A,N/A,N/A,N/A,N/A,N/A,N/A,N/A,N/A,N/A,N/A,N/A,N/A,N/A,N/A,N/A,N/A,N/A,N/A,N/A,N/A,
Forest Glen Plot 3/ Pt. 41,"39.31532230629889, 76.69429124947581",08/06/18,104- 0777/ 104- 0778,20,0,100,120,yes,yes,no,3 cm,14 cm,N/A,10YR,2.5Y,N/A,2/1,4/2,N/A,Black,Dark grayish brown,N/A,Silty clay loam,Clay,N/A,
Forest Glen Plot 3/ Pt. 42,"39.3153409960871, 76.69467463609234",08/07/18,104- 0781/ 104- 0782,55,0,100,80,yes,yes,yes,5 cm,5 cm,11 cm,10YR,10YR,10YR,3/1,3/3,4/3,Very dark gray,Dark brown,Dark yellowish brown,Silty clay loam,Silty clay,Silty clay,
Village Square Pt. 1,"39.3546060799364, 76.64697241187209",08/15/18,104- 0824/ 104- 0825,6,94,0,110,no,yes,no,N/A,10 cm,N/A,N/A,10YR,N/A,N/A,3/2,N/A,N/A,Very dark grayish brown,N/A,N/A,Sandy clay,N/A,
Village Square Pt. 2,"39.35457220858788, 76.64739459392133",08/15/18,104- 0826/ 104- 0827,75,25,0,130,no,yes,no,N/A,14 cm,N/A,N/A,10YR,N/A,N/A,3/2,N/A,N/A,Very dark grayish brown,N/A,N/A,Sandy loam,N/A,Right by parking lot and buildings
Village Square Pt. 3,"39.35491888460921, 76.64705732254021",08/15/18,104- 0830/ 104- 0831,32,0,100,130,no,yes,yes,N/A,6 cm,8 cm,N/A,10YR,10YR,N/A,3/3,4/6,N/A,Dark brown,Dark yellowish brown,N/A,Silty clay,Clay loam,Right by river on a steep slope
Village Square Pt. 4,"39.35490472912087, 76.64744821041852",08/15/18,104- 0828/ 104- 0829,20,80,0,175,no,yes,no,N/A,9 cm,N/A,N/A,10YR,N/A,N/A,3/1,N/A,N/A,Very dark gray,N/A,N/A,Sandy loam,N/A,
Village Square Pt. 5,"39.35485446693986, 76.64786907311778",08/15/18,N/A,N/A,N/A,N/A,N/A,N/A,N/A,N/A,N/A,N/A,N/A,N/A,N/A,N/A,N/A,N/A,N/A,N/A,N/A,N/A,N/A,N/A,N/A,
Village Square Pt. 6,"39.35525248203846, 76.64710454865997",08/15/18,104- 0832/ 104- 0833,0,0,100,170,no,yes,yes,N/A,6 cm,17 cm,N/A,10YR,7.5YR,N/A,4/4,4/4,N/A,Dark yelllowish brown,Brown,N/A,Silty clay,clay,
Village Square Pt. 7,"39.35522413675066, 76.64751820821186",08/16/18,104- 0857/ 104- 0858,30,0,70,110,no,yes,yes,N/A,8 cm,11 cm,N/A,10YR,5YR,N/A,3/6,4/6,N/A,Dark yelllowish brown,Yellowish red,N/A,Silty clay loam,Sandy loam,
Village Square Pt. 8,"39.3551771062567, 76.64791990532353",08/16/18,104- 0859/ 104- 0860,100,0,0,220,no,yes,no,N/A,4.5 cm,N/A,N/A,5Y,N/A,N/A,3/2,N/A,N/A,Dark olive gray,N/A,N/A,Loam,N/A,"Could not go full 30m, only 22m "
Village Square Pt. 9,"39.35559982272667, 76.64716234373319",08/15/18,104- 0834/ 104 -0835,1,0,99,180,no ,yes,yes,N/A,8.5 cm,10 cm,N/A,10YR,10YR,N/A,3/6,4/4,N/A,Dark yellowish brown,Dark yellowish brown,N/A,Silty clay loam,Sandy clay,Right next to fence
Village Square Pt. 10,"39.35555728756832, 76.6475987753788",08/15/18,104- 0836/ 104 -0837,25,0,100,135,no ,yes,no,N/A,15 cm,N/A,N/A,10YR,N/A,N/A,3/2,N/A,N/A,Very dark grayish brown,N/A,N/A,Silty clay loam,N/A,Top of the steep slope
Village Square Pt. 11,"39.35554376123654, 76.64801661624514",08/16/18,104- 0861/ 104- 0862,50,50,0,210,no,yes,no,N/A,4 cm,N/A,N/A,5Y,N/A,N/A,3/2,N/A,N/A,Dark olive gray,N/A,N/A,Loam,N/A,At top of steep slope
Village Square Pt. 12,"39.3554731052475, 76.648404959814",08/16/18,104- 0863/ 104- 0864,70,30,0,100,no,yes,no,N/A,20 cm,N/A,N/A,10YR,N/A,N/A,3/2,N/A,N/A,Very dark grayish brown,N/A,N/A,Loamy sand,N/A,Right by river on a floodplain
Village Square Pt. 13,"39.35574395520008, 76.64891639262017",08/16/18,104- 0865/ 104- 0866,75,25,0,100,no,yes,no,N/A,18 cm,N/A,N/A,10YR,N/A,N/A,3/2,N/A,N/A,Very dark grayish brown,N/A,N/A,Loamy sand,N/A,Right by river on a floodplain
Village Square Pt. 14,"39.35580023834398, 76.64849052785876",08/16/18,N/A,N/A,N/A,N/A,N/A,N/A,N/A,N/A,N/A,N/A,N/A,N/A,N/A,N/A,N/A,N/A,N/A,N/A,N/A,N/A,N/A,N/A,N/A,
Village Square Pt. 15,"39.35584897889394, 76.64810938757722",08/24/16,105- 0920/ 105- 0921,40,40,20,130,no,yes,yes,N/A,6 cm,14.5 cm,N/A,5YR,5YR,N/A,3/2,4/6,N/A,Dark reddish brown,Yellowish red,N/A,Silty clay,Clay,Some of the trees were behind a fence on private property and were maintained 
Village Square Pt. 16,"39.35618244464543, 76.64812436510036",08/24/18,105- 0922/ 105- 0923,30,70,0,170,no,yes,yes,N/A,3 cm,15.5 cm,N/A,7.5YR,7.5YR,N/A,4/4,3/3,N/A,Dark yellowish brown,Dark brown,N/A,Silty clay loam,Clay,Some trees were behind a fence and were maintained by landscapers
Village Square Pt. 17,"39.35614206656761, 76.64854741074339",08/21/18,105- 0873/ 105- 0874,35,65,0,190,no,yes,no,N/A,5.5 cm,N/A,N/A,2.5 Y,N/A,N/A,3/2,N/A,N/A,Very dark grayish brown,N/A,N/A,Clay loam,N/A,Point is located on an informal path on the edge of a steep cliff
Village Square Pt. 18,"39.35607782239367, 76.64898086995454",08/16/18,104- 0867/ 104- 0868,75,25,0,40,no,yes,no,N/A,36 cm,N/A,N/A,10YR,N/A,N/A,3/2,N/A,N/A,Very dark grayish brown,N/A,N/A,Loamy sand,N/A,Right by river on a floodplain
Village Square Pt. 19,"39.35642895693174, 76.64902305103946",08/16/18,104- 0869/ 104- 0870,80,20,0,55,no,yes,no,N/A,24 cm,N/A,N/A,10YR,N/A,N/A,3/2,N/A,N/A,Very dark grayish brown,N/A,N/A,Loamy sand,N/A,Right by river on a floodplain
Village Square Pt. 20,"39.3564693391418, 76.64859991301333",08/21/18,105- 0875/ 105- 0876,100,0,0,226,no,yes,no,N/A,6.5 cm,N/A,N/A,5Y,N/A,N/A,3/2,N/A,N/A,Dark olive gray,N/A,N/A,Loam,N/A,Point is located on an informal path on the edge of a steep cliff
Village Square Pt. 21,"39.35651816469781, 76.6481791571194",08/22/18,105- 0916/ 105- 0917,10,80,10,105,no,yes,no,N/A,16 cm,N/A,N/A,10YR,N/A,N/A,3/2,N/A,N/A,Very dark grayish brown,N/A,N/A,Loamy sand,N/A,Point is right next to tennis courts and buildings
Village Square Pt. 22,"39.35674758553699, 76.6490957712481",08/16/18,104- 0871/ 104- 0872,60,0,40,70,no,yes,no,N/A,23 cm,N/A,N/A,10YR,N/A,N/A,3/2,N/A,N/A,Very dark grayish brown,N/A,N/A,Loamy sand,N/A,Right by river on a floodplain
Village Square Pt. 23,"39.35679824689503, 76.6486642021556",08/21/18,105- 0877/ 105- 0878,70,30,0,238,no,yes,no,N/A,3.5 cm,N/A,N/A,5Y,N/A,N/A,3/2,N/A,N/A,Dark olive gray,N/A,N/A,Clay loam,N/A,On an informal path at the top of a steep cliff
Village Square Pt. 24,"39.35685642673801, 76.648240483794",08/24/18,105- 0924/ 105- 0925,35,20,50,186,no,yes,no,N/A,16 cm,N/A,N/A,7.5YR,N/A,N/A,3/1,N/A,N/A,Very dark gray,N/A,N/A,Sandy clay,N/A,
Village Square Pt. 25,"39.35707905478969, 76.6491495088121",08/21/18,N/A,N/A,N/A,N/A,N/A,N/A,N/A,N/A,N/A,N/A,N/A,N/A,N/A,N/A,N/A,N/A,N/A,N/A,N/A,N/A,N/A,N/A,N/A,N/A
Village Square Pt. 26,"39.35713908526721, 76.6487147889338",08/21/18,105- 0879/ 105- 0880,65,35,0,135,no,yes,no,N/A,14.5 cm,N/A,N/A,5Y,N/A,N/A,3/2,N/A,N/A,Dark olive gray,N/A,N/A,Sandy loam,N/A,"No trees are ""in"", the point is on an informal path next to a steep cliff"
Village Square Pt. 27,"39.3571646626935, 76.64832759091942",08/24/18,105- 0928/ 105- 0927,15,0,85,155,no,yes,no,N/A,15.5 cm ,N/A,N/A,7.5YR,N/A,N/A,3/1,N/A,N/A,Very dark gray,N/A,N/A,Silty clay loam,N/A,Right behind townhomes
Village Square Pt. 28,"39.35741264030793, 76.64921462514737",08/24/18,N/A,N/A,N/A,N/A,N/A,N/A,N/A,N/A,N/A,N/A,N/A,N/A,N/A,N/A,N/A,N/A,N/A,N/A,N/A,N/A,N/A,N/A,N/A,N/A
Village Square Pt. 29,"39.35747833285366, 76.64879881509769",08/21/18,105- 0882/ 105- 0893,25,75,0,90,yes,yes,no,4 cm,8 cm,N/A,2.5Y,10YR,N/A,3/2,3/3,N/A,Very dark grayish brown,Dark brown,N/A,Silty clay loam,Sandy loam,N/A,"On an informal path, at the top of a steep slope"
Village Square Pt. 30,"39.35752054889311, 76.64836494880602",08/24/18,105- 0929/ 105- 0930,17,0,83,189,no,yes,no,N/A,15 cm,N/A,N/A,7.5YR,N/A,N/A,3/1,N/A,N/A,Very dark gray,N/A,N/A,Silt loam,N/A,Right behind townhomes
Village Square Pt. 31,"39.35774545387751, 76.64928587294882",08/24/18,N/A,N/A,N/A,N/A,N/A,N/A,N/A,N/A,N/A,N/A,N/A,N/A,N/A,N/A,N/A,N/A,N/A,N/A,N/A,N/A,N/A,N/A,N/A,
Village Square Pt. 32,"39.35780455665148, 76.64885668637163",08/24/18,105- 0900/ 105- 0901,30,70,0,155,no,yes,yes,N/A,9 cm,8.5 cm,N/A,2.5Y,2.5Y,N/A,3/2,3/3,N/A,Very dark grayish brown,Dark olive brown,N/A,Silty clay,Silty clay loam,"On an informal path, at the top of a steep slope"
Village Square Pt. 33,"39.35784585475063, 76.64842819744524",08/24/18,105- 0931/ 105- 0932,5,50,45,200,no,yes,no,N/A,22 cm,N/A,N/A,2.5Y,N/A,N/A,3/2,N/A,N/A,Very dark grayish brown,N/A,N/A,Silty clay loam,N/A,Right behind townhomes
Village Square Pt. 34,"39.35790221471667, 76.64801846580994",08/24/18,105- 0933/ 105- 0934,20,0,80,210,no,yes,no,N/A,5.5 cm,N/A,N/A,2.5Y,N/A,N/A,4/2,N/A,N/A,Dark grayish brown,N/A,N/A,Silty clay loam,N/A,Right behind townhomes
Village Square Pt. 35,"39.35793594219877, 76.64759263959947",08/24/18,N/A,N/A,N/A,N/A,N/A,N/A,N/A,N/A,N/A,N/A,N/A,N/A,N/A,N/A,N/A,N/A,N/A,N/A,N/A,N/A,N/A,N/A,N/A,
Village Square Pt. 36,"39.35808145949437, 76.64935634461104",08/21/18,105 - 0902/ 105- 0903,50,50,0,155,no,yes,no,N/A,12.5 cm,N/A,N/A,2.5Y,N/A,N/A,3/3,N/A,N/A,Dark olive brown,N/A,N/A,Silty clay,N/A,on edge of steep slope on an informal path
Village Square Pt. 37,"39.35813863753718, 76.64891578805573",08/24/18,105- 0940/ 105- 0941,20,80,0,145,no,yes,no,N/A,19.5 cm,N/A,N/A,5Y,N/A,N/A,4/2,N/A,N/A,Olive gray,N/A,N/A,Silt loam,N/A,
Village Square Pt. 38,"39.3581779037122, 76.64848633998712",08/21/18,105- 0912/ 105- 0913,65,0,35,185,no,yes,no,N/A,9.5 cm,N/A,N/A,10YR,N/A,N/A,4/2,N/A,N/A,Dark grayish brown,N/A,N/A,Clay,N/A,
Village Square Pt. 39,"39.3584192095456, 76.64940910266786",08/24/18,105- 0935/ 105- 0936,17,50,33,130,no,yes,yes,N/A,9 cm,10 cm,N/A,5Y,2.5Y,N/A,3/1,4/4,N/A,Very dark gray,Olive brown,N/A,Silty clay loam,Silty clay,
Village Square Pt. 40,"39.35846671763319, 76.64898270797966",08/21/18,105- 0904/ 105- 0905,90,10,0,175,no,yes,no,N/A,15 cm,N/A,N/A,2.5Y,N/A,N/A,3/2,N/A,N/A,Very dark grayish brown,N/A,N/A,Silty clay,N/A,on edge of steep slope on an informal path
Village Square Pt. 41,"39.35852089759106, 76.6485473955302",08/24/18,105- 0937/ 105- 0938,40,10,50,162,no,yes,no,N/A,15 cm,N/A,N/A,2.5Y,N/A,N/A,3/1,N/A,N/A,Very dark gray,N/A,N/A,Silty clay loam,N/A,Right by fence and buildings
Village Square Pt. 42,"39.35873923133506, 76.64947287353142",08/24/18,N/A,N/A,N/A,N/A,N/A,N/A,N/A,N/A,N/A,N/A,N/A,N/A,N/A,N/A,N/A,N/A,N/A,N/A,N/A,N/A,N/A,N/A,N/A,
Village Square Pt. 43,"39.35880173149734, 76.64903993171853",08/21/18,105- 0906/ 105- 0907,100,0,0,165,no,yes,yes,N/A,10.5 cm,9 cm,N/A,5Y,5Y,N/A,4/3,4/2,N/A,Olive,Olive gray,N/A,Sandy clay loam,Sandy loam,"At top of steep cliff, vines are completely engulfing the trees"
Village Square Pt. 44,"39.35884873129416, 76.64860741160899",08/21/18,105- 0908/ 105- 0909,30,0,70,210,no,yes,no,N/A,14.5 cm,N/A,N/A,2.5Y,N/A,N/A,3/3,N/A,N/A,Dark olive brown,N/A,N/A,Silty clay,N/A,
Village Square Pt. 45,"39.35908936364334, 76.64952521738628",08/24/18,N/A,N/A,N/A,N/A,N/A,N/A,N/A,N/A,N/A,N/A,N/A,N/A,N/A,N/A,N/A,N/A,N/A,N/A,N/A,N/A,N/A,N/A,N/A,All other points in this plot are behind a fence and are inaccessible 
Village Square Pt. 46,"39.35912755336561, 76.64911831715894",08/24/18,N/A,N/A,N/A,N/A,N/A,N/A,N/A,N/A,N/A,N/A,N/A,N/A,N/A,N/A,N/A,N/A,N/A,N/A,N/A,N/A,N/A,N/A,N/A,
Village Square Pt. 47,"39.35918197497671, 76.64870044639662",08/24/18,N/A,N/A,N/A,N/A,N/A,N/A,N/A,N/A,N/A,N/A,N/A,N/A,N/A,N/A,N/A,N/A,N/A,N/A,N/A,N/A,N/A,N/A,N/A,
Village Square Pt. 48,"39.35921666558309, 76.64825137732254",08/24/18,N/A,N/A,N/A,N/A,N/A,N/A,N/A,N/A,N/A,N/A,N/A,N/A,N/A,N/A,N/A,N/A,N/A,N/A,N/A,N/A,N/A,N/A,N/A,
Village Square Pt. 49,"39.35941260325301, 76.64959607002379",08/24/18,N/A,N/A,N/A,N/A,N/A,N/A,N/A,N/A,N/A,N/A,N/A,N/A,N/A,N/A,N/A,N/A,N/A,N/A,N/A,N/A,N/A,N/A,N/A,
Village Square Pt. 50,"39.35947467432501, 76.64914584044402",08/24/18,N/A,N/A,N/A,N/A,N/A,N/A,N/A,N/A,N/A,N/A,N/A,N/A,N/A,N/A,N/A,N/A,N/A,N/A,N/A,N/A,N/A,N/A,N/A,
Village Square Pt. 51,"39.35951950668727, 76.64872989204295",08/24/18,N/A,N/A,N/A,N/A,N/A,N/A,N/A,N/A,N/A,N/A,N/A,N/A,N/A,N/A,N/A,N/A,N/A,N/A,N/A,N/A,N/A,N/A,N/A,
Village Square Pt. 52,"39.35975355876438, 76.64965051752006",08/24/18,N/A,N/A,N/A,N/A,N/A,N/A,N/A,N/A,N/A,N/A,N/A,N/A,N/A,N/A,N/A,N/A,N/A,N/A,N/A,N/A,N/A,N/A,N/A,
Village Square Pt. 53,"39.35981207734877, 76.64923393814431",08/24/18,N/A,N/A,N/A,N/A,N/A,N/A,N/A,N/A,N/A,N/A,N/A,N/A,N/A,N/A,N/A,N/A,N/A,N/A,N/A,N/A,N/A,N/A,N/A,
Village Square Pt. 54,"39.35985114449614, 76.64880383597219",08/24/18,N/A,N/A,N/A,N/A,N/A,N/A,N/A,N/A,N/A,N/A,N/A,N/A,N/A,N/A,N/A,N/A,N/A,N/A,N/A,N/A,N/A,N/A,N/A,
Village Square Pt. 55,"39.35988795668524, 76.64840227854023",08/24/18,N/A,N/A,N/A,N/A,N/A,N/A,N/A,N/A,N/A,N/A,N/A,N/A,N/A,N/A,N/A,N/A,N/A,N/A,N/A,N/A,N/A,N/A,N/A,
Village Square Pt. 56,"39.35994484122714, 76.64797368586802",08/24/18,N/A,N/A,N/A,N/A,N/A,N/A,N/A,N/A,N/A,N/A,N/A,N/A,N/A,N/A,N/A,N/A,N/A,N/A,N/A,N/A,N/A,N/A,N/A,
Village Square Pt. 57,"39.36007843594543, 76.64971608851558",08/24/18,N/A,N/A,N/A,N/A,N/A,N/A,N/A,N/A,N/A,N/A,N/A,N/A,N/A,N/A,N/A,N/A,N/A,N/A,N/A,N/A,N/A,N/A,N/A,
Village Square Pt. 58,"39.36013093734552, 76.64926734564396",08/24/18,N/A,N/A,N/A,N/A,N/A,N/A,N/A,N/A,N/A,N/A,N/A,N/A,N/A,N/A,N/A,N/A,N/A,N/A,N/A,N/A,N/A,N/A,N/A,
Village Square Pt. 59,"39.3601856209607, 76.6488669481819",08/24/18,N/A,N/A,N/A,N/A,N/A,N/A,N/A,N/A,N/A,N/A,N/A,N/A,N/A,N/A,N/A,N/A,N/A,N/A,N/A,N/A,N/A,N/A,N/A,
Village Square Pt. 60,"39.36021765036869, 76.64850450669572",08/24/18,N/A,N/A,N/A,N/A,N/A,N/A,N/A,N/A,N/A,N/A,N/A,N/A,N/A,N/A,N/A,N/A,N/A,N/A,N/A,N/A,N/A,N/A,N/A,
Village Square Pt. 61,"39.36044744585355, 76.64932949354495",08/24/18,N/A,N/A,N/A,N/A,N/A,N/A,N/A,N/A,N/A,N/A,N/A,N/A,N/A,N/A,N/A,N/A,N/A,N/A,N/A,N/A,N/A,N/A,N/A,
Village Square Pt. 62,"39.36049222567119, 76.64891330056618",08/24/18,N/A,N/A,N/A,N/A,N/A,N/A,N/A,N/A,N/A,N/A,N/A,N/A,N/A,N/A,N/A,N/A,N/A,N/A,N/A,N/A,N/A,N/A,N/A,
Todd Ave. Pt. 1,"39.2510307492338, 76.53287735189636",09/21/18,106- 0944/ 106- 0945,30,0,70,140,no,yes,no,N/A,18.5 cm,N/A,N/A,10YR,N/A,N/A,3/2,N/A,N/A,Very dark grayish brown,N/A,N/A,Sandy clay,N/A,Right by stream and road
Todd Ave. Pt. 2,"39.24893295698, 76.53270757308108",11/16/18,107- 0993/ 107- 0994,10,0,90,12,no,yes,no,N/A,21.5 cm,N/A,N/A,10YR,N/A,N/A,3/2,N/A,N/A,Very dark grayish brown,N/A,N/A,Sandy clay loam,N/A,"A lot of litter present, point is right by a stream, soil is very saturated due to a significant amount of rainfall"
Todd Ave. Pt. 3,"39.2466955356419, 76.53252914372827",09/21/18,106- 0948/ 106- 0949,5,0,95,130,no,yes,no,N/A,13 cm,N/A,N/A,10YR,N/A,N/A,3/2,N/A,N/A,Very dark grayish brown,N/A,N/A,Sandy clay loam,N/A,^^
Todd Ave. Pt. 4,"39.2444045656567, 76.53236888355974",09/21/18,106- 0950/ 106- 0951,25,15,60,175,no,yes,no,N/A,12.5 cm,N/A,N/A,10YR,N/A,N/A,3/2,N/A,N/A,Very dark grayish brown,N/A,N/A,Silty clay,N/A,Poison ivy is EVERYWHERE! Right by stream and road
Todd Ave. Pt. 5,"39.2422377000604, 76.53220542319453",09/21/18,106- 0952/ 106- 0953,75,10,15,165,no,yes,yes,N/A,8 cm,7 cm,N/A,10YR,10YR,N/A,3/2,3/4,N/A,Very dark grayish brown,Dark yellowish brown,N/A,Silty clay,Silty clay loam,"Large amounts of litter, right near stream"
Todd Ave. Pt. 6,"39.2399718955203, 76.53201447615047",,,,,,,,,,,,,,,,,,,,,,,,,
Todd Ave. Pt. 7,"39.237708114966, 76.53185065629515",,,,,,,,,,,,,,,,,,,,,,,,,
Todd Ave. Pt. 8,"39.2354273100982, 76.5316733852961",,,,,,,,,,,,,,,,,,,,,,,,,
Todd Ave. Pt. 9,"39.233206965532, 76.53150836476019",,,,,,,,,,,,,,,,,,,,,,,,,
Todd Ave. Pt. 10,"39.230940913402, 76.53133612172512",,,,,,,,,,,,,,,,,,,,,,,,,
Todd Ave. Pt. 11,"39.2284827102682, 76.53114760881552",,,,,,,,,,,,,,,,,,,,,,,,,
Todd Ave. Pt. 12,"39.2262262959239, 76.530987822507",,,,,,,,,,,,,,,,,,,,,,,,,
Todd Ave. Pt. 13,"39.2250093659021, 76.5312549910562",,,,,,,,,,,,,,,,,,,,,,,,,
Todd Ave. Pt. 14,"39.2272683432628, 76.53143057725811",,,,,,,,,,,,,,,,,,,,,,,,,
Todd Ave. Pt. 15,"39.2295776761708, 76.5316055145658",,,,,,,,,,,,,,,,,,,,,,,,,
Todd Ave. Pt. 16,"39.2318368581417, 76.53177431972651",,,,,,,,,,,,,,,,,,,,,,,,,
Todd Ave. Pt. 17,"39.2342008733441, 76.53194288581229",,,,,,,,,,,,,,,,,,,,,,,,,
Todd Ave. Pt. 18,"39.2364717775533, 76.5321318856185",,,,,,,,,,,,,,,,,,,,,,,,,
Todd Ave. Pt. 19,"39.2386760124724, 76.53229561037257",,,,,,,,,,,,,,,,,,,,,,,,,
Todd Ave. Pt. 20,"39.2408385149627, 76.53246825102157",,,,,,,,,,,,,,,,,,,,,,,,,
Todd Ave. Pt. 21,"39.2430608910342, 76.53263262379331",09/21/18,106- 0956/ 106- 0957,5,95,0,100,no,yes,yes,N/A,7 cm,21 cm,N/A,10YR,10YR,N/A,3/2,4/3,N/A,Very dark grayish brown,Brown,N/A,Sandy loam,Sandy clay,Large amounts of litter left
Todd Ave. Pt. 22,"39.2453305965039, 76.53280958277881",09/21/18,106- 0958/ 106- 0959,85,15,0,150,no,yes,no,N/A,17 cm,N/A,N/A,10YR,N/A,N/A,2/2,N/A,N/A,Very dark brown,N/A,N/A,Sandy loam,N/A,Large amounts of litter left
Todd Ave. Pt. 23,"39.2476160353704, 76.53298717197069",,,,,,,,,,,,,,,,,,,,,,,,,
Todd Ave. Pt. 24,"39.2441641302834, 76.53309122435958",,,,,,,,,,,,,,,,,,,,,,,,,
Todd Ave. Pt. 25,"39.2419323650471, 76.53291359412437",,,,,,,,,,,,,,,,,,,,,,,,,
Todd Ave. Pt. 26,"39.239659649858, 76.53275688813235",,,,,,,,,,,,,,,,,,,,,,,,,
Todd Ave. Pt. 27,"39.2374140882144, 76.5325781126886",,,,,,,,,,,,,,,,,,,,,,,,,
Todd Ave. Pt. 28,"39.2351153319962, 76.53239943287484",,,,,,,,,,,,,,,,,,,,,,,,,
Todd Ave. Pt. 29,"39.2328377855606, 76.53222883152641",,,,,,,,,,,,,,,,,,,,,,,,,
Todd Ave. Pt. 30,"39.2306249903171, 76.53205919548995",,,,,,,,,,,,,,,,,,,,,,,,,
Todd Ave. Pt. 31,"39.228259648195, 76.53188390873318",,,,,,,,,,,,,,,,,,,,,,,,,
Todd Ave. Pt. 32,"39.2260542977686, 76.53170181807266",,,,,,,,,,,,,,,,,,,,,,,,,
Todd Ave. Pt. 33,"39.2237143052178, 76.53153911358777",,,,,,,,,,,,,,,,,,,,,,,,,
Todd Ave. Pt. 34,"39.2214718821197, 76.53135589759502",,,,,,,,,,,,,,,,,,,,,,,,,
Todd Ave. Pt. 35,"39.2201718211572, 76.53163211494237",,,,,,,,,,,,,,,,,,,,,,,,,
Todd Ave. Pt. 36,"39.2224747410783, 76.53181395482554",,,,,,,,,,,,,,,,,,,,,,,,,
Todd Ave. Pt. 37,"39.2246604003391, 76.53197741347734",,,,,,,,,,,,,,,,,,,,,,,,,
Todd Ave. Pt. 38,"39.2271508662381, 76.53216367759868",,,,,,,,,,,,,,,,,,,,,,,,,
Todd Ave. Pt. 39,"39.2293399534219, 76.53234100409753",,,,,,,,,,,,,,,,,,,,,,,,,
Todd Ave. Pt. 40,"39.2315365537851, 76.53250195830063",,,,,,,,,,,,,,,,,,,,,,,,,
Todd Ave. Pt. 41,"39.2338460844825, 76.53268347888839",,,,,,,,,,,,,,,,,,,,,,,,,
Todd Ave. Pt. 42,"39.236157437701, 76.53285097847902",,,,,,,,,,,,,,,,,,,,,,,,,
Todd Ave. Pt. 43,"39.2383961476555, 76.53302643368349",,,,,,,,,,,,,,,,,,,,,,,,,
Todd Ave. Pt. 44,"39.2405058873143, 76.53319115562962",10/5/18,106- 0960/ 109- 0961,40,50,10,0,no,yes,no,N/A,25.5 cm,N/A,N/A,10YR,N/A,N/A,2/2,N/A,N/A,Very dark brown,N/A,N/A,Sandy loam,N/A,"A lot of litter present, right by stream on a floodplain"
Todd Ave. Pt. 45,"39.2394208606152, 76.53346939684025",,,,,,,,,,,,,,,,,,,,,,,,,
Todd Ave. Pt. 46,"39.2371298654519, 76.53330587873589",,,,,,,,,,,,,,,,,,,,,,,,,
Todd Ave. Pt. 47,"39.2348597656599, 76.53313208789022",,,,,,,,,,,,,,,,,,,,,,,,,
Todd Ave. Pt. 48,"39.2326387301514, 76.53296424389798",,,,,,,,,,,,,,,,,,,,,,,,,
Todd Ave. Pt. 49,"39.2303310157715, 76.53278415182578",,,,,,,,,,,,,,,,,,,,,,,,,
Todd Ave. Pt. 50,"39.2281705636061, 76.53261561592795",,,,,,,,,,,,,,,,,,,,,,,,,
Todd Ave. Pt. 51,"39.2258609181119, 76.53244205326068",,,,,,,,,,,,,,,,,,,,,,,,,
Todd Ave. Pt. 52,"39.2234208162295, 76.5322602013657",,,,,,,,,,,,,,,,,,,,,,,,,
Todd Ave. Pt. 53,"39.2212229407688, 76.53208398129712",,,,,,,,,,,,,,,,,,,,,,,,,
Todd Ave. Pt. 54,"39.2189010356332, 76.5319047258848",,,,,,,,,,,,,,,,,,,,,,,,,
Todd Ave. Pt. 55,"39.2177294173054, 76.53219200310075",,,,,,,,,,,,,,,,,,,,,,,,,
Todd Ave. Pt. 56,"39.2199024804786, 76.53236346358266",,,,,,,,,,,,,,,,,,,,,,,,,
Todd Ave. Pt. 57,"39.222180220442, 76.53253612411024",,,,,,,,,,,,,,,,,,,,,,,,,
Todd Ave. Pt. 58,"39.2245649240128, 76.53271504744484",,,,,,,,,,,,,,,,,,,,,,,,,
Todd Ave. Pt. 59,"39.2268243748577, 76.53288559700086",,,,,,,,,,,,,,,,,,,,,,,,,
Todd Ave. Pt. 60,"39.2291461143083, 76.53304937284293",,,,,,,,,,,,,,,,,,,,,,,,,
Todd Ave. Pt. 61,"39.2313954659762, 76.53323614865127",,,,,,,,,,,,,,,,,,,,,,,,,
Todd Ave. Pt. 62,"39.2336410705317, 76.53340954331259",,,,,,,,,,,,,,,,,,,,,,,,,
Todd Ave. Pt. 63,"39.2358839362836, 76.5335767698992",,,,,,,,,,,,,,,,,,,,,,,,,
Todd Ave. Pt. 64,"39.2323333333333, 76.53367837424898",,,,,,,,,,,,,,,,,,,,,,,,,
Todd Ave. Pt. 65,"39.2301013523954, 76.53351119249081",,,,,,,,,,,,,,,,,,,,,,,,,
Todd Ave. Pt. 66,"39.2278579516333, 76.53333976378694",,,,,,,,,,,,,,,,,,,,,,,,,
Todd Ave. Pt. 67,"39.2256208490674, 76.53317195072908",,,,,,,,,,,,,,,,,,,,,,,,,
Todd Ave. Pt. 68,"39.223392049227, 76.53299939558161",,,,,,,,,,,,,,,,,,,,,,,,,
Todd Ave. Pt. 69,"39.2209782039283, 76.53281651174667",,,,,,,,,,,,,,,,,,,,,,,,,
Todd Ave. Pt. 70,"39.2187206488246, 76.53264109265852",,,,,,,,,,,,,,,,,,,,,,,,,
Todd Ave. Pt. 71,"39.2164282732656, 76.53246302253109",,,,,,,,,,,,,,,,,,,,,,,,,
Todd Ave. Pt. 72,"39.2151890091023, 76.5327416470947",,,,,,,,,,,,,,,,,,,,,,,,,
Todd Ave. Pt. 73,"39.2174307870838, 76.53290628414725",,,,,,,,,,,,,,,,,,,,,,,,,
Todd Ave. Pt. 74,"39.2197144845284, 76.53307885692649",,,,,,,,,,,,,,,,,,,,,,,,,
Todd Ave. Pt. 75,"39.222099259761, 76.53327272650559",,,,,,,,,,,,,,,,,,,,,,,,,
Todd Ave. Pt. 76,"39.2243267979033, 76.53343725305939",,,,,,,,,,,,,,,,,,,,,,,,,
Todd Ave. Pt. 77,"39.2266773559304, 76.53362045738163",,,,,,,,,,,,,,,,,,,,,,,,,
Todd Ave. Pt. 78,"39.2288641243648, 76.53379018366708",,,,,,,,,,,,,,,,,,,,,,,,,
Todd Ave. Pt. 79,"39.231125321708, 76.53396506668345",,,,,,,,,,,,,,,,,,,,,,,,,
Todd Ave. Pt. 80,"39.233354481794, 76.53412881651838",,,,,,,,,,,,,,,,,,,,,,,,,
Todd Ave. Pt. 81,"39.2355600190515, 76.53430341450878",,,,,,,,,,,,,,,,,,,,,,,,,
Todd Ave. Pt. 82,"39.2366407331035, 76.53474386499201",,,,,,,,,,,,,,,,,,,,,,,,,
Todd Ave. Pt. 83,"39.2343210385165, 76.53457532227259",,,,,,,,,,,,,,,,,,,,,,,,,
Todd Ave. Pt. 84,"39.2320696694363, 76.53440559270732",,,,,,,,,,,,,,,,,,,,,,,,,
Todd Ave. Pt. 85,"39.2298788675801, 76.53422598772592",,,,,,,,,,,,,,,,,,,,,,,,,
Todd Ave. Pt. 86,"39.2276152406488, 76.53405517399021",,,,,,,,,,,,,,,,,,,,,,,,,
Todd Ave. Pt. 87,"39.2253598441469, 76.53388203410813",,,,,,,,,,,,,,,,,,,,,,,,,
Todd Ave. Pt. 88,"39.223108620358, 76.53370668890132",,,,,,,,,,,,,,,,,,,,,,,,,
Todd Ave. Pt. 89,"39.2208971846153, 76.53354220759771",,,,,,,,,,,,,,,,,,,,,,,,,
Todd Ave. Pt. 90,"39.2184333553042, 76.53336135242155",,,,,,,,,,,,,,,,,,,,,,,,,
Todd Ave. Pt. 91,"39.2161945809436, 76.53318725855614",,,,,,,,,,,,,,,,,,,,,,,,,
Todd Ave. Pt. 92,"39.2139591326646, 76.53301731696112",,,,,,,,,,,,,,,,,,,,,,,,,
Todd Ave. Pt. 93,"39.2116760712267, 76.53284157888575",,,,,,,,,,,,,,,,,,,,,,,,,
Todd Ave. Pt. 94,"39.210439506067, 76.53312151735496",,,,,,,,,,,,,,,,,,,,,,,,,
Todd Ave. Pt. 95,"39.2126625944562, 76.53328502227956",,,,,,,,,,,,,,,,,,,,,,,,,
Todd Ave. Pt. 96,"39.2149245627282, 76.53345786850628",,,,,,,,,,,,,,,,,,,,,,,,,
Todd Ave. Pt. 97,"39.2172094714507, 76.53363255998512",,,,,,,,,,,,,,,,,,,,,,,,,
Todd Ave. Pt. 98,"39.219586829869, 76.53381767466652",,,,,,,,,,,,,,,,,,,,,,,,,
Todd Ave. Pt. 99,"39.2218415993108, 76.53398602470034",,,,,,,,,,,,,,,,,,,,,,,,,
Todd Ave. Pt. 100,"39.2241120019678, 76.53416029241637",,,,,,,,,,,,,,,,,,,,,,,,,
Todd Ave. Pt. 101,"39.2263143369417, 76.53433622402723",,,,,,,,,,,,,,,,,,,,,,,,,
Todd Ave. Pt. 102,"39.228531981112, 76.53450882159385",,,,,,,,,,,,,,,,,,,,,,,,,
Todd Ave. Pt. 103,"39.2308449576039, 76.53467917272933",,,,,,,,,,,,,,,,,,,,,,,,,
Todd Ave. Pt. 104,"39.2330725288317, 76.53486116622788",,,,,,,,,,,,,,,,,,,,,,,,,
Todd Ave. Pt. 105,"39.2352756889694, 76.53502846258176",,,,,,,,,,,,,,,,,,,,,,,,,
Todd Ave. Pt. 106,"39.2340136404311, 76.5352973745909",,,,,,,,,,,,,,,,,,,,,,,,,
Todd Ave. Pt. 107,"39.231825603868, 76.53513755342445",,,,,,,,,,,,,,,,,,,,,,,,,
Todd Ave. Pt. 108,"39.2295531402791, 76.53496447384157",,,,,,,,,,,,,,,,,,,,,,,,,
Todd Ave. Pt. 109,"39.2273204679335, 76.53477871177873",,,,,,,,,,,,,,,,,,,,,,,,,
Todd Ave. Pt. 110,"39.2250701845658, 76.53461071804456",,,,,,,,,,,,,,,,,,,,,,,,,
Todd Ave. Pt. 111,"39.2228540616045, 76.53445112513769",,,,,,,,,,,,,,,,,,,,,,,,,
Todd Ave. Pt. 112,"39.2205842014219, 76.53426807127178",,,,,,,,,,,,,,,,,,,,,,,,,
Todd Ave. Pt. 113,"39.2182892447338, 76.53408272093411",,,,,,,,,,,,,,,,,,,,,,,,,
Todd Ave. Pt. 114,"39.2158916678089, 76.53391026370467",,,,,,,,,,,,,,,,,,,,,,,,,
Todd Ave. Pt. 115,"39.2136506049265, 76.53374160822283",,,,,,,,,,,,,,,,,,,,,,,,,
Todd Ave. Pt. 116,"39.2114698129267, 76.53356392866478",,,,,,,,,,,,,,,,,,,,,,,,,
Todd Ave. Pt. 117,"39.2091395364594, 76.53339932954938",,,,,,,,,,,,,,,,,,,,,,,,,
Todd Ave. Pt. 118,"39.2078647380242, 76.53368032455431",,,,,,,,,,,,,,,,,,,,,,,,,
Todd Ave. Pt. 119,"39.2100957369624, 76.53384833456592",,,,,,,,,,,,,,,,,,,,,,,,,
Todd Ave. Pt. 120,"39.2123525655338, 76.5340232894382",,,,,,,,,,,,,,,,,,,,,,,,,
Todd Ave. Pt. 121,"39.2146026051125, 76.53419407559007",,,,,,,,,,,,,,,,,,,,,,,,,
Todd Ave. Pt. 122,"39.2169602979096, 76.53437931059135",,,,,,,,,,,,,,,,,,,,,,,,,
Todd Ave. Pt. 123,"39.2192470140555, 76.53455395169651",,,,,,,,,,,,,,,,,,,,,,,,,
Todd Ave. Pt. 124,"39.2214573547347, 76.53472591100183",,,,,,,,,,,,,,,,,,,,,,,,,
Todd Ave. Pt. 125,"39.2237164407234, 76.5348996379348",,,,,,,,,,,,,,,,,,,,,,,,,
Todd Ave. Pt. 126,"39.2259588717022, 76.53507248575609",,,,,,,,,,,,,,,,,,,,,,,,,
Todd Ave. Pt. 127,"39.2283860401549, 76.53523832191642",10/26/18,107- 0991/ 107- 0992,62,36,2,205,yes,yes,yes,17 cm,8 cm,4 cm,10YR,10YR,10YR,4/2,4/3,5/8,Dark grayish brown,Brown,Yellowish brown,Silty clay loam,Sandy clay,Clay,"Under power line, in open area"
Todd Ave. Pt. 128,"39.2305004367911, 76.53540864346314",,,,,,,,,,,,,,,,,,,,,,,,,
Todd Ave. Pt. 129,"39.2327953403487, 76.53558258067552",,,,,,,,,,,,,,,,,,,,,,,,,
Todd Ave. Pt. 130,"39.229253074259, 76.53568549840416",,,,,,,,,,,,,,,,,,,,,,,,,
Todd Ave. Pt. 131,"39.2270649444504, 76.53552580257501",,,,,,,,,,,,,,,,,,,,,,,,,
Todd Ave. Pt. 132,"39.2247802051078, 76.53534585986111",,,,,,,,,,,,,,,,,,,,,,,,,
Todd Ave. Pt. 133,"39.2225654206918, 76.5351693217915",,,,,,,,,,,,,,,,,,,,,,,,,
Todd Ave. Pt. 134,"39.2202093271081, 76.53500619927259",,,,,,,,,,,,,,,,,,,,,,,,,
Todd Ave. Pt. 135,"39.2180591140759, 76.5348306478474",,,,,,,,,,,,,,,,,,,,,,,,,
Todd Ave. Pt. 136,"39.2156664088768, 76.53464888013681",,,,,,,,,,,,,,,,,,,,,,,,,
Todd Ave. Pt. 137,"39.2134770748319, 76.53446606197521",,,,,,,,,,,,,,,,,,,,,,,,,
Todd Ave. Pt. 138,"39.2112235458452, 76.53429669202509",,,,,,,,,,,,,,,,,,,,,,,,,
Todd Ave. Pt. 139,"39.2089481252762, 76.53412624905678",,,,,,,,,,,,,,,,,,,,,,,,,
Todd Ave. Pt. 140,"39.2068283872218, 76.53394551868236",,,,,,,,,,,,,,,,,,,,,,,,,
Todd Ave. Pt. 141,"39.2055483580923, 76.53423248962328",,,,,,,,,,,,,,,,,,,,,,,,,
Todd Ave. Pt. 142,"39.207672811774, 76.53439101915616",,,,,,,,,,,,,,,,,,,,,,,,,
Todd Ave. Pt. 143,"39.2100064949241, 76.53457381750344",,,,,,,,,,,,,,,,,,,,,,,,,
Todd Ave. Pt. 144,"39.2123733447829, 76.53475107973698",,,,,,,,,,,,,,,,,,,,,,,,,
Todd Ave. Pt. 145,"39.2145397607495, 76.53492590822323",,,,,,,,,,,,,,,,,,,,,,,,,
Todd Ave. Pt. 146,"39.2191011203109, 76.53527170585737",,,,,,,,,,,,,,,,,,,,,,,,,
Todd Ave. Pt. 147,"39.2168905216582, 76.53510949072525",,,,,,,,,,,,,,,,,,,,,,,,,
Todd Ave. Pt. 148,"39.2155753041067, 76.53537349705485",,,,,,,,,,,,,,,,,,,,,,,,,
Todd Ave. Pt. 149,"39.2133377221343, 76.53521176215843",,,,,,,,,,,,,,,,,,,,,,,,,
Todd Ave. Pt. 150,"39.2110341431422, 76.53502667486613",,,,,,,,,,,,,,,,,,,,,,,,,
Todd Ave. Pt. 151,"39.2086659279111, 76.53484817270055",,,,,,,,,,,,,,,,,,,,,,,,,
Todd Ave. Pt. 152,"39.2064809390238, 76.53468284111942",,,,,,,,,,,,,,,,,,,,,,,,,
Todd Ave. Pt. 153,"39.204204576405, 76.53450153586887",,,,,,,,,,,,,,,,,,,,,,,,,
Todd Ave. Pt. 154,"39.2019388904256, 76.53433915446439",,,,,,,,,,,,,,,,,,,,,,,,,
Todd Ave. Pt. 155,"39.2007057880431, 76.53461113714924",,,,,,,,,,,,,,,,,,,,,,,,,
Todd Ave. Pt. 156,"39.2028869545017, 76.53478915640861",,,,,,,,,,,,,,,,,,,,,,,,,
Todd Ave. Pt. 157,"39.2051718417213, 76.5349554384848",,,,,,,,,,,,,,,,,,,,,,,,,
Todd Ave. Pt. 158,"39.207513423651, 76.53512692381821",,,,,,,,,,,,,,,,,,,,,,,,,
Todd Ave. Pt. 159,"39.2097300814946, 76.53530051102253",,,,,,,,,,,,,,,,,,,,,,,,,
Todd Ave. Pt. 160,"39.2061328810427, 76.53539851364609",,,,,,,,,,,,,,,,,,,,,,,,,
Todd Ave. Pt. 161,"39.2039143633526, 76.53523502814403",,,,,,,,,,,,,,,,,,,,,,,,,
Todd Ave. Pt. 162,"39.2016742914964, 76.53506116486987",,,,,,,,,,,,,,,,,,,,,,,,,
Todd Ave. Pt. 163,"39.1994738124593, 76.5348901405139",,,,,,,,,,,,,,,,,,,,,,,,,
Todd Ave. Pt. 164,"39.1971374789099, 76.5347140442483",,,,,,,,,,,,,,,,,,,,,,,,,
Todd Ave. Pt. 165,"39.1937218583052, 76.53479252639248",,,,,,,,,,,,,,,,,,,,,,,,,
Todd Ave. Pt. 166,"39.1959939716109, 76.53497161844157",,,,,,,,,,,,,,,,,,,,,,,,,
Todd Ave. Pt. 167,"39.1981706137995, 76.53514995303665",,,,,,,,,,,,,,,,,,,,,,,,,
Todd Ave. Pt. 168,"39.2004633088173, 76.53531280475509",,,,,,,,,,,,,,,,,,,,,,,,,
Todd Ave. Pt. 169,"39.2027591974253, 76.53548760749918",,,,,,,,,,,,,,,,,,,,,,,,,
Todd Ave. Pt. 170,"39.2049727921803, 76.53567198564114",,,,,,,,,,,,,,,,,,,,,,,,,
